Created elasticsearch keystore in /usr/share/elasticsearch/config/elasticsearch.keystore
{"type": "server", "timestamp": "2025-06-22T05:37:03,234Z", "level": "INFO", "component": "o.e.n.Node", "cluster.name": "docker-cluster", "node.name": "da38f2874e84", "message": "version[7.17.10], pid[6], build[default/docker/fecd68e3150eda0c307ab9a9d7557f5d5fd71349/2023-04-23T05:33:18.138275597Z], OS[Linux/6.1.0-37-amd64/amd64], JVM[Oracle Corporation/OpenJDK 64-Bit Server VM/20.0.1/20.0.1+9-29]" }
{"type": "server", "timestamp": "2025-06-22T05:37:03,246Z", "level": "INFO", "component": "o.e.n.Node", "cluster.name": "docker-cluster", "node.name": "da38f2874e84", "message": "JVM home [/usr/share/elasticsearch/jdk], using bundled JDK [true]" }
{"type": "server", "timestamp": "2025-06-22T05:37:03,246Z", "level": "INFO", "component": "o.e.n.Node", "cluster.name": "docker-cluster", "node.name": "da38f2874e84", "message": "JVM arguments [-Xshare:auto, -Des.networkaddress.cache.ttl=60, -Des.networkaddress.cache.negative.ttl=10, -XX:+AlwaysPreTouch, -Xss1m, -Djava.awt.headless=true, -Dfile.encoding=UTF-8, -Djna.nosys=true, -XX:-OmitStackTraceInFastThrow, -XX:+ShowCodeDetailsInExceptionMessages, -Dio.netty.noUnsafe=true, -Dio.netty.noKeySetOptimization=true, -Dio.netty.recycler.maxCapacityPerThread=0, -Dio.netty.allocator.numDirectArenas=0, -Dlog4j.shutdownHookEnabled=false, -Dlog4j2.disable.jmx=true, -Dlog4j2.formatMsgNoLookups=true, -Djava.locale.providers=SPI,COMPAT, --add-opens=java.base/java.io=ALL-UNNAMED, -Djava.security.manager=allow, -XX:+UseG1GC, -Djava.io.tmpdir=/tmp/elasticsearch-8715582982859039469, -XX:+HeapDumpOnOutOfMemoryError, -XX:+ExitOnOutOfMemoryError, -XX:HeapDumpPath=data, -XX:ErrorFile=logs/hs_err_pid%p.log, -Xlog:gc*,gc+age=trace,safepoint:file=logs/gc.log:utctime,pid,tags:filecount=32,filesize=64m, -Des.cgroups.hierarchy.override=/, -Xms512m, -Xmx512m, -XX:MaxDirectMemorySize=268435456, -XX:G1HeapRegionSize=4m, -XX:InitiatingHeapOccupancyPercent=30, -XX:G1ReservePercent=15, -Des.path.home=/usr/share/elasticsearch, -Des.path.conf=/usr/share/elasticsearch/config, -Des.distribution.flavor=default, -Des.distribution.type=docker, -Des.bundled_jdk=true]" }
{"type": "server", "timestamp": "2025-06-22T05:37:11,194Z", "level": "INFO", "component": "o.e.p.PluginsService", "cluster.name": "docker-cluster", "node.name": "da38f2874e84", "message": "loaded module [aggs-matrix-stats]" }
{"type": "server", "timestamp": "2025-06-22T05:37:11,195Z", "level": "INFO", "component": "o.e.p.PluginsService", "cluster.name": "docker-cluster", "node.name": "da38f2874e84", "message": "loaded module [analysis-common]" }
{"type": "server", "timestamp": "2025-06-22T05:37:11,197Z", "level": "INFO", "component": "o.e.p.PluginsService", "cluster.name": "docker-cluster", "node.name": "da38f2874e84", "message": "loaded module [constant-keyword]" }
{"type": "server", "timestamp": "2025-06-22T05:37:11,205Z", "level": "INFO", "component": "o.e.p.PluginsService", "cluster.name": "docker-cluster", "node.name": "da38f2874e84", "message": "loaded module [frozen-indices]" }
{"type": "server", "timestamp": "2025-06-22T05:37:11,206Z", "level": "INFO", "component": "o.e.p.PluginsService", "cluster.name": "docker-cluster", "node.name": "da38f2874e84", "message": "loaded module [ingest-common]" }
{"type": "server", "timestamp": "2025-06-22T05:37:11,214Z", "level": "INFO", "component": "o.e.p.PluginsService", "cluster.name": "docker-cluster", "node.name": "da38f2874e84", "message": "loaded module [ingest-geoip]" }
{"type": "server", "timestamp": "2025-06-22T05:37:11,216Z", "level": "INFO", "component": "o.e.p.PluginsService", "cluster.name": "docker-cluster", "node.name": "da38f2874e84", "message": "loaded module [ingest-user-agent]" }
{"type": "server", "timestamp": "2025-06-22T05:37:11,218Z", "level": "INFO", "component": "o.e.p.PluginsService", "cluster.name": "docker-cluster", "node.name": "da38f2874e84", "message": "loaded module [kibana]" }
{"type": "server", "timestamp": "2025-06-22T05:37:11,219Z", "level": "INFO", "component": "o.e.p.PluginsService", "cluster.name": "docker-cluster", "node.name": "da38f2874e84", "message": "loaded module [lang-expression]" }
{"type": "server", "timestamp": "2025-06-22T05:37:11,223Z", "level": "INFO", "component": "o.e.p.PluginsService", "cluster.name": "docker-cluster", "node.name": "da38f2874e84", "message": "loaded module [lang-mustache]" }
{"type": "server", "timestamp": "2025-06-22T05:37:11,225Z", "level": "INFO", "component": "o.e.p.PluginsService", "cluster.name": "docker-cluster", "node.name": "da38f2874e84", "message": "loaded module [lang-painless]" }
{"type": "server", "timestamp": "2025-06-22T05:37:11,230Z", "level": "INFO", "component": "o.e.p.PluginsService", "cluster.name": "docker-cluster", "node.name": "da38f2874e84", "message": "loaded module [legacy-geo]" }
{"type": "server", "timestamp": "2025-06-22T05:37:11,231Z", "level": "INFO", "component": "o.e.p.PluginsService", "cluster.name": "docker-cluster", "node.name": "da38f2874e84", "message": "loaded module [mapper-extras]" }
{"type": "server", "timestamp": "2025-06-22T05:37:11,235Z", "level": "INFO", "component": "o.e.p.PluginsService", "cluster.name": "docker-cluster", "node.name": "da38f2874e84", "message": "loaded module [mapper-version]" }
{"type": "server", "timestamp": "2025-06-22T05:37:11,236Z", "level": "INFO", "component": "o.e.p.PluginsService", "cluster.name": "docker-cluster", "node.name": "da38f2874e84", "message": "loaded module [parent-join]" }
{"type": "server", "timestamp": "2025-06-22T05:37:11,240Z", "level": "INFO", "component": "o.e.p.PluginsService", "cluster.name": "docker-cluster", "node.name": "da38f2874e84", "message": "loaded module [percolator]" }
{"type": "server", "timestamp": "2025-06-22T05:37:11,244Z", "level": "INFO", "component": "o.e.p.PluginsService", "cluster.name": "docker-cluster", "node.name": "da38f2874e84", "message": "loaded module [rank-eval]" }
{"type": "server", "timestamp": "2025-06-22T05:37:11,247Z", "level": "INFO", "component": "o.e.p.PluginsService", "cluster.name": "docker-cluster", "node.name": "da38f2874e84", "message": "loaded module [reindex]" }
{"type": "server", "timestamp": "2025-06-22T05:37:11,252Z", "level": "INFO", "component": "o.e.p.PluginsService", "cluster.name": "docker-cluster", "node.name": "da38f2874e84", "message": "loaded module [repositories-metering-api]" }
{"type": "server", "timestamp": "2025-06-22T05:37:11,254Z", "level": "INFO", "component": "o.e.p.PluginsService", "cluster.name": "docker-cluster", "node.name": "da38f2874e84", "message": "loaded module [repository-encrypted]" }
{"type": "server", "timestamp": "2025-06-22T05:37:11,257Z", "level": "INFO", "component": "o.e.p.PluginsService", "cluster.name": "docker-cluster", "node.name": "da38f2874e84", "message": "loaded module [repository-url]" }
{"type": "server", "timestamp": "2025-06-22T05:37:11,259Z", "level": "INFO", "component": "o.e.p.PluginsService", "cluster.name": "docker-cluster", "node.name": "da38f2874e84", "message": "loaded module [runtime-fields-common]" }
{"type": "server", "timestamp": "2025-06-22T05:37:11,264Z", "level": "INFO", "component": "o.e.p.PluginsService", "cluster.name": "docker-cluster", "node.name": "da38f2874e84", "message": "loaded module [search-business-rules]" }
{"type": "server", "timestamp": "2025-06-22T05:37:11,267Z", "level": "INFO", "component": "o.e.p.PluginsService", "cluster.name": "docker-cluster", "node.name": "da38f2874e84", "message": "loaded module [searchable-snapshots]" }
{"type": "server", "timestamp": "2025-06-22T05:37:11,274Z", "level": "INFO", "component": "o.e.p.PluginsService", "cluster.name": "docker-cluster", "node.name": "da38f2874e84", "message": "loaded module [snapshot-repo-test-kit]" }
{"type": "server", "timestamp": "2025-06-22T05:37:11,274Z", "level": "INFO", "component": "o.e.p.PluginsService", "cluster.name": "docker-cluster", "node.name": "da38f2874e84", "message": "loaded module [spatial]" }
{"type": "server", "timestamp": "2025-06-22T05:37:11,276Z", "level": "INFO", "component": "o.e.p.PluginsService", "cluster.name": "docker-cluster", "node.name": "da38f2874e84", "message": "loaded module [transform]" }
{"type": "server", "timestamp": "2025-06-22T05:37:11,276Z", "level": "INFO", "component": "o.e.p.PluginsService", "cluster.name": "docker-cluster", "node.name": "da38f2874e84", "message": "loaded module [transport-netty4]" }
{"type": "server", "timestamp": "2025-06-22T05:37:11,279Z", "level": "INFO", "component": "o.e.p.PluginsService", "cluster.name": "docker-cluster", "node.name": "da38f2874e84", "message": "loaded module [unsigned-long]" }
{"type": "server", "timestamp": "2025-06-22T05:37:11,288Z", "level": "INFO", "component": "o.e.p.PluginsService", "cluster.name": "docker-cluster", "node.name": "da38f2874e84", "message": "loaded module [vector-tile]" }
{"type": "server", "timestamp": "2025-06-22T05:37:11,290Z", "level": "INFO", "component": "o.e.p.PluginsService", "cluster.name": "docker-cluster", "node.name": "da38f2874e84", "message": "loaded module [vectors]" }
{"type": "server", "timestamp": "2025-06-22T05:37:11,291Z", "level": "INFO", "component": "o.e.p.PluginsService", "cluster.name": "docker-cluster", "node.name": "da38f2874e84", "message": "loaded module [wildcard]" }
{"type": "server", "timestamp": "2025-06-22T05:37:11,296Z", "level": "INFO", "component": "o.e.p.PluginsService", "cluster.name": "docker-cluster", "node.name": "da38f2874e84", "message": "loaded module [x-pack-aggregate-metric]" }
{"type": "server", "timestamp": "2025-06-22T05:37:11,319Z", "level": "INFO", "component": "o.e.p.PluginsService", "cluster.name": "docker-cluster", "node.name": "da38f2874e84", "message": "loaded module [x-pack-analytics]" }
{"type": "server", "timestamp": "2025-06-22T05:37:11,340Z", "level": "INFO", "component": "o.e.p.PluginsService", "cluster.name": "docker-cluster", "node.name": "da38f2874e84", "message": "loaded module [x-pack-async]" }
{"type": "server", "timestamp": "2025-06-22T05:37:11,359Z", "level": "INFO", "component": "o.e.p.PluginsService", "cluster.name": "docker-cluster", "node.name": "da38f2874e84", "message": "loaded module [x-pack-async-search]" }
{"type": "server", "timestamp": "2025-06-22T05:37:11,360Z", "level": "INFO", "component": "o.e.p.PluginsService", "cluster.name": "docker-cluster", "node.name": "da38f2874e84", "message": "loaded module [x-pack-autoscaling]" }
{"type": "server", "timestamp": "2025-06-22T05:37:11,360Z", "level": "INFO", "component": "o.e.p.PluginsService", "cluster.name": "docker-cluster", "node.name": "da38f2874e84", "message": "loaded module [x-pack-ccr]" }
{"type": "server", "timestamp": "2025-06-22T05:37:11,361Z", "level": "INFO", "component": "o.e.p.PluginsService", "cluster.name": "docker-cluster", "node.name": "da38f2874e84", "message": "loaded module [x-pack-core]" }
{"type": "server", "timestamp": "2025-06-22T05:37:11,361Z", "level": "INFO", "component": "o.e.p.PluginsService", "cluster.name": "docker-cluster", "node.name": "da38f2874e84", "message": "loaded module [x-pack-data-streams]" }
{"type": "server", "timestamp": "2025-06-22T05:37:11,361Z", "level": "INFO", "component": "o.e.p.PluginsService", "cluster.name": "docker-cluster", "node.name": "da38f2874e84", "message": "loaded module [x-pack-deprecation]" }
{"type": "server", "timestamp": "2025-06-22T05:37:11,362Z", "level": "INFO", "component": "o.e.p.PluginsService", "cluster.name": "docker-cluster", "node.name": "da38f2874e84", "message": "loaded module [x-pack-enrich]" }
{"type": "server", "timestamp": "2025-06-22T05:37:11,362Z", "level": "INFO", "component": "o.e.p.PluginsService", "cluster.name": "docker-cluster", "node.name": "da38f2874e84", "message": "loaded module [x-pack-eql]" }
{"type": "server", "timestamp": "2025-06-22T05:37:11,362Z", "level": "INFO", "component": "o.e.p.PluginsService", "cluster.name": "docker-cluster", "node.name": "da38f2874e84", "message": "loaded module [x-pack-fleet]" }
{"type": "server", "timestamp": "2025-06-22T05:37:11,363Z", "level": "INFO", "component": "o.e.p.PluginsService", "cluster.name": "docker-cluster", "node.name": "da38f2874e84", "message": "loaded module [x-pack-graph]" }
{"type": "server", "timestamp": "2025-06-22T05:37:11,363Z", "level": "INFO", "component": "o.e.p.PluginsService", "cluster.name": "docker-cluster", "node.name": "da38f2874e84", "message": "loaded module [x-pack-identity-provider]" }
{"type": "server", "timestamp": "2025-06-22T05:37:11,365Z", "level": "INFO", "component": "o.e.p.PluginsService", "cluster.name": "docker-cluster", "node.name": "da38f2874e84", "message": "loaded module [x-pack-ilm]" }
{"type": "server", "timestamp": "2025-06-22T05:37:11,365Z", "level": "INFO", "component": "o.e.p.PluginsService", "cluster.name": "docker-cluster", "node.name": "da38f2874e84", "message": "loaded module [x-pack-logstash]" }
{"type": "server", "timestamp": "2025-06-22T05:37:11,365Z", "level": "INFO", "component": "o.e.p.PluginsService", "cluster.name": "docker-cluster", "node.name": "da38f2874e84", "message": "loaded module [x-pack-ml]" }
{"type": "server", "timestamp": "2025-06-22T05:37:11,366Z", "level": "INFO", "component": "o.e.p.PluginsService", "cluster.name": "docker-cluster", "node.name": "da38f2874e84", "message": "loaded module [x-pack-monitoring]" }
{"type": "server", "timestamp": "2025-06-22T05:37:11,367Z", "level": "INFO", "component": "o.e.p.PluginsService", "cluster.name": "docker-cluster", "node.name": "da38f2874e84", "message": "loaded module [x-pack-ql]" }
{"type": "server", "timestamp": "2025-06-22T05:37:11,368Z", "level": "INFO", "component": "o.e.p.PluginsService", "cluster.name": "docker-cluster", "node.name": "da38f2874e84", "message": "loaded module [x-pack-rollup]" }
{"type": "server", "timestamp": "2025-06-22T05:37:11,368Z", "level": "INFO", "component": "o.e.p.PluginsService", "cluster.name": "docker-cluster", "node.name": "da38f2874e84", "message": "loaded module [x-pack-security]" }
{"type": "server", "timestamp": "2025-06-22T05:37:11,369Z", "level": "INFO", "component": "o.e.p.PluginsService", "cluster.name": "docker-cluster", "node.name": "da38f2874e84", "message": "loaded module [x-pack-shutdown]" }
{"type": "server", "timestamp": "2025-06-22T05:37:11,369Z", "level": "INFO", "component": "o.e.p.PluginsService", "cluster.name": "docker-cluster", "node.name": "da38f2874e84", "message": "loaded module [x-pack-sql]" }
{"type": "server", "timestamp": "2025-06-22T05:37:11,370Z", "level": "INFO", "component": "o.e.p.PluginsService", "cluster.name": "docker-cluster", "node.name": "da38f2874e84", "message": "loaded module [x-pack-stack]" }
{"type": "server", "timestamp": "2025-06-22T05:37:11,372Z", "level": "INFO", "component": "o.e.p.PluginsService", "cluster.name": "docker-cluster", "node.name": "da38f2874e84", "message": "loaded module [x-pack-text-structure]" }
{"type": "server", "timestamp": "2025-06-22T05:37:11,373Z", "level": "INFO", "component": "o.e.p.PluginsService", "cluster.name": "docker-cluster", "node.name": "da38f2874e84", "message": "loaded module [x-pack-voting-only-node]" }
{"type": "server", "timestamp": "2025-06-22T05:37:11,373Z", "level": "INFO", "component": "o.e.p.PluginsService", "cluster.name": "docker-cluster", "node.name": "da38f2874e84", "message": "loaded module [x-pack-watcher]" }
{"type": "server", "timestamp": "2025-06-22T05:37:11,376Z", "level": "INFO", "component": "o.e.p.PluginsService", "cluster.name": "docker-cluster", "node.name": "da38f2874e84", "message": "no plugins loaded" }
{"type": "server", "timestamp": "2025-06-22T05:37:11,580Z", "level": "INFO", "component": "o.e.e.NodeEnvironment", "cluster.name": "docker-cluster", "node.name": "da38f2874e84", "message": "using [1] data paths, mounts [[/usr/share/elasticsearch/data (/dev/sda1)]], net usable_space [4.6gb], net total_space [38.1gb], types [ext4]" }
{"type": "server", "timestamp": "2025-06-22T05:37:11,581Z", "level": "INFO", "component": "o.e.e.NodeEnvironment", "cluster.name": "docker-cluster", "node.name": "da38f2874e84", "message": "heap size [512mb], compressed ordinary object pointers [true]" }
{"type": "server", "timestamp": "2025-06-22T05:37:12,337Z", "level": "INFO", "component": "o.e.n.Node", "cluster.name": "docker-cluster", "node.name": "da38f2874e84", "message": "node name [da38f2874e84], node ID [rY5VrnGrTy6qVpywgTf0Ug], cluster name [docker-cluster], roles [transform, data_frozen, master, remote_cluster_client, data, data_content, data_hot, data_warm, data_cold, ingest]" }
{"type": "deprecation.elasticsearch", "timestamp": "2025-06-22T05:37:21,883Z", "level": "CRITICAL", "component": "o.e.d.c.s.Settings", "cluster.name": "docker-cluster", "node.name": "da38f2874e84", "message": "[xpack.monitoring.enabled] setting was deprecated in Elasticsearch and will be removed in a future release! See the breaking changes documentation for the next major version.", "key": "xpack.monitoring.enabled", "category": "settings" }
{"type": "server", "timestamp": "2025-06-22T05:37:32,246Z", "level": "INFO", "component": "o.e.x.s.a.Realms", "cluster.name": "docker-cluster", "node.name": "da38f2874e84", "message": "license mode is [trial], currently licensed security realms are [reserved/reserved,file/default_file,native/default_native]" }
{"type": "server", "timestamp": "2025-06-22T05:37:32,266Z", "level": "INFO", "component": "o.e.x.s.a.s.FileRolesStore", "cluster.name": "docker-cluster", "node.name": "da38f2874e84", "message": "parsed [0] roles from file [/usr/share/elasticsearch/config/roles.yml]" }
{"type": "server", "timestamp": "2025-06-22T05:37:33,771Z", "level": "INFO", "component": "o.e.i.g.ConfigDatabases", "cluster.name": "docker-cluster", "node.name": "da38f2874e84", "message": "initialized default databases [[GeoLite2-Country.mmdb, GeoLite2-City.mmdb, GeoLite2-ASN.mmdb]], config databases [[]] and watching [/usr/share/elasticsearch/config/ingest-geoip] for changes" }
{"type": "server", "timestamp": "2025-06-22T05:37:33,777Z", "level": "INFO", "component": "o.e.i.g.DatabaseNodeService", "cluster.name": "docker-cluster", "node.name": "da38f2874e84", "message": "initialized database registry, using geoip-databases directory [/tmp/elasticsearch-8715582982859039469/geoip-databases/rY5VrnGrTy6qVpywgTf0Ug]" }
{"type": "server", "timestamp": "2025-06-22T05:37:35,817Z", "level": "INFO", "component": "o.e.t.NettyAllocator", "cluster.name": "docker-cluster", "node.name": "da38f2874e84", "message": "creating NettyAllocator with the following configs: [name=unpooled, suggested_max_allocation_size=1mb, factors={es.unsafe.use_unpooled_allocator=null, g1gc_enabled=true, g1gc_region_size=4mb, heap_size=512mb}]" }
{"type": "server", "timestamp": "2025-06-22T05:37:35,926Z", "level": "INFO", "component": "o.e.i.r.RecoverySettings", "cluster.name": "docker-cluster", "node.name": "da38f2874e84", "message": "using rate limit [40mb] with [default=40mb, read=0b, write=0b, max=0b]" }
{"type": "server", "timestamp": "2025-06-22T05:37:36,069Z", "level": "INFO", "component": "o.e.d.DiscoveryModule", "cluster.name": "docker-cluster", "node.name": "da38f2874e84", "message": "using discovery type [single-node] and seed hosts providers [settings]" }
{"type": "server", "timestamp": "2025-06-22T05:37:37,717Z", "level": "INFO", "component": "o.e.g.DanglingIndicesState", "cluster.name": "docker-cluster", "node.name": "da38f2874e84", "message": "gateway.auto_import_dangling_indices is disabled, dangling indices will not be automatically detected or imported and must be managed manually" }
{"type": "server", "timestamp": "2025-06-22T05:37:40,165Z", "level": "INFO", "component": "o.e.n.Node", "cluster.name": "docker-cluster", "node.name": "da38f2874e84", "message": "initialized" }
{"type": "server", "timestamp": "2025-06-22T05:37:40,166Z", "level": "INFO", "component": "o.e.n.Node", "cluster.name": "docker-cluster", "node.name": "da38f2874e84", "message": "starting ..." }
{"type": "server", "timestamp": "2025-06-22T05:37:40,208Z", "level": "INFO", "component": "o.e.x.s.c.f.PersistentCache", "cluster.name": "docker-cluster", "node.name": "da38f2874e84", "message": "persistent cache index loaded" }
{"type": "server", "timestamp": "2025-06-22T05:37:40,213Z", "level": "INFO", "component": "o.e.x.d.l.DeprecationIndexingComponent", "cluster.name": "docker-cluster", "node.name": "da38f2874e84", "message": "deprecation component started" }
{"type": "server", "timestamp": "2025-06-22T05:37:40,772Z", "level": "INFO", "component": "o.e.t.TransportService", "cluster.name": "docker-cluster", "node.name": "da38f2874e84", "message": "publish_address {172.20.0.5:9300}, bound_addresses {[::]:9300}" }
{"type": "server", "timestamp": "2025-06-22T05:37:41,974Z", "level": "WARN", "component": "o.e.b.BootstrapChecks", "cluster.name": "docker-cluster", "node.name": "da38f2874e84", "message": "max virtual memory areas vm.max_map_count [65530] is too low, increase to at least [262144]" }
{"type": "server", "timestamp": "2025-06-22T05:37:41,983Z", "level": "WARN", "component": "o.e.b.BootstrapChecks", "cluster.name": "docker-cluster", "node.name": "da38f2874e84", "message": "Transport SSL must be enabled if security is enabled on a [basic] license. Please set [xpack.security.transport.ssl.enabled] to [true] or disable security by setting [xpack.security.enabled] to [false]" }
{"type": "server", "timestamp": "2025-06-22T05:37:41,988Z", "level": "INFO", "component": "o.e.c.c.Coordinator", "cluster.name": "docker-cluster", "node.name": "da38f2874e84", "message": "cluster UUID [_K2lvHSSRx68TrSozPU3JA]" }
{"type": "server", "timestamp": "2025-06-22T05:37:42,311Z", "level": "INFO", "component": "o.e.c.s.MasterService", "cluster.name": "docker-cluster", "node.name": "da38f2874e84", "message": "elected-as-master ([1] nodes joined)[{da38f2874e84}{rY5VrnGrTy6qVpywgTf0Ug}{WHraBpy6Qeu49qPPxPhQkA}{172.20.0.5}{172.20.0.5:9300}{cdfhimrstw} elect leader, _BECOME_MASTER_TASK_, _FINISH_ELECTION_], term: 47, version: 764, delta: master node changed {previous [], current [{da38f2874e84}{rY5VrnGrTy6qVpywgTf0Ug}{WHraBpy6Qeu49qPPxPhQkA}{172.20.0.5}{172.20.0.5:9300}{cdfhimrstw}]}" }
{"type": "server", "timestamp": "2025-06-22T05:37:42,517Z", "level": "INFO", "component": "o.e.c.s.ClusterApplierService", "cluster.name": "docker-cluster", "node.name": "da38f2874e84", "message": "master node changed {previous [], current [{da38f2874e84}{rY5VrnGrTy6qVpywgTf0Ug}{WHraBpy6Qeu49qPPxPhQkA}{172.20.0.5}{172.20.0.5:9300}{cdfhimrstw}]}, term: 47, version: 764, reason: Publication{term=47, version=764}" }
{"type": "server", "timestamp": "2025-06-22T05:37:42,859Z", "level": "INFO", "component": "o.e.h.AbstractHttpServerTransport", "cluster.name": "docker-cluster", "node.name": "da38f2874e84", "message": "publish_address {172.20.0.5:9200}, bound_addresses {[::]:9200}", "cluster.uuid": "_K2lvHSSRx68TrSozPU3JA", "node.id": "rY5VrnGrTy6qVpywgTf0Ug"  }
{"type": "server", "timestamp": "2025-06-22T05:37:42,862Z", "level": "INFO", "component": "o.e.n.Node", "cluster.name": "docker-cluster", "node.name": "da38f2874e84", "message": "started", "cluster.uuid": "_K2lvHSSRx68TrSozPU3JA", "node.id": "rY5VrnGrTy6qVpywgTf0Ug"  }
{"type": "server", "timestamp": "2025-06-22T05:37:43,680Z", "level": "INFO", "component": "o.e.l.LicenseService", "cluster.name": "docker-cluster", "node.name": "da38f2874e84", "message": "license [13003fb7-f539-41d3-abc3-4fe7c0602ae4] mode [basic] - valid", "cluster.uuid": "_K2lvHSSRx68TrSozPU3JA", "node.id": "rY5VrnGrTy6qVpywgTf0Ug"  }
{"type": "server", "timestamp": "2025-06-22T05:37:43,681Z", "level": "INFO", "component": "o.e.x.s.a.Realms", "cluster.name": "docker-cluster", "node.name": "da38f2874e84", "message": "license mode is [basic], currently licensed security realms are [reserved/reserved,file/default_file,native/default_native]", "cluster.uuid": "_K2lvHSSRx68TrSozPU3JA", "node.id": "rY5VrnGrTy6qVpywgTf0Ug"  }
{"type": "server", "timestamp": "2025-06-22T05:37:43,683Z", "level": "INFO", "component": "o.e.x.s.s.SecurityStatusChangeListener", "cluster.name": "docker-cluster", "node.name": "da38f2874e84", "message": "Active license is now [BASIC]; Security is enabled", "cluster.uuid": "_K2lvHSSRx68TrSozPU3JA", "node.id": "rY5VrnGrTy6qVpywgTf0Ug"  }
{"type": "server", "timestamp": "2025-06-22T05:37:43,702Z", "level": "INFO", "component": "o.e.g.GatewayService", "cluster.name": "docker-cluster", "node.name": "da38f2874e84", "message": "recovered [12] indices into cluster_state", "cluster.uuid": "_K2lvHSSRx68TrSozPU3JA", "node.id": "rY5VrnGrTy6qVpywgTf0Ug"  }
{"type": "server", "timestamp": "2025-06-22T05:37:44,044Z", "level": "ERROR", "component": "o.e.x.s.a.e.ReservedRealm", "cluster.name": "docker-cluster", "node.name": "da38f2874e84", "message": "failed to retrieve password hash for reserved user [elastic]", "cluster.uuid": "_K2lvHSSRx68TrSozPU3JA", "node.id": "rY5VrnGrTy6qVpywgTf0Ug" , 
"stacktrace": ["org.elasticsearch.action.UnavailableShardsException: at least one primary shard for the index [.security-7] is unavailable",
"at org.elasticsearch.xpack.security.support.SecurityIndexManager.getUnavailableReason(SecurityIndexManager.java:147) ~[x-pack-security-7.17.10.jar:7.17.10]",
"at org.elasticsearch.xpack.security.authc.esnative.NativeUsersStore.getReservedUserInfo(NativeUsersStore.java:605) [x-pack-security-7.17.10.jar:7.17.10]",
"at org.elasticsearch.xpack.security.authc.esnative.ReservedRealm.getUserInfo(ReservedRealm.java:231) [x-pack-security-7.17.10.jar:7.17.10]",
"at org.elasticsearch.xpack.security.authc.esnative.ReservedRealm.doAuthenticate(ReservedRealm.java:109) [x-pack-security-7.17.10.jar:7.17.10]",
"at org.elasticsearch.xpack.security.authc.support.CachingUsernamePasswordRealm.authenticateWithCache(CachingUsernamePasswordRealm.java:200) [x-pack-security-7.17.10.jar:7.17.10]",
"at org.elasticsearch.xpack.security.authc.support.CachingUsernamePasswordRealm.authenticate(CachingUsernamePasswordRealm.java:105) [x-pack-security-7.17.10.jar:7.17.10]",
"at org.elasticsearch.xpack.security.authc.RealmsAuthenticator.lambda$consumeToken$2(RealmsAuthenticator.java:148) [x-pack-security-7.17.10.jar:7.17.10]",
"at org.elasticsearch.xpack.core.common.IteratingActionListener.run(IteratingActionListener.java:117) [x-pack-core-7.17.10.jar:7.17.10]",
"at org.elasticsearch.xpack.security.authc.RealmsAuthenticator.consumeToken(RealmsAuthenticator.java:233) [x-pack-security-7.17.10.jar:7.17.10]",
"at org.elasticsearch.xpack.security.authc.RealmsAuthenticator.authenticate(RealmsAuthenticator.java:84) [x-pack-security-7.17.10.jar:7.17.10]",
"at org.elasticsearch.xpack.security.authc.AuthenticatorChain.lambda$getAuthenticatorConsumer$5(AuthenticatorChain.java:171) [x-pack-security-7.17.10.jar:7.17.10]",
"at org.elasticsearch.xpack.core.common.IteratingActionListener.onResponse(IteratingActionListener.java:135) [x-pack-core-7.17.10.jar:7.17.10]",
"at org.elasticsearch.xpack.security.authc.AuthenticatorChain.lambda$getAuthenticatorConsumer$5(AuthenticatorChain.java:165) [x-pack-security-7.17.10.jar:7.17.10]",
"at org.elasticsearch.xpack.core.common.IteratingActionListener.onResponse(IteratingActionListener.java:135) [x-pack-core-7.17.10.jar:7.17.10]",
"at org.elasticsearch.xpack.security.authc.AuthenticatorChain.lambda$getAuthenticatorConsumer$5(AuthenticatorChain.java:165) [x-pack-security-7.17.10.jar:7.17.10]",
"at org.elasticsearch.xpack.core.common.IteratingActionListener.onResponse(IteratingActionListener.java:135) [x-pack-core-7.17.10.jar:7.17.10]",
"at org.elasticsearch.xpack.security.authc.AuthenticatorChain.lambda$getAuthenticatorConsumer$5(AuthenticatorChain.java:165) [x-pack-security-7.17.10.jar:7.17.10]",
"at org.elasticsearch.xpack.core.common.IteratingActionListener.run(IteratingActionListener.java:117) [x-pack-core-7.17.10.jar:7.17.10]",
"at org.elasticsearch.xpack.security.authc.AuthenticatorChain.doAuthenticate(AuthenticatorChain.java:143) [x-pack-security-7.17.10.jar:7.17.10]",
"at org.elasticsearch.xpack.security.authc.AuthenticatorChain.authenticateAsync(AuthenticatorChain.java:104) [x-pack-security-7.17.10.jar:7.17.10]",
"at org.elasticsearch.xpack.security.authc.AuthenticationService.authenticate(AuthenticationService.java:149) [x-pack-security-7.17.10.jar:7.17.10]",
"at org.elasticsearch.xpack.security.authc.AuthenticationService.authenticate(AuthenticationService.java:127) [x-pack-security-7.17.10.jar:7.17.10]",
"at org.elasticsearch.xpack.security.rest.SecurityRestFilter.handleRequest(SecurityRestFilter.java:79) [x-pack-security-7.17.10.jar:7.17.10]",
"at org.elasticsearch.rest.RestController.dispatchRequest(RestController.java:337) [elasticsearch-7.17.10.jar:7.17.10]",
"at org.elasticsearch.rest.RestController.tryAllHandlers(RestController.java:403) [elasticsearch-7.17.10.jar:7.17.10]",
"at org.elasticsearch.rest.RestController.dispatchRequest(RestController.java:255) [elasticsearch-7.17.10.jar:7.17.10]",
"at org.elasticsearch.http.AbstractHttpServerTransport.dispatchRequest(AbstractHttpServerTransport.java:382) [elasticsearch-7.17.10.jar:7.17.10]",
"at org.elasticsearch.http.AbstractHttpServerTransport.handleIncomingRequest(AbstractHttpServerTransport.java:461) [elasticsearch-7.17.10.jar:7.17.10]",
"at org.elasticsearch.http.AbstractHttpServerTransport.incomingRequest(AbstractHttpServerTransport.java:357) [elasticsearch-7.17.10.jar:7.17.10]",
"at org.elasticsearch.http.netty4.Netty4HttpRequestHandler.channelRead0(Netty4HttpRequestHandler.java:35) [transport-netty4-client-7.17.10.jar:7.17.10]",
"at org.elasticsearch.http.netty4.Netty4HttpRequestHandler.channelRead0(Netty4HttpRequestHandler.java:19) [transport-netty4-client-7.17.10.jar:7.17.10]",
"at io.netty.channel.SimpleChannelInboundHandler.channelRead(SimpleChannelInboundHandler.java:99) [netty-transport-4.1.66.Final.jar:4.1.66.Final]",
"at io.netty.channel.AbstractChannelHandlerContext.invokeChannelRead(AbstractChannelHandlerContext.java:379) [netty-transport-4.1.66.Final.jar:4.1.66.Final]",
"at io.netty.channel.AbstractChannelHandlerContext.invokeChannelRead(AbstractChannelHandlerContext.java:365) [netty-transport-4.1.66.Final.jar:4.1.66.Final]",
"at io.netty.channel.AbstractChannelHandlerContext.fireChannelRead(AbstractChannelHandlerContext.java:357) [netty-transport-4.1.66.Final.jar:4.1.66.Final]",
"at org.elasticsearch.http.netty4.Netty4HttpPipeliningHandler.channelRead(Netty4HttpPipeliningHandler.java:48) [transport-netty4-client-7.17.10.jar:7.17.10]",
"at io.netty.channel.AbstractChannelHandlerContext.invokeChannelRead(AbstractChannelHandlerContext.java:379) [netty-transport-4.1.66.Final.jar:4.1.66.Final]",
"at io.netty.channel.AbstractChannelHandlerContext.invokeChannelRead(AbstractChannelHandlerContext.java:365) [netty-transport-4.1.66.Final.jar:4.1.66.Final]",
"at io.netty.channel.AbstractChannelHandlerContext.fireChannelRead(AbstractChannelHandlerContext.java:357) [netty-transport-4.1.66.Final.jar:4.1.66.Final]",
"at io.netty.handler.codec.MessageToMessageDecoder.channelRead(MessageToMessageDecoder.java:103) [netty-codec-4.1.66.Final.jar:4.1.66.Final]",
"at io.netty.channel.AbstractChannelHandlerContext.invokeChannelRead(AbstractChannelHandlerContext.java:379) [netty-transport-4.1.66.Final.jar:4.1.66.Final]",
"at io.netty.channel.AbstractChannelHandlerContext.invokeChannelRead(AbstractChannelHandlerContext.java:365) [netty-transport-4.1.66.Final.jar:4.1.66.Final]",
"at io.netty.channel.AbstractChannelHandlerContext.fireChannelRead(AbstractChannelHandlerContext.java:357) [netty-transport-4.1.66.Final.jar:4.1.66.Final]",
"at io.netty.handler.codec.MessageToMessageDecoder.channelRead(MessageToMessageDecoder.java:103) [netty-codec-4.1.66.Final.jar:4.1.66.Final]",
"at io.netty.handler.codec.MessageToMessageCodec.channelRead(MessageToMessageCodec.java:111) [netty-codec-4.1.66.Final.jar:4.1.66.Final]",
"at io.netty.channel.AbstractChannelHandlerContext.invokeChannelRead(AbstractChannelHandlerContext.java:379) [netty-transport-4.1.66.Final.jar:4.1.66.Final]",
"at io.netty.channel.AbstractChannelHandlerContext.invokeChannelRead(AbstractChannelHandlerContext.java:365) [netty-transport-4.1.66.Final.jar:4.1.66.Final]",
"at io.netty.channel.AbstractChannelHandlerContext.fireChannelRead(AbstractChannelHandlerContext.java:357) [netty-transport-4.1.66.Final.jar:4.1.66.Final]",
"at io.netty.handler.codec.MessageToMessageDecoder.channelRead(MessageToMessageDecoder.java:103) [netty-codec-4.1.66.Final.jar:4.1.66.Final]",
"at io.netty.channel.AbstractChannelHandlerContext.invokeChannelRead(AbstractChannelHandlerContext.java:379) [netty-transport-4.1.66.Final.jar:4.1.66.Final]",
"at io.netty.channel.AbstractChannelHandlerContext.invokeChannelRead(AbstractChannelHandlerContext.java:365) [netty-transport-4.1.66.Final.jar:4.1.66.Final]",
"at io.netty.channel.AbstractChannelHandlerContext.fireChannelRead(AbstractChannelHandlerContext.java:357) [netty-transport-4.1.66.Final.jar:4.1.66.Final]",
"at io.netty.handler.codec.MessageToMessageDecoder.channelRead(MessageToMessageDecoder.java:103) [netty-codec-4.1.66.Final.jar:4.1.66.Final]",
"at io.netty.channel.AbstractChannelHandlerContext.invokeChannelRead(AbstractChannelHandlerContext.java:379) [netty-transport-4.1.66.Final.jar:4.1.66.Final]",
"at io.netty.channel.AbstractChannelHandlerContext.invokeChannelRead(AbstractChannelHandlerContext.java:365) [netty-transport-4.1.66.Final.jar:4.1.66.Final]",
"at io.netty.channel.AbstractChannelHandlerContext.fireChannelRead(AbstractChannelHandlerContext.java:357) [netty-transport-4.1.66.Final.jar:4.1.66.Final]",
"at io.netty.handler.codec.ByteToMessageDecoder.fireChannelRead(ByteToMessageDecoder.java:324) [netty-codec-4.1.66.Final.jar:4.1.66.Final]",
"at io.netty.handler.codec.ByteToMessageDecoder.channelRead(ByteToMessageDecoder.java:296) [netty-codec-4.1.66.Final.jar:4.1.66.Final]",
"at io.netty.channel.AbstractChannelHandlerContext.invokeChannelRead(AbstractChannelHandlerContext.java:379) [netty-transport-4.1.66.Final.jar:4.1.66.Final]",
"at io.netty.channel.AbstractChannelHandlerContext.invokeChannelRead(AbstractChannelHandlerContext.java:365) [netty-transport-4.1.66.Final.jar:4.1.66.Final]",
"at io.netty.channel.AbstractChannelHandlerContext.fireChannelRead(AbstractChannelHandlerContext.java:357) [netty-transport-4.1.66.Final.jar:4.1.66.Final]",
"at io.netty.handler.timeout.IdleStateHandler.channelRead(IdleStateHandler.java:286) [netty-handler-4.1.66.Final.jar:4.1.66.Final]",
"at io.netty.channel.AbstractChannelHandlerContext.invokeChannelRead(AbstractChannelHandlerContext.java:379) [netty-transport-4.1.66.Final.jar:4.1.66.Final]",
"at io.netty.channel.AbstractChannelHandlerContext.invokeChannelRead(AbstractChannelHandlerContext.java:365) [netty-transport-4.1.66.Final.jar:4.1.66.Final]",
"at io.netty.channel.AbstractChannelHandlerContext.fireChannelRead(AbstractChannelHandlerContext.java:357) [netty-transport-4.1.66.Final.jar:4.1.66.Final]",
"at io.netty.handler.codec.MessageToMessageDecoder.channelRead(MessageToMessageDecoder.java:103) [netty-codec-4.1.66.Final.jar:4.1.66.Final]",
"at io.netty.channel.AbstractChannelHandlerContext.invokeChannelRead(AbstractChannelHandlerContext.java:379) [netty-transport-4.1.66.Final.jar:4.1.66.Final]",
"at io.netty.channel.AbstractChannelHandlerContext.invokeChannelRead(AbstractChannelHandlerContext.java:365) [netty-transport-4.1.66.Final.jar:4.1.66.Final]",
"at io.netty.channel.AbstractChannelHandlerContext.fireChannelRead(AbstractChannelHandlerContext.java:357) [netty-transport-4.1.66.Final.jar:4.1.66.Final]",
"at io.netty.channel.DefaultChannelPipeline$HeadContext.channelRead(DefaultChannelPipeline.java:1410) [netty-transport-4.1.66.Final.jar:4.1.66.Final]",
"at io.netty.channel.AbstractChannelHandlerContext.invokeChannelRead(AbstractChannelHandlerContext.java:379) [netty-transport-4.1.66.Final.jar:4.1.66.Final]",
"at io.netty.channel.AbstractChannelHandlerContext.invokeChannelRead(AbstractChannelHandlerContext.java:365) [netty-transport-4.1.66.Final.jar:4.1.66.Final]",
"at io.netty.channel.DefaultChannelPipeline.fireChannelRead(DefaultChannelPipeline.java:919) [netty-transport-4.1.66.Final.jar:4.1.66.Final]",
"at io.netty.channel.nio.AbstractNioByteChannel$NioByteUnsafe.read(AbstractNioByteChannel.java:166) [netty-transport-4.1.66.Final.jar:4.1.66.Final]",
"at io.netty.channel.nio.NioEventLoop.processSelectedKey(NioEventLoop.java:719) [netty-transport-4.1.66.Final.jar:4.1.66.Final]",
"at io.netty.channel.nio.NioEventLoop.processSelectedKeysPlain(NioEventLoop.java:620) [netty-transport-4.1.66.Final.jar:4.1.66.Final]",
"at io.netty.channel.nio.NioEventLoop.processSelectedKeys(NioEventLoop.java:583) [netty-transport-4.1.66.Final.jar:4.1.66.Final]",
"at io.netty.channel.nio.NioEventLoop.run(NioEventLoop.java:493) [netty-transport-4.1.66.Final.jar:4.1.66.Final]",
"at io.netty.util.concurrent.SingleThreadEventExecutor$4.run(SingleThreadEventExecutor.java:986) [netty-common-4.1.66.Final.jar:4.1.66.Final]",
"at io.netty.util.internal.ThreadExecutorMap$2.run(ThreadExecutorMap.java:74) [netty-common-4.1.66.Final.jar:4.1.66.Final]",
"at java.lang.Thread.run(Thread.java:1623) [?:?]"] }
{"type": "server", "timestamp": "2025-06-22T05:37:44,094Z", "level": "INFO", "component": "o.e.x.s.a.RealmsAuthenticator", "cluster.name": "docker-cluster", "node.name": "da38f2874e84", "message": "Authentication of [elastic] was terminated by realm [reserved] - failed to authenticate user [elastic]", "cluster.uuid": "_K2lvHSSRx68TrSozPU3JA", "node.id": "rY5VrnGrTy6qVpywgTf0Ug"  }
{"type": "server", "timestamp": "2025-06-22T05:37:44,205Z", "level": "ERROR", "component": "o.e.x.s.a.e.ReservedRealm", "cluster.name": "docker-cluster", "node.name": "da38f2874e84", "message": "failed to retrieve password hash for reserved user [elastic]", "cluster.uuid": "_K2lvHSSRx68TrSozPU3JA", "node.id": "rY5VrnGrTy6qVpywgTf0Ug" , 
"stacktrace": ["org.elasticsearch.action.UnavailableShardsException: at least one primary shard for the index [.security-7] is unavailable",
"at org.elasticsearch.xpack.security.support.SecurityIndexManager.getUnavailableReason(SecurityIndexManager.java:147) ~[x-pack-security-7.17.10.jar:7.17.10]",
"at org.elasticsearch.xpack.security.authc.esnative.NativeUsersStore.getReservedUserInfo(NativeUsersStore.java:605) [x-pack-security-7.17.10.jar:7.17.10]",
"at org.elasticsearch.xpack.security.authc.esnative.ReservedRealm.getUserInfo(ReservedRealm.java:231) [x-pack-security-7.17.10.jar:7.17.10]",
"at org.elasticsearch.xpack.security.authc.esnative.ReservedRealm.doAuthenticate(ReservedRealm.java:109) [x-pack-security-7.17.10.jar:7.17.10]",
"at org.elasticsearch.xpack.security.authc.support.CachingUsernamePasswordRealm.authenticateWithCache(CachingUsernamePasswordRealm.java:200) [x-pack-security-7.17.10.jar:7.17.10]",
"at org.elasticsearch.xpack.security.authc.support.CachingUsernamePasswordRealm.authenticate(CachingUsernamePasswordRealm.java:105) [x-pack-security-7.17.10.jar:7.17.10]",
"at org.elasticsearch.xpack.security.authc.RealmsAuthenticator.lambda$consumeToken$2(RealmsAuthenticator.java:148) [x-pack-security-7.17.10.jar:7.17.10]",
"at org.elasticsearch.xpack.core.common.IteratingActionListener.run(IteratingActionListener.java:117) [x-pack-core-7.17.10.jar:7.17.10]",
"at org.elasticsearch.xpack.security.authc.RealmsAuthenticator.consumeToken(RealmsAuthenticator.java:233) [x-pack-security-7.17.10.jar:7.17.10]",
"at org.elasticsearch.xpack.security.authc.RealmsAuthenticator.authenticate(RealmsAuthenticator.java:84) [x-pack-security-7.17.10.jar:7.17.10]",
"at org.elasticsearch.xpack.security.authc.AuthenticatorChain.lambda$getAuthenticatorConsumer$5(AuthenticatorChain.java:171) [x-pack-security-7.17.10.jar:7.17.10]",
"at org.elasticsearch.xpack.core.common.IteratingActionListener.onResponse(IteratingActionListener.java:135) [x-pack-core-7.17.10.jar:7.17.10]",
"at org.elasticsearch.xpack.security.authc.AuthenticatorChain.lambda$getAuthenticatorConsumer$5(AuthenticatorChain.java:165) [x-pack-security-7.17.10.jar:7.17.10]",
"at org.elasticsearch.xpack.core.common.IteratingActionListener.onResponse(IteratingActionListener.java:135) [x-pack-core-7.17.10.jar:7.17.10]",
"at org.elasticsearch.xpack.security.authc.AuthenticatorChain.lambda$getAuthenticatorConsumer$5(AuthenticatorChain.java:165) [x-pack-security-7.17.10.jar:7.17.10]",
"at org.elasticsearch.xpack.core.common.IteratingActionListener.onResponse(IteratingActionListener.java:135) [x-pack-core-7.17.10.jar:7.17.10]",
"at org.elasticsearch.xpack.security.authc.AuthenticatorChain.lambda$getAuthenticatorConsumer$5(AuthenticatorChain.java:165) [x-pack-security-7.17.10.jar:7.17.10]",
"at org.elasticsearch.xpack.core.common.IteratingActionListener.run(IteratingActionListener.java:117) [x-pack-core-7.17.10.jar:7.17.10]",
"at org.elasticsearch.xpack.security.authc.AuthenticatorChain.doAuthenticate(AuthenticatorChain.java:143) [x-pack-security-7.17.10.jar:7.17.10]",
"at org.elasticsearch.xpack.security.authc.AuthenticatorChain.authenticateAsync(AuthenticatorChain.java:104) [x-pack-security-7.17.10.jar:7.17.10]",
"at org.elasticsearch.xpack.security.authc.AuthenticationService.authenticate(AuthenticationService.java:149) [x-pack-security-7.17.10.jar:7.17.10]",
"at org.elasticsearch.xpack.security.authc.AuthenticationService.authenticate(AuthenticationService.java:127) [x-pack-security-7.17.10.jar:7.17.10]",
"at org.elasticsearch.xpack.security.rest.SecurityRestFilter.handleRequest(SecurityRestFilter.java:79) [x-pack-security-7.17.10.jar:7.17.10]",
"at org.elasticsearch.rest.RestController.dispatchRequest(RestController.java:337) [elasticsearch-7.17.10.jar:7.17.10]",
"at org.elasticsearch.rest.RestController.tryAllHandlers(RestController.java:403) [elasticsearch-7.17.10.jar:7.17.10]",
"at org.elasticsearch.rest.RestController.dispatchRequest(RestController.java:255) [elasticsearch-7.17.10.jar:7.17.10]",
"at org.elasticsearch.http.AbstractHttpServerTransport.dispatchRequest(AbstractHttpServerTransport.java:382) [elasticsearch-7.17.10.jar:7.17.10]",
"at org.elasticsearch.http.AbstractHttpServerTransport.handleIncomingRequest(AbstractHttpServerTransport.java:461) [elasticsearch-7.17.10.jar:7.17.10]",
"at org.elasticsearch.http.AbstractHttpServerTransport.incomingRequest(AbstractHttpServerTransport.java:357) [elasticsearch-7.17.10.jar:7.17.10]",
"at org.elasticsearch.http.netty4.Netty4HttpRequestHandler.channelRead0(Netty4HttpRequestHandler.java:35) [transport-netty4-client-7.17.10.jar:7.17.10]",
"at org.elasticsearch.http.netty4.Netty4HttpRequestHandler.channelRead0(Netty4HttpRequestHandler.java:19) [transport-netty4-client-7.17.10.jar:7.17.10]",
"at io.netty.channel.SimpleChannelInboundHandler.channelRead(SimpleChannelInboundHandler.java:99) [netty-transport-4.1.66.Final.jar:4.1.66.Final]",
"at io.netty.channel.AbstractChannelHandlerContext.invokeChannelRead(AbstractChannelHandlerContext.java:379) [netty-transport-4.1.66.Final.jar:4.1.66.Final]",
"at io.netty.channel.AbstractChannelHandlerContext.invokeChannelRead(AbstractChannelHandlerContext.java:365) [netty-transport-4.1.66.Final.jar:4.1.66.Final]",
"at io.netty.channel.AbstractChannelHandlerContext.fireChannelRead(AbstractChannelHandlerContext.java:357) [netty-transport-4.1.66.Final.jar:4.1.66.Final]",
"at org.elasticsearch.http.netty4.Netty4HttpPipeliningHandler.channelRead(Netty4HttpPipeliningHandler.java:48) [transport-netty4-client-7.17.10.jar:7.17.10]",
"at io.netty.channel.AbstractChannelHandlerContext.invokeChannelRead(AbstractChannelHandlerContext.java:379) [netty-transport-4.1.66.Final.jar:4.1.66.Final]",
"at io.netty.channel.AbstractChannelHandlerContext.invokeChannelRead(AbstractChannelHandlerContext.java:365) [netty-transport-4.1.66.Final.jar:4.1.66.Final]",
"at io.netty.channel.AbstractChannelHandlerContext.fireChannelRead(AbstractChannelHandlerContext.java:357) [netty-transport-4.1.66.Final.jar:4.1.66.Final]",
"at io.netty.handler.codec.MessageToMessageDecoder.channelRead(MessageToMessageDecoder.java:103) [netty-codec-4.1.66.Final.jar:4.1.66.Final]",
"at io.netty.channel.AbstractChannelHandlerContext.invokeChannelRead(AbstractChannelHandlerContext.java:379) [netty-transport-4.1.66.Final.jar:4.1.66.Final]",
"at io.netty.channel.AbstractChannelHandlerContext.invokeChannelRead(AbstractChannelHandlerContext.java:365) [netty-transport-4.1.66.Final.jar:4.1.66.Final]",
"at io.netty.channel.AbstractChannelHandlerContext.fireChannelRead(AbstractChannelHandlerContext.java:357) [netty-transport-4.1.66.Final.jar:4.1.66.Final]",
"at io.netty.handler.codec.MessageToMessageDecoder.channelRead(MessageToMessageDecoder.java:103) [netty-codec-4.1.66.Final.jar:4.1.66.Final]",
"at io.netty.handler.codec.MessageToMessageCodec.channelRead(MessageToMessageCodec.java:111) [netty-codec-4.1.66.Final.jar:4.1.66.Final]",
"at io.netty.channel.AbstractChannelHandlerContext.invokeChannelRead(AbstractChannelHandlerContext.java:379) [netty-transport-4.1.66.Final.jar:4.1.66.Final]",
"at io.netty.channel.AbstractChannelHandlerContext.invokeChannelRead(AbstractChannelHandlerContext.java:365) [netty-transport-4.1.66.Final.jar:4.1.66.Final]",
"at io.netty.channel.AbstractChannelHandlerContext.fireChannelRead(AbstractChannelHandlerContext.java:357) [netty-transport-4.1.66.Final.jar:4.1.66.Final]",
"at io.netty.handler.codec.MessageToMessageDecoder.channelRead(MessageToMessageDecoder.java:103) [netty-codec-4.1.66.Final.jar:4.1.66.Final]",
"at io.netty.channel.AbstractChannelHandlerContext.invokeChannelRead(AbstractChannelHandlerContext.java:379) [netty-transport-4.1.66.Final.jar:4.1.66.Final]",
"at io.netty.channel.AbstractChannelHandlerContext.invokeChannelRead(AbstractChannelHandlerContext.java:365) [netty-transport-4.1.66.Final.jar:4.1.66.Final]",
"at io.netty.channel.AbstractChannelHandlerContext.fireChannelRead(AbstractChannelHandlerContext.java:357) [netty-transport-4.1.66.Final.jar:4.1.66.Final]",
"at io.netty.handler.codec.MessageToMessageDecoder.channelRead(MessageToMessageDecoder.java:103) [netty-codec-4.1.66.Final.jar:4.1.66.Final]",
"at io.netty.channel.AbstractChannelHandlerContext.invokeChannelRead(AbstractChannelHandlerContext.java:379) [netty-transport-4.1.66.Final.jar:4.1.66.Final]",
"at io.netty.channel.AbstractChannelHandlerContext.invokeChannelRead(AbstractChannelHandlerContext.java:365) [netty-transport-4.1.66.Final.jar:4.1.66.Final]",
"at io.netty.channel.AbstractChannelHandlerContext.fireChannelRead(AbstractChannelHandlerContext.java:357) [netty-transport-4.1.66.Final.jar:4.1.66.Final]",
"at io.netty.handler.codec.ByteToMessageDecoder.fireChannelRead(ByteToMessageDecoder.java:324) [netty-codec-4.1.66.Final.jar:4.1.66.Final]",
"at io.netty.handler.codec.ByteToMessageDecoder.channelRead(ByteToMessageDecoder.java:296) [netty-codec-4.1.66.Final.jar:4.1.66.Final]",
"at io.netty.channel.AbstractChannelHandlerContext.invokeChannelRead(AbstractChannelHandlerContext.java:379) [netty-transport-4.1.66.Final.jar:4.1.66.Final]",
"at io.netty.channel.AbstractChannelHandlerContext.invokeChannelRead(AbstractChannelHandlerContext.java:365) [netty-transport-4.1.66.Final.jar:4.1.66.Final]",
"at io.netty.channel.AbstractChannelHandlerContext.fireChannelRead(AbstractChannelHandlerContext.java:357) [netty-transport-4.1.66.Final.jar:4.1.66.Final]",
"at io.netty.handler.timeout.IdleStateHandler.channelRead(IdleStateHandler.java:286) [netty-handler-4.1.66.Final.jar:4.1.66.Final]",
"at io.netty.channel.AbstractChannelHandlerContext.invokeChannelRead(AbstractChannelHandlerContext.java:379) [netty-transport-4.1.66.Final.jar:4.1.66.Final]",
"at io.netty.channel.AbstractChannelHandlerContext.invokeChannelRead(AbstractChannelHandlerContext.java:365) [netty-transport-4.1.66.Final.jar:4.1.66.Final]",
"at io.netty.channel.AbstractChannelHandlerContext.fireChannelRead(AbstractChannelHandlerContext.java:357) [netty-transport-4.1.66.Final.jar:4.1.66.Final]",
"at io.netty.handler.codec.MessageToMessageDecoder.channelRead(MessageToMessageDecoder.java:103) [netty-codec-4.1.66.Final.jar:4.1.66.Final]",
"at io.netty.channel.AbstractChannelHandlerContext.invokeChannelRead(AbstractChannelHandlerContext.java:379) [netty-transport-4.1.66.Final.jar:4.1.66.Final]",
"at io.netty.channel.AbstractChannelHandlerContext.invokeChannelRead(AbstractChannelHandlerContext.java:365) [netty-transport-4.1.66.Final.jar:4.1.66.Final]",
"at io.netty.channel.AbstractChannelHandlerContext.fireChannelRead(AbstractChannelHandlerContext.java:357) [netty-transport-4.1.66.Final.jar:4.1.66.Final]",
"at io.netty.channel.DefaultChannelPipeline$HeadContext.channelRead(DefaultChannelPipeline.java:1410) [netty-transport-4.1.66.Final.jar:4.1.66.Final]",
"at io.netty.channel.AbstractChannelHandlerContext.invokeChannelRead(AbstractChannelHandlerContext.java:379) [netty-transport-4.1.66.Final.jar:4.1.66.Final]",
"at io.netty.channel.AbstractChannelHandlerContext.invokeChannelRead(AbstractChannelHandlerContext.java:365) [netty-transport-4.1.66.Final.jar:4.1.66.Final]",
"at io.netty.channel.DefaultChannelPipeline.fireChannelRead(DefaultChannelPipeline.java:919) [netty-transport-4.1.66.Final.jar:4.1.66.Final]",
"at io.netty.channel.nio.AbstractNioByteChannel$NioByteUnsafe.read(AbstractNioByteChannel.java:166) [netty-transport-4.1.66.Final.jar:4.1.66.Final]",
"at io.netty.channel.nio.NioEventLoop.processSelectedKey(NioEventLoop.java:719) [netty-transport-4.1.66.Final.jar:4.1.66.Final]",
"at io.netty.channel.nio.NioEventLoop.processSelectedKeysPlain(NioEventLoop.java:620) [netty-transport-4.1.66.Final.jar:4.1.66.Final]",
"at io.netty.channel.nio.NioEventLoop.processSelectedKeys(NioEventLoop.java:583) [netty-transport-4.1.66.Final.jar:4.1.66.Final]",
"at io.netty.channel.nio.NioEventLoop.run(NioEventLoop.java:493) [netty-transport-4.1.66.Final.jar:4.1.66.Final]",
"at io.netty.util.concurrent.SingleThreadEventExecutor$4.run(SingleThreadEventExecutor.java:986) [netty-common-4.1.66.Final.jar:4.1.66.Final]",
"at io.netty.util.internal.ThreadExecutorMap$2.run(ThreadExecutorMap.java:74) [netty-common-4.1.66.Final.jar:4.1.66.Final]",
"at java.lang.Thread.run(Thread.java:1623) [?:?]"] }
{"type": "server", "timestamp": "2025-06-22T05:37:44,218Z", "level": "INFO", "component": "o.e.x.s.a.RealmsAuthenticator", "cluster.name": "docker-cluster", "node.name": "da38f2874e84", "message": "Authentication of [elastic] was terminated by realm [reserved] - failed to authenticate user [elastic]", "cluster.uuid": "_K2lvHSSRx68TrSozPU3JA", "node.id": "rY5VrnGrTy6qVpywgTf0Ug"  }
{"type": "server", "timestamp": "2025-06-22T05:37:45,080Z", "level": "ERROR", "component": "o.e.i.g.GeoIpDownloader", "cluster.name": "docker-cluster", "node.name": "da38f2874e84", "message": "exception during geoip databases update", "cluster.uuid": "_K2lvHSSRx68TrSozPU3JA", "node.id": "rY5VrnGrTy6qVpywgTf0Ug" , 
"stacktrace": ["org.elasticsearch.ElasticsearchException: not all primary shards of [.geoip_databases] index are active",
"at org.elasticsearch.ingest.geoip.GeoIpDownloader.updateDatabases(GeoIpDownloader.java:137) ~[ingest-geoip-7.17.10.jar:7.17.10]",
"at org.elasticsearch.ingest.geoip.GeoIpDownloader.runDownloader(GeoIpDownloader.java:284) [ingest-geoip-7.17.10.jar:7.17.10]",
"at org.elasticsearch.ingest.geoip.GeoIpDownloaderTaskExecutor.nodeOperation(GeoIpDownloaderTaskExecutor.java:100) [ingest-geoip-7.17.10.jar:7.17.10]",
"at org.elasticsearch.ingest.geoip.GeoIpDownloaderTaskExecutor.nodeOperation(GeoIpDownloaderTaskExecutor.java:46) [ingest-geoip-7.17.10.jar:7.17.10]",
"at org.elasticsearch.persistent.NodePersistentTasksExecutor$1.doRun(NodePersistentTasksExecutor.java:42) [elasticsearch-7.17.10.jar:7.17.10]",
"at org.elasticsearch.common.util.concurrent.ThreadContext$ContextPreservingAbstractRunnable.doRun(ThreadContext.java:777) [elasticsearch-7.17.10.jar:7.17.10]",
"at org.elasticsearch.common.util.concurrent.AbstractRunnable.run(AbstractRunnable.java:26) [elasticsearch-7.17.10.jar:7.17.10]",
"at java.util.concurrent.ThreadPoolExecutor.runWorker(ThreadPoolExecutor.java:1144) [?:?]",
"at java.util.concurrent.ThreadPoolExecutor$Worker.run(ThreadPoolExecutor.java:642) [?:?]",
"at java.lang.Thread.run(Thread.java:1623) [?:?]"] }
{"type": "server", "timestamp": "2025-06-22T05:37:46,150Z", "level": "INFO", "component": "o.e.i.g.DatabaseNodeService", "cluster.name": "docker-cluster", "node.name": "da38f2874e84", "message": "retrieve geoip database [GeoLite2-Country.mmdb] from [.geoip_databases] to [/tmp/elasticsearch-8715582982859039469/geoip-databases/rY5VrnGrTy6qVpywgTf0Ug/GeoLite2-Country.mmdb.tmp.gz]", "cluster.uuid": "_K2lvHSSRx68TrSozPU3JA", "node.id": "rY5VrnGrTy6qVpywgTf0Ug"  }
{"type": "server", "timestamp": "2025-06-22T05:37:46,153Z", "level": "INFO", "component": "o.e.i.g.DatabaseNodeService", "cluster.name": "docker-cluster", "node.name": "da38f2874e84", "message": "retrieve geoip database [GeoLite2-City.mmdb] from [.geoip_databases] to [/tmp/elasticsearch-8715582982859039469/geoip-databases/rY5VrnGrTy6qVpywgTf0Ug/GeoLite2-City.mmdb.tmp.gz]", "cluster.uuid": "_K2lvHSSRx68TrSozPU3JA", "node.id": "rY5VrnGrTy6qVpywgTf0Ug"  }
{"type": "server", "timestamp": "2025-06-22T05:37:46,154Z", "level": "INFO", "component": "o.e.i.g.DatabaseNodeService", "cluster.name": "docker-cluster", "node.name": "da38f2874e84", "message": "retrieve geoip database [GeoLite2-ASN.mmdb] from [.geoip_databases] to [/tmp/elasticsearch-8715582982859039469/geoip-databases/rY5VrnGrTy6qVpywgTf0Ug/GeoLite2-ASN.mmdb.tmp.gz]", "cluster.uuid": "_K2lvHSSRx68TrSozPU3JA", "node.id": "rY5VrnGrTy6qVpywgTf0Ug"  }
{"type": "server", "timestamp": "2025-06-22T05:37:47,695Z", "level": "WARN", "component": "r.suppressed", "cluster.name": "docker-cluster", "node.name": "da38f2874e84", "message": "path: /.kibana_task_manager_7.17.10_001/_pit, params: {index=.kibana_task_manager_7.17.10_001, keep_alive=10m}", "cluster.uuid": "_K2lvHSSRx68TrSozPU3JA", "node.id": "rY5VrnGrTy6qVpywgTf0Ug" , 
"stacktrace": ["org.elasticsearch.action.search.SearchPhaseExecutionException: all shards failed",
"at org.elasticsearch.action.search.AbstractSearchAsyncAction.onPhaseFailure(AbstractSearchAsyncAction.java:713) [elasticsearch-7.17.10.jar:7.17.10]",
"at org.elasticsearch.action.search.AbstractSearchAsyncAction.executeNextPhase(AbstractSearchAsyncAction.java:400) [elasticsearch-7.17.10.jar:7.17.10]",
"at org.elasticsearch.action.search.AbstractSearchAsyncAction.onPhaseDone(AbstractSearchAsyncAction.java:745) [elasticsearch-7.17.10.jar:7.17.10]",
"at org.elasticsearch.action.search.AbstractSearchAsyncAction.onShardFailure(AbstractSearchAsyncAction.java:497) [elasticsearch-7.17.10.jar:7.17.10]",
"at org.elasticsearch.action.search.AbstractSearchAsyncAction.access$000(AbstractSearchAsyncAction.java:64) [elasticsearch-7.17.10.jar:7.17.10]",
"at org.elasticsearch.action.search.AbstractSearchAsyncAction$1.onFailure(AbstractSearchAsyncAction.java:331) [elasticsearch-7.17.10.jar:7.17.10]",
"at org.elasticsearch.action.ActionListenerResponseHandler.handleException(ActionListenerResponseHandler.java:48) [elasticsearch-7.17.10.jar:7.17.10]",
"at org.elasticsearch.transport.TransportService$4.handleException(TransportService.java:853) [elasticsearch-7.17.10.jar:7.17.10]",
"at org.elasticsearch.transport.TransportService$ContextRestoreResponseHandler.handleException(TransportService.java:1481) [elasticsearch-7.17.10.jar:7.17.10]",
"at org.elasticsearch.transport.TransportService$DirectResponseChannel.processException(TransportService.java:1607) [elasticsearch-7.17.10.jar:7.17.10]",
"at org.elasticsearch.transport.TransportService$DirectResponseChannel.sendResponse(TransportService.java:1581) [elasticsearch-7.17.10.jar:7.17.10]",
"at org.elasticsearch.transport.TaskTransportChannel.sendResponse(TaskTransportChannel.java:50) [elasticsearch-7.17.10.jar:7.17.10]",
"at org.elasticsearch.transport.TransportChannel.sendErrorResponse(TransportChannel.java:45) [elasticsearch-7.17.10.jar:7.17.10]",
"at org.elasticsearch.action.support.ChannelActionListener.onFailure(ChannelActionListener.java:41) [elasticsearch-7.17.10.jar:7.17.10]",
"at org.elasticsearch.action.ActionListener$Delegating.onFailure(ActionListener.java:66) [elasticsearch-7.17.10.jar:7.17.10]",
"at org.elasticsearch.search.SearchService.lambda$openReaderContext$10(SearchService.java:965) [elasticsearch-7.17.10.jar:7.17.10]",
"at org.elasticsearch.index.shard.IndexShard.awaitShardSearchActive(IndexShard.java:4005) [elasticsearch-7.17.10.jar:7.17.10]",
"at org.elasticsearch.search.SearchService.openReaderContext(SearchService.java:945) [elasticsearch-7.17.10.jar:7.17.10]",
"at org.elasticsearch.action.search.TransportOpenPointInTimeAction$ShardOpenReaderRequestHandler.messageReceived(TransportOpenPointInTimeAction.java:177) [elasticsearch-7.17.10.jar:7.17.10]",
"at org.elasticsearch.action.search.TransportOpenPointInTimeAction$ShardOpenReaderRequestHandler.messageReceived(TransportOpenPointInTimeAction.java:174) [elasticsearch-7.17.10.jar:7.17.10]",
"at org.elasticsearch.xpack.security.transport.SecurityServerTransportInterceptor$ProfileSecuredRequestHandler$1.doRun(SecurityServerTransportInterceptor.java:341) [x-pack-security-7.17.10.jar:7.17.10]",
"at org.elasticsearch.common.util.concurrent.AbstractRunnable.run(AbstractRunnable.java:26) [elasticsearch-7.17.10.jar:7.17.10]",
"at org.elasticsearch.xpack.security.transport.SecurityServerTransportInterceptor$ProfileSecuredRequestHandler$2.onResponse(SecurityServerTransportInterceptor.java:389) [x-pack-security-7.17.10.jar:7.17.10]",
"at org.elasticsearch.xpack.security.transport.SecurityServerTransportInterceptor$ProfileSecuredRequestHandler$2.onResponse(SecurityServerTransportInterceptor.java:386) [x-pack-security-7.17.10.jar:7.17.10]",
"at org.elasticsearch.xpack.security.authz.AuthorizationService$1.onResponse(AuthorizationService.java:574) [x-pack-security-7.17.10.jar:7.17.10]",
"at org.elasticsearch.xpack.security.authz.AuthorizationService$1.onResponse(AuthorizationService.java:568) [x-pack-security-7.17.10.jar:7.17.10]",
"at org.elasticsearch.xpack.security.authz.interceptor.DlsFlsLicenseRequestInterceptor.intercept(DlsFlsLicenseRequestInterceptor.java:100) [x-pack-security-7.17.10.jar:7.17.10]",
"at org.elasticsearch.xpack.security.authz.AuthorizationService$1.onResponse(AuthorizationService.java:572) [x-pack-security-7.17.10.jar:7.17.10]",
"at org.elasticsearch.xpack.security.authz.AuthorizationService$1.onResponse(AuthorizationService.java:568) [x-pack-security-7.17.10.jar:7.17.10]",
"at org.elasticsearch.xpack.security.authz.interceptor.FieldAndDocumentLevelSecurityRequestInterceptor.intercept(FieldAndDocumentLevelSecurityRequestInterceptor.java:85) [x-pack-security-7.17.10.jar:7.17.10]",
"at org.elasticsearch.xpack.security.authz.interceptor.SearchRequestInterceptor.intercept(SearchRequestInterceptor.java:26) [x-pack-security-7.17.10.jar:7.17.10]",
"at org.elasticsearch.xpack.security.authz.AuthorizationService$1.onResponse(AuthorizationService.java:572) [x-pack-security-7.17.10.jar:7.17.10]",
"at org.elasticsearch.xpack.security.authz.AuthorizationService$1.onResponse(AuthorizationService.java:568) [x-pack-security-7.17.10.jar:7.17.10]",
"at org.elasticsearch.xpack.security.authz.interceptor.FieldAndDocumentLevelSecurityRequestInterceptor.intercept(FieldAndDocumentLevelSecurityRequestInterceptor.java:85) [x-pack-security-7.17.10.jar:7.17.10]",
"at org.elasticsearch.xpack.security.authz.interceptor.UpdateRequestInterceptor.intercept(UpdateRequestInterceptor.java:27) [x-pack-security-7.17.10.jar:7.17.10]",
"at org.elasticsearch.xpack.security.authz.AuthorizationService$1.onResponse(AuthorizationService.java:572) [x-pack-security-7.17.10.jar:7.17.10]",
"at org.elasticsearch.xpack.security.authz.AuthorizationService$1.onResponse(AuthorizationService.java:568) [x-pack-security-7.17.10.jar:7.17.10]",
"at org.elasticsearch.xpack.security.authz.interceptor.FieldAndDocumentLevelSecurityRequestInterceptor.intercept(FieldAndDocumentLevelSecurityRequestInterceptor.java:85) [x-pack-security-7.17.10.jar:7.17.10]",
"at org.elasticsearch.xpack.security.authz.interceptor.ShardSearchRequestInterceptor.intercept(ShardSearchRequestInterceptor.java:26) [x-pack-security-7.17.10.jar:7.17.10]",
"at org.elasticsearch.xpack.security.authz.AuthorizationService$1.onResponse(AuthorizationService.java:572) [x-pack-security-7.17.10.jar:7.17.10]",
"at org.elasticsearch.xpack.security.authz.AuthorizationService$1.onResponse(AuthorizationService.java:568) [x-pack-security-7.17.10.jar:7.17.10]",
"at org.elasticsearch.xpack.security.authz.interceptor.BulkShardRequestInterceptor.intercept(BulkShardRequestInterceptor.java:87) [x-pack-security-7.17.10.jar:7.17.10]",
"at org.elasticsearch.xpack.security.authz.AuthorizationService$1.onResponse(AuthorizationService.java:572) [x-pack-security-7.17.10.jar:7.17.10]",
"at org.elasticsearch.xpack.security.authz.AuthorizationService$1.onResponse(AuthorizationService.java:568) [x-pack-security-7.17.10.jar:7.17.10]",
"at org.elasticsearch.xpack.security.authz.interceptor.IndicesAliasesRequestInterceptor.intercept(IndicesAliasesRequestInterceptor.java:128) [x-pack-security-7.17.10.jar:7.17.10]",
"at org.elasticsearch.xpack.security.authz.AuthorizationService$1.onResponse(AuthorizationService.java:572) [x-pack-security-7.17.10.jar:7.17.10]",
"at org.elasticsearch.xpack.security.authz.AuthorizationService$1.onResponse(AuthorizationService.java:568) [x-pack-security-7.17.10.jar:7.17.10]",
"at org.elasticsearch.xpack.security.authz.interceptor.ResizeRequestInterceptor.intercept(ResizeRequestInterceptor.java:103) [x-pack-security-7.17.10.jar:7.17.10]",
"at org.elasticsearch.xpack.security.authz.AuthorizationService.runRequestInterceptors(AuthorizationService.java:568) [x-pack-security-7.17.10.jar:7.17.10]",
"at org.elasticsearch.xpack.security.authz.AuthorizationService.handleIndexActionAuthorizationResult(AuthorizationService.java:553) [x-pack-security-7.17.10.jar:7.17.10]",
"at org.elasticsearch.xpack.security.authz.AuthorizationService.lambda$authorizeAction$9(AuthorizationService.java:447) [x-pack-security-7.17.10.jar:7.17.10]",
"at org.elasticsearch.xpack.security.authz.AuthorizationService$AuthorizationResultListener.onResponse(AuthorizationService.java:964) [x-pack-security-7.17.10.jar:7.17.10]",
"at org.elasticsearch.xpack.security.authz.AuthorizationService$AuthorizationResultListener.onResponse(AuthorizationService.java:928) [x-pack-security-7.17.10.jar:7.17.10]",
"at org.elasticsearch.action.support.ContextPreservingActionListener.onResponse(ContextPreservingActionListener.java:31) [elasticsearch-7.17.10.jar:7.17.10]",
"at org.elasticsearch.xpack.security.authz.RBACEngine.lambda$authorizeIndexAction$4(RBACEngine.java:388) [x-pack-security-7.17.10.jar:7.17.10]",
"at org.elasticsearch.action.ActionListener$1.onResponse(ActionListener.java:136) [elasticsearch-7.17.10.jar:7.17.10]",
"at org.elasticsearch.common.util.concurrent.ListenableFuture.notifyListenerDirectly(ListenableFuture.java:113) [elasticsearch-7.17.10.jar:7.17.10]",
"at org.elasticsearch.common.util.concurrent.ListenableFuture.addListener(ListenableFuture.java:55) [elasticsearch-7.17.10.jar:7.17.10]",
"at org.elasticsearch.common.util.concurrent.ListenableFuture.addListener(ListenableFuture.java:41) [elasticsearch-7.17.10.jar:7.17.10]",
"at org.elasticsearch.xpack.security.authz.AuthorizationService$CachingAsyncSupplier.getAsync(AuthorizationService.java:1012) [x-pack-security-7.17.10.jar:7.17.10]",
"at org.elasticsearch.xpack.security.authz.RBACEngine.authorizeIndexAction(RBACEngine.java:380) [x-pack-security-7.17.10.jar:7.17.10]",
"at org.elasticsearch.xpack.security.authz.AuthorizationService.authorizeAction(AuthorizationService.java:440) [x-pack-security-7.17.10.jar:7.17.10]",
"at org.elasticsearch.xpack.security.authz.AuthorizationService.maybeAuthorizeRunAs(AuthorizationService.java:377) [x-pack-security-7.17.10.jar:7.17.10]",
"at org.elasticsearch.xpack.security.authz.AuthorizationService.lambda$authorize$1(AuthorizationService.java:262) [x-pack-security-7.17.10.jar:7.17.10]",
"at org.elasticsearch.action.ActionListener$1.onResponse(ActionListener.java:136) [elasticsearch-7.17.10.jar:7.17.10]",
"at org.elasticsearch.action.support.ContextPreservingActionListener.onResponse(ContextPreservingActionListener.java:31) [elasticsearch-7.17.10.jar:7.17.10]",
"at org.elasticsearch.xpack.security.authz.RBACEngine.lambda$resolveAuthorizationInfo$1(RBACEngine.java:148) [x-pack-security-7.17.10.jar:7.17.10]",
"at org.elasticsearch.action.ActionListener$1.onResponse(ActionListener.java:136) [elasticsearch-7.17.10.jar:7.17.10]",
"at org.elasticsearch.xpack.security.authz.store.CompositeRolesStore.getRoles(CompositeRolesStore.java:277) [x-pack-security-7.17.10.jar:7.17.10]",
"at org.elasticsearch.xpack.security.authz.RBACEngine.getRoles(RBACEngine.java:154) [x-pack-security-7.17.10.jar:7.17.10]",
"at org.elasticsearch.xpack.security.authz.RBACEngine.resolveAuthorizationInfo(RBACEngine.java:137) [x-pack-security-7.17.10.jar:7.17.10]",
"at org.elasticsearch.xpack.security.authz.AuthorizationService.authorize(AuthorizationService.java:264) [x-pack-security-7.17.10.jar:7.17.10]",
"at org.elasticsearch.xpack.security.transport.ServerTransportFilter$NodeProfile.lambda$inbound$1(ServerTransportFilter.java:136) [x-pack-security-7.17.10.jar:7.17.10]",
"at org.elasticsearch.action.ActionListener$1.onResponse(ActionListener.java:136) [elasticsearch-7.17.10.jar:7.17.10]",
"at org.elasticsearch.action.ActionListener$MappedActionListener.onResponse(ActionListener.java:101) [elasticsearch-7.17.10.jar:7.17.10]",
"at org.elasticsearch.xpack.security.authc.AuthenticatorChain.authenticateAsync(AuthenticatorChain.java:102) [x-pack-security-7.17.10.jar:7.17.10]",
"at org.elasticsearch.xpack.security.authc.AuthenticationService.authenticate(AuthenticationService.java:199) [x-pack-security-7.17.10.jar:7.17.10]",
"at org.elasticsearch.xpack.security.transport.ServerTransportFilter$NodeProfile.inbound(ServerTransportFilter.java:128) [x-pack-security-7.17.10.jar:7.17.10]",
"at org.elasticsearch.xpack.security.transport.SecurityServerTransportInterceptor$ProfileSecuredRequestHandler.messageReceived(SecurityServerTransportInterceptor.java:415) [x-pack-security-7.17.10.jar:7.17.10]",
"at org.elasticsearch.transport.RequestHandlerRegistry.processMessageReceived(RequestHandlerRegistry.java:67) [elasticsearch-7.17.10.jar:7.17.10]",
"at org.elasticsearch.transport.TransportService.sendLocalRequest(TransportService.java:1037) [elasticsearch-7.17.10.jar:7.17.10]",
"at org.elasticsearch.transport.TransportService.access$100(TransportService.java:66) [elasticsearch-7.17.10.jar:7.17.10]",
"at org.elasticsearch.transport.TransportService$3.sendRequest(TransportService.java:143) [elasticsearch-7.17.10.jar:7.17.10]",
"at org.elasticsearch.transport.TransportService.sendRequestInternal(TransportService.java:975) [elasticsearch-7.17.10.jar:7.17.10]",
"at org.elasticsearch.xpack.security.transport.SecurityServerTransportInterceptor.sendWithUser(SecurityServerTransportInterceptor.java:206) [x-pack-security-7.17.10.jar:7.17.10]",
"at org.elasticsearch.xpack.security.transport.SecurityServerTransportInterceptor.access$300(SecurityServerTransportInterceptor.java:53) [x-pack-security-7.17.10.jar:7.17.10]",
"at org.elasticsearch.xpack.security.transport.SecurityServerTransportInterceptor$1.sendRequest(SecurityServerTransportInterceptor.java:167) [x-pack-security-7.17.10.jar:7.17.10]",
"at org.elasticsearch.transport.TransportService.sendRequest(TransportService.java:874) [elasticsearch-7.17.10.jar:7.17.10]",
"at org.elasticsearch.transport.TransportService.sendChildRequest(TransportService.java:937) [elasticsearch-7.17.10.jar:7.17.10]",
"at org.elasticsearch.transport.TransportService.sendChildRequest(TransportService.java:925) [elasticsearch-7.17.10.jar:7.17.10]",
"at org.elasticsearch.action.search.TransportOpenPointInTimeAction.lambda$doExecute$0(TransportOpenPointInTimeAction.java:102) [elasticsearch-7.17.10.jar:7.17.10]",
"at org.elasticsearch.action.search.TransportSearchAction$1$1.executePhaseOnShard(TransportSearchAction.java:347) [elasticsearch-7.17.10.jar:7.17.10]",
"at org.elasticsearch.action.search.AbstractSearchAsyncAction.lambda$performPhaseOnShard$3(AbstractSearchAsyncAction.java:316) [elasticsearch-7.17.10.jar:7.17.10]",
"at org.elasticsearch.action.search.AbstractSearchAsyncAction.performPhaseOnShard(AbstractSearchAsyncAction.java:352) [elasticsearch-7.17.10.jar:7.17.10]",
"at org.elasticsearch.action.search.AbstractSearchAsyncAction.run(AbstractSearchAsyncAction.java:244) [elasticsearch-7.17.10.jar:7.17.10]",
"at org.elasticsearch.action.search.AbstractSearchAsyncAction.executePhase(AbstractSearchAsyncAction.java:454) [elasticsearch-7.17.10.jar:7.17.10]",
"at org.elasticsearch.action.search.AbstractSearchAsyncAction.start(AbstractSearchAsyncAction.java:199) [elasticsearch-7.17.10.jar:7.17.10]",
"at org.elasticsearch.action.search.TransportSearchAction.executeSearch(TransportSearchAction.java:1048) [elasticsearch-7.17.10.jar:7.17.10]",
"at org.elasticsearch.action.search.TransportSearchAction.executeLocalSearch(TransportSearchAction.java:763) [elasticsearch-7.17.10.jar:7.17.10]",
"at org.elasticsearch.action.search.TransportSearchAction.lambda$executeRequest$6(TransportSearchAction.java:399) [elasticsearch-7.17.10.jar:7.17.10]",
"at org.elasticsearch.action.ActionListener$1.onResponse(ActionListener.java:136) [elasticsearch-7.17.10.jar:7.17.10]",
"at org.elasticsearch.index.query.Rewriteable.rewriteAndFetch(Rewriteable.java:112) [elasticsearch-7.17.10.jar:7.17.10]",
"at org.elasticsearch.index.query.Rewriteable.rewriteAndFetch(Rewriteable.java:77) [elasticsearch-7.17.10.jar:7.17.10]",
"at org.elasticsearch.action.search.TransportSearchAction.executeRequest(TransportSearchAction.java:487) [elasticsearch-7.17.10.jar:7.17.10]",
"at org.elasticsearch.action.search.TransportSearchAction.executeRequest(TransportSearchAction.java:305) [elasticsearch-7.17.10.jar:7.17.10]",
"at org.elasticsearch.action.search.TransportOpenPointInTimeAction.doExecute(TransportOpenPointInTimeAction.java:91) [elasticsearch-7.17.10.jar:7.17.10]",
"at org.elasticsearch.action.search.TransportOpenPointInTimeAction.doExecute(TransportOpenPointInTimeAction.java:39) [elasticsearch-7.17.10.jar:7.17.10]",
"at org.elasticsearch.action.support.TransportAction$RequestFilterChain.proceed(TransportAction.java:186) [elasticsearch-7.17.10.jar:7.17.10]",
"at org.elasticsearch.xpack.security.action.filter.SecurityActionFilter.lambda$applyInternal$3(SecurityActionFilter.java:190) [x-pack-security-7.17.10.jar:7.17.10]",
"at org.elasticsearch.action.ActionListener$DelegatingFailureActionListener.onResponse(ActionListener.java:219) [elasticsearch-7.17.10.jar:7.17.10]",
"at org.elasticsearch.xpack.security.authz.AuthorizationService$1.onResponse(AuthorizationService.java:574) [x-pack-security-7.17.10.jar:7.17.10]",
"at org.elasticsearch.xpack.security.authz.AuthorizationService$1.onResponse(AuthorizationService.java:568) [x-pack-security-7.17.10.jar:7.17.10]",
"at org.elasticsearch.xpack.security.authz.interceptor.DlsFlsLicenseRequestInterceptor.intercept(DlsFlsLicenseRequestInterceptor.java:100) [x-pack-security-7.17.10.jar:7.17.10]",
"at org.elasticsearch.xpack.security.authz.AuthorizationService$1.onResponse(AuthorizationService.java:572) [x-pack-security-7.17.10.jar:7.17.10]",
"at org.elasticsearch.xpack.security.authz.AuthorizationService$1.onResponse(AuthorizationService.java:568) [x-pack-security-7.17.10.jar:7.17.10]",
"at org.elasticsearch.xpack.security.authz.interceptor.FieldAndDocumentLevelSecurityRequestInterceptor.intercept(FieldAndDocumentLevelSecurityRequestInterceptor.java:85) [x-pack-security-7.17.10.jar:7.17.10]",
"at org.elasticsearch.xpack.security.authz.interceptor.SearchRequestInterceptor.intercept(SearchRequestInterceptor.java:26) [x-pack-security-7.17.10.jar:7.17.10]",
"at org.elasticsearch.xpack.security.authz.AuthorizationService$1.onResponse(AuthorizationService.java:572) [x-pack-security-7.17.10.jar:7.17.10]",
"at org.elasticsearch.xpack.security.authz.AuthorizationService$1.onResponse(AuthorizationService.java:568) [x-pack-security-7.17.10.jar:7.17.10]",
"at org.elasticsearch.xpack.security.authz.interceptor.FieldAndDocumentLevelSecurityRequestInterceptor.intercept(FieldAndDocumentLevelSecurityRequestInterceptor.java:85) [x-pack-security-7.17.10.jar:7.17.10]",
"at org.elasticsearch.xpack.security.authz.interceptor.UpdateRequestInterceptor.intercept(UpdateRequestInterceptor.java:27) [x-pack-security-7.17.10.jar:7.17.10]",
"at org.elasticsearch.xpack.security.authz.AuthorizationService$1.onResponse(AuthorizationService.java:572) [x-pack-security-7.17.10.jar:7.17.10]",
"at org.elasticsearch.xpack.security.authz.AuthorizationService$1.onResponse(AuthorizationService.java:568) [x-pack-security-7.17.10.jar:7.17.10]",
"at org.elasticsearch.xpack.security.authz.interceptor.FieldAndDocumentLevelSecurityRequestInterceptor.intercept(FieldAndDocumentLevelSecurityRequestInterceptor.java:85) [x-pack-security-7.17.10.jar:7.17.10]",
"at org.elasticsearch.xpack.security.authz.interceptor.ShardSearchRequestInterceptor.intercept(ShardSearchRequestInterceptor.java:26) [x-pack-security-7.17.10.jar:7.17.10]",
"at org.elasticsearch.xpack.security.authz.AuthorizationService$1.onResponse(AuthorizationService.java:572) [x-pack-security-7.17.10.jar:7.17.10]",
"at org.elasticsearch.xpack.security.authz.AuthorizationService$1.onResponse(AuthorizationService.java:568) [x-pack-security-7.17.10.jar:7.17.10]",
"at org.elasticsearch.xpack.security.authz.interceptor.BulkShardRequestInterceptor.intercept(BulkShardRequestInterceptor.java:87) [x-pack-security-7.17.10.jar:7.17.10]",
"at org.elasticsearch.xpack.security.authz.AuthorizationService$1.onResponse(AuthorizationService.java:572) [x-pack-security-7.17.10.jar:7.17.10]",
"at org.elasticsearch.xpack.security.authz.AuthorizationService$1.onResponse(AuthorizationService.java:568) [x-pack-security-7.17.10.jar:7.17.10]",
"at org.elasticsearch.xpack.security.authz.interceptor.IndicesAliasesRequestInterceptor.intercept(IndicesAliasesRequestInterceptor.java:128) [x-pack-security-7.17.10.jar:7.17.10]",
"at org.elasticsearch.xpack.security.authz.AuthorizationService$1.onResponse(AuthorizationService.java:572) [x-pack-security-7.17.10.jar:7.17.10]",
"at org.elasticsearch.xpack.security.authz.AuthorizationService$1.onResponse(AuthorizationService.java:568) [x-pack-security-7.17.10.jar:7.17.10]",
"at org.elasticsearch.xpack.security.authz.interceptor.ResizeRequestInterceptor.intercept(ResizeRequestInterceptor.java:103) [x-pack-security-7.17.10.jar:7.17.10]",
"at org.elasticsearch.xpack.security.authz.AuthorizationService.runRequestInterceptors(AuthorizationService.java:568) [x-pack-security-7.17.10.jar:7.17.10]",
"at org.elasticsearch.xpack.security.authz.AuthorizationService.handleIndexActionAuthorizationResult(AuthorizationService.java:553) [x-pack-security-7.17.10.jar:7.17.10]",
"at org.elasticsearch.xpack.security.authz.AuthorizationService.lambda$authorizeAction$9(AuthorizationService.java:447) [x-pack-security-7.17.10.jar:7.17.10]",
"at org.elasticsearch.xpack.security.authz.AuthorizationService$AuthorizationResultListener.onResponse(AuthorizationService.java:964) [x-pack-security-7.17.10.jar:7.17.10]",
"at org.elasticsearch.xpack.security.authz.AuthorizationService$AuthorizationResultListener.onResponse(AuthorizationService.java:928) [x-pack-security-7.17.10.jar:7.17.10]",
"at org.elasticsearch.action.support.ContextPreservingActionListener.onResponse(ContextPreservingActionListener.java:31) [elasticsearch-7.17.10.jar:7.17.10]",
"at org.elasticsearch.xpack.security.authz.RBACEngine.lambda$authorizeIndexAction$3(RBACEngine.java:362) [x-pack-security-7.17.10.jar:7.17.10]",
"at org.elasticsearch.action.ActionListener$1.onResponse(ActionListener.java:136) [elasticsearch-7.17.10.jar:7.17.10]",
"at org.elasticsearch.common.util.concurrent.ListenableFuture.notifyListenerDirectly(ListenableFuture.java:113) [elasticsearch-7.17.10.jar:7.17.10]",
"at org.elasticsearch.common.util.concurrent.ListenableFuture.addListener(ListenableFuture.java:55) [elasticsearch-7.17.10.jar:7.17.10]",
"at org.elasticsearch.common.util.concurrent.ListenableFuture.addListener(ListenableFuture.java:41) [elasticsearch-7.17.10.jar:7.17.10]",
"at org.elasticsearch.xpack.security.authz.AuthorizationService$CachingAsyncSupplier.getAsync(AuthorizationService.java:1012) [x-pack-security-7.17.10.jar:7.17.10]",
"at org.elasticsearch.xpack.security.authz.RBACEngine.authorizeIndexAction(RBACEngine.java:353) [x-pack-security-7.17.10.jar:7.17.10]",
"at org.elasticsearch.xpack.security.authz.AuthorizationService.authorizeAction(AuthorizationService.java:440) [x-pack-security-7.17.10.jar:7.17.10]",
"at org.elasticsearch.xpack.security.authz.AuthorizationService.maybeAuthorizeRunAs(AuthorizationService.java:377) [x-pack-security-7.17.10.jar:7.17.10]",
"at org.elasticsearch.xpack.security.authz.AuthorizationService.lambda$authorize$1(AuthorizationService.java:262) [x-pack-security-7.17.10.jar:7.17.10]",
"at org.elasticsearch.action.ActionListener$1.onResponse(ActionListener.java:136) [elasticsearch-7.17.10.jar:7.17.10]",
"at org.elasticsearch.action.support.ContextPreservingActionListener.onResponse(ContextPreservingActionListener.java:31) [elasticsearch-7.17.10.jar:7.17.10]",
"at org.elasticsearch.xpack.security.authz.RBACEngine.lambda$resolveAuthorizationInfo$1(RBACEngine.java:148) [x-pack-security-7.17.10.jar:7.17.10]",
"at org.elasticsearch.action.ActionListener$1.onResponse(ActionListener.java:136) [elasticsearch-7.17.10.jar:7.17.10]",
"at org.elasticsearch.xpack.security.authz.store.CompositeRolesStore.getRoles(CompositeRolesStore.java:277) [x-pack-security-7.17.10.jar:7.17.10]",
"at org.elasticsearch.xpack.security.authz.RBACEngine.getRoles(RBACEngine.java:154) [x-pack-security-7.17.10.jar:7.17.10]",
"at org.elasticsearch.xpack.security.authz.RBACEngine.resolveAuthorizationInfo(RBACEngine.java:137) [x-pack-security-7.17.10.jar:7.17.10]",
"at org.elasticsearch.xpack.security.authz.AuthorizationService.authorize(AuthorizationService.java:264) [x-pack-security-7.17.10.jar:7.17.10]",
"at org.elasticsearch.xpack.security.action.filter.SecurityActionFilter.lambda$applyInternal$4(SecurityActionFilter.java:186) [x-pack-security-7.17.10.jar:7.17.10]",
"at org.elasticsearch.action.ActionListener$1.onResponse(ActionListener.java:136) [elasticsearch-7.17.10.jar:7.17.10]",
"at org.elasticsearch.action.ActionListener$MappedActionListener.onResponse(ActionListener.java:101) [elasticsearch-7.17.10.jar:7.17.10]",
"at org.elasticsearch.xpack.security.authc.AuthenticatorChain.authenticateAsync(AuthenticatorChain.java:102) [x-pack-security-7.17.10.jar:7.17.10]",
"at org.elasticsearch.xpack.security.authc.AuthenticationService.authenticate(AuthenticationService.java:171) [x-pack-security-7.17.10.jar:7.17.10]",
"at org.elasticsearch.xpack.security.action.filter.SecurityActionFilter.applyInternal(SecurityActionFilter.java:182) [x-pack-security-7.17.10.jar:7.17.10]",
"at org.elasticsearch.xpack.security.action.filter.SecurityActionFilter.apply(SecurityActionFilter.java:124) [x-pack-security-7.17.10.jar:7.17.10]",
"at org.elasticsearch.action.support.TransportAction$RequestFilterChain.proceed(TransportAction.java:184) [elasticsearch-7.17.10.jar:7.17.10]",
"at org.elasticsearch.action.support.TransportAction.execute(TransportAction.java:161) [elasticsearch-7.17.10.jar:7.17.10]",
"at org.elasticsearch.action.support.TransportAction.execute(TransportAction.java:82) [elasticsearch-7.17.10.jar:7.17.10]",
"at org.elasticsearch.client.node.NodeClient.executeLocally(NodeClient.java:95) [elasticsearch-7.17.10.jar:7.17.10]",
"at org.elasticsearch.client.node.NodeClient.doExecute(NodeClient.java:73) [elasticsearch-7.17.10.jar:7.17.10]",
"at org.elasticsearch.client.support.AbstractClient.execute(AbstractClient.java:407) [elasticsearch-7.17.10.jar:7.17.10]",
"at org.elasticsearch.action.search.RestOpenPointInTimeAction.lambda$prepareRequest$0(RestOpenPointInTimeAction.java:45) [elasticsearch-7.17.10.jar:7.17.10]",
"at org.elasticsearch.rest.BaseRestHandler.handleRequest(BaseRestHandler.java:109) [elasticsearch-7.17.10.jar:7.17.10]",
"at org.elasticsearch.xpack.security.rest.SecurityRestFilter.lambda$handleRequest$0(SecurityRestFilter.java:90) [x-pack-security-7.17.10.jar:7.17.10]",
"at org.elasticsearch.action.ActionListener$1.onResponse(ActionListener.java:136) [elasticsearch-7.17.10.jar:7.17.10]",
"at org.elasticsearch.xpack.security.authc.support.SecondaryAuthenticator.lambda$authenticateAndAttachToContext$2(SecondaryAuthenticator.java:84) [x-pack-security-7.17.10.jar:7.17.10]",
"at org.elasticsearch.action.ActionListener$1.onResponse(ActionListener.java:136) [elasticsearch-7.17.10.jar:7.17.10]",
"at org.elasticsearch.xpack.security.authc.support.SecondaryAuthenticator.authenticate(SecondaryAuthenticator.java:94) [x-pack-security-7.17.10.jar:7.17.10]",
"at org.elasticsearch.xpack.security.authc.support.SecondaryAuthenticator.authenticateAndAttachToContext(SecondaryAuthenticator.java:78) [x-pack-security-7.17.10.jar:7.17.10]",
"at org.elasticsearch.xpack.security.rest.SecurityRestFilter.lambda$handleRequest$2(SecurityRestFilter.java:85) [x-pack-security-7.17.10.jar:7.17.10]",
"at org.elasticsearch.action.ActionListener$1.onResponse(ActionListener.java:136) [elasticsearch-7.17.10.jar:7.17.10]",
"at org.elasticsearch.action.ActionListener$MappedActionListener.onResponse(ActionListener.java:101) [elasticsearch-7.17.10.jar:7.17.10]",
"at org.elasticsearch.action.ActionListener$RunBeforeActionListener.onResponse(ActionListener.java:389) [elasticsearch-7.17.10.jar:7.17.10]",
"at org.elasticsearch.xpack.security.authc.AuthenticatorChain.writeAuthToContext(AuthenticatorChain.java:376) [x-pack-security-7.17.10.jar:7.17.10]",
"at org.elasticsearch.xpack.security.authc.AuthenticatorChain.finishAuthentication(AuthenticatorChain.java:352) [x-pack-security-7.17.10.jar:7.17.10]",
"at org.elasticsearch.xpack.security.authc.AuthenticatorChain.maybeLookupRunAsUser(AuthenticatorChain.java:205) [x-pack-security-7.17.10.jar:7.17.10]",
"at org.elasticsearch.xpack.security.authc.AuthenticatorChain.lambda$doAuthenticate$1(AuthenticatorChain.java:128) [x-pack-security-7.17.10.jar:7.17.10]",
"at org.elasticsearch.action.ActionListener$1.onResponse(ActionListener.java:136) [elasticsearch-7.17.10.jar:7.17.10]",
"at org.elasticsearch.xpack.core.common.IteratingActionListener.onResponse(IteratingActionListener.java:141) [x-pack-core-7.17.10.jar:7.17.10]",
"at org.elasticsearch.xpack.security.authc.AuthenticatorChain.lambda$getAuthenticatorConsumer$3(AuthenticatorChain.java:175) [x-pack-security-7.17.10.jar:7.17.10]",
"at org.elasticsearch.action.ActionListener$1.onResponse(ActionListener.java:136) [elasticsearch-7.17.10.jar:7.17.10]",
"at org.elasticsearch.xpack.security.authc.RealmsAuthenticator.lambda$consumeToken$3(RealmsAuthenticator.java:219) [x-pack-security-7.17.10.jar:7.17.10]",
"at org.elasticsearch.action.ActionListener$1.onResponse(ActionListener.java:136) [elasticsearch-7.17.10.jar:7.17.10]",
"at org.elasticsearch.action.support.ContextPreservingActionListener.onResponse(ContextPreservingActionListener.java:31) [elasticsearch-7.17.10.jar:7.17.10]",
"at org.elasticsearch.xpack.core.common.IteratingActionListener.onResponse(IteratingActionListener.java:141) [x-pack-core-7.17.10.jar:7.17.10]",
"at org.elasticsearch.xpack.security.authc.RealmsAuthenticator.lambda$consumeToken$0(RealmsAuthenticator.java:164) [x-pack-security-7.17.10.jar:7.17.10]",
"at org.elasticsearch.action.ActionListener$1.onResponse(ActionListener.java:136) [elasticsearch-7.17.10.jar:7.17.10]",
"at org.elasticsearch.xpack.security.authc.support.CachingUsernamePasswordRealm.lambda$authenticateWithCache$1(CachingUsernamePasswordRealm.java:155) [x-pack-security-7.17.10.jar:7.17.10]",
"at org.elasticsearch.action.ActionListener$1.onResponse(ActionListener.java:136) [elasticsearch-7.17.10.jar:7.17.10]",
"at org.elasticsearch.xpack.security.authc.support.CachingUsernamePasswordRealm.handleCachedAuthentication(CachingUsernamePasswordRealm.java:242) [x-pack-security-7.17.10.jar:7.17.10]",
"at org.elasticsearch.xpack.security.authc.support.CachingUsernamePasswordRealm.lambda$authenticateWithCache$2(CachingUsernamePasswordRealm.java:139) [x-pack-security-7.17.10.jar:7.17.10]",
"at org.elasticsearch.action.ActionListener$1.onResponse(ActionListener.java:136) [elasticsearch-7.17.10.jar:7.17.10]",
"at org.elasticsearch.common.util.concurrent.ListenableFuture.notifyListenerDirectly(ListenableFuture.java:113) [elasticsearch-7.17.10.jar:7.17.10]",
"at org.elasticsearch.common.util.concurrent.ListenableFuture.addListener(ListenableFuture.java:55) [elasticsearch-7.17.10.jar:7.17.10]",
"at org.elasticsearch.xpack.security.authc.support.CachingUsernamePasswordRealm.authenticateWithCache(CachingUsernamePasswordRealm.java:134) [x-pack-security-7.17.10.jar:7.17.10]",
"at org.elasticsearch.xpack.security.authc.support.CachingUsernamePasswordRealm.authenticate(CachingUsernamePasswordRealm.java:105) [x-pack-security-7.17.10.jar:7.17.10]",
"at org.elasticsearch.xpack.security.authc.RealmsAuthenticator.lambda$consumeToken$2(RealmsAuthenticator.java:148) [x-pack-security-7.17.10.jar:7.17.10]",
"at org.elasticsearch.xpack.core.common.IteratingActionListener.run(IteratingActionListener.java:117) [x-pack-core-7.17.10.jar:7.17.10]",
"at org.elasticsearch.xpack.security.authc.RealmsAuthenticator.consumeToken(RealmsAuthenticator.java:233) [x-pack-security-7.17.10.jar:7.17.10]",
"at org.elasticsearch.xpack.security.authc.RealmsAuthenticator.authenticate(RealmsAuthenticator.java:84) [x-pack-security-7.17.10.jar:7.17.10]",
"at org.elasticsearch.xpack.security.authc.AuthenticatorChain.lambda$getAuthenticatorConsumer$5(AuthenticatorChain.java:171) [x-pack-security-7.17.10.jar:7.17.10]",
"at org.elasticsearch.xpack.core.common.IteratingActionListener.onResponse(IteratingActionListener.java:135) [x-pack-core-7.17.10.jar:7.17.10]",
"at org.elasticsearch.xpack.security.authc.AuthenticatorChain.lambda$getAuthenticatorConsumer$5(AuthenticatorChain.java:165) [x-pack-security-7.17.10.jar:7.17.10]",
"at org.elasticsearch.xpack.core.common.IteratingActionListener.onResponse(IteratingActionListener.java:135) [x-pack-core-7.17.10.jar:7.17.10]",
"at org.elasticsearch.xpack.security.authc.AuthenticatorChain.lambda$getAuthenticatorConsumer$5(AuthenticatorChain.java:165) [x-pack-security-7.17.10.jar:7.17.10]",
"at org.elasticsearch.xpack.core.common.IteratingActionListener.onResponse(IteratingActionListener.java:135) [x-pack-core-7.17.10.jar:7.17.10]",
"at org.elasticsearch.xpack.security.authc.AuthenticatorChain.lambda$getAuthenticatorConsumer$5(AuthenticatorChain.java:165) [x-pack-security-7.17.10.jar:7.17.10]",
"at org.elasticsearch.xpack.core.common.IteratingActionListener.run(IteratingActionListener.java:117) [x-pack-core-7.17.10.jar:7.17.10]",
"at org.elasticsearch.xpack.security.authc.AuthenticatorChain.doAuthenticate(AuthenticatorChain.java:143) [x-pack-security-7.17.10.jar:7.17.10]",
"at org.elasticsearch.xpack.security.authc.AuthenticatorChain.authenticateAsync(AuthenticatorChain.java:104) [x-pack-security-7.17.10.jar:7.17.10]",
"at org.elasticsearch.xpack.security.authc.AuthenticationService.authenticate(AuthenticationService.java:149) [x-pack-security-7.17.10.jar:7.17.10]",
"at org.elasticsearch.xpack.security.authc.AuthenticationService.authenticate(AuthenticationService.java:127) [x-pack-security-7.17.10.jar:7.17.10]",
"at org.elasticsearch.xpack.security.rest.SecurityRestFilter.handleRequest(SecurityRestFilter.java:79) [x-pack-security-7.17.10.jar:7.17.10]",
"at org.elasticsearch.rest.RestController.dispatchRequest(RestController.java:337) [elasticsearch-7.17.10.jar:7.17.10]",
"at org.elasticsearch.rest.RestController.tryAllHandlers(RestController.java:403) [elasticsearch-7.17.10.jar:7.17.10]",
"at org.elasticsearch.rest.RestController.dispatchRequest(RestController.java:255) [elasticsearch-7.17.10.jar:7.17.10]",
"at org.elasticsearch.http.AbstractHttpServerTransport.dispatchRequest(AbstractHttpServerTransport.java:382) [elasticsearch-7.17.10.jar:7.17.10]",
"at org.elasticsearch.http.AbstractHttpServerTransport.handleIncomingRequest(AbstractHttpServerTransport.java:461) [elasticsearch-7.17.10.jar:7.17.10]",
"at org.elasticsearch.http.AbstractHttpServerTransport.incomingRequest(AbstractHttpServerTransport.java:357) [elasticsearch-7.17.10.jar:7.17.10]",
"at org.elasticsearch.http.netty4.Netty4HttpRequestHandler.channelRead0(Netty4HttpRequestHandler.java:35) [transport-netty4-client-7.17.10.jar:7.17.10]",
"at org.elasticsearch.http.netty4.Netty4HttpRequestHandler.channelRead0(Netty4HttpRequestHandler.java:19) [transport-netty4-client-7.17.10.jar:7.17.10]",
"at io.netty.channel.SimpleChannelInboundHandler.channelRead(SimpleChannelInboundHandler.java:99) [netty-transport-4.1.66.Final.jar:4.1.66.Final]",
"at io.netty.channel.AbstractChannelHandlerContext.invokeChannelRead(AbstractChannelHandlerContext.java:379) [netty-transport-4.1.66.Final.jar:4.1.66.Final]",
"at io.netty.channel.AbstractChannelHandlerContext.invokeChannelRead(AbstractChannelHandlerContext.java:365) [netty-transport-4.1.66.Final.jar:4.1.66.Final]",
"at io.netty.channel.AbstractChannelHandlerContext.fireChannelRead(AbstractChannelHandlerContext.java:357) [netty-transport-4.1.66.Final.jar:4.1.66.Final]",
"at org.elasticsearch.http.netty4.Netty4HttpPipeliningHandler.channelRead(Netty4HttpPipeliningHandler.java:48) [transport-netty4-client-7.17.10.jar:7.17.10]",
"at io.netty.channel.AbstractChannelHandlerContext.invokeChannelRead(AbstractChannelHandlerContext.java:379) [netty-transport-4.1.66.Final.jar:4.1.66.Final]",
"at io.netty.channel.AbstractChannelHandlerContext.invokeChannelRead(AbstractChannelHandlerContext.java:365) [netty-transport-4.1.66.Final.jar:4.1.66.Final]",
"at io.netty.channel.AbstractChannelHandlerContext.fireChannelRead(AbstractChannelHandlerContext.java:357) [netty-transport-4.1.66.Final.jar:4.1.66.Final]",
"at io.netty.handler.codec.MessageToMessageDecoder.channelRead(MessageToMessageDecoder.java:103) [netty-codec-4.1.66.Final.jar:4.1.66.Final]",
"at io.netty.channel.AbstractChannelHandlerContext.invokeChannelRead(AbstractChannelHandlerContext.java:379) [netty-transport-4.1.66.Final.jar:4.1.66.Final]",
"at io.netty.channel.AbstractChannelHandlerContext.invokeChannelRead(AbstractChannelHandlerContext.java:365) [netty-transport-4.1.66.Final.jar:4.1.66.Final]",
"at io.netty.channel.AbstractChannelHandlerContext.fireChannelRead(AbstractChannelHandlerContext.java:357) [netty-transport-4.1.66.Final.jar:4.1.66.Final]",
"at io.netty.handler.codec.MessageToMessageDecoder.channelRead(MessageToMessageDecoder.java:103) [netty-codec-4.1.66.Final.jar:4.1.66.Final]",
"at io.netty.handler.codec.MessageToMessageCodec.channelRead(MessageToMessageCodec.java:111) [netty-codec-4.1.66.Final.jar:4.1.66.Final]",
"at io.netty.channel.AbstractChannelHandlerContext.invokeChannelRead(AbstractChannelHandlerContext.java:379) [netty-transport-4.1.66.Final.jar:4.1.66.Final]",
"at io.netty.channel.AbstractChannelHandlerContext.invokeChannelRead(AbstractChannelHandlerContext.java:365) [netty-transport-4.1.66.Final.jar:4.1.66.Final]",
"at io.netty.channel.AbstractChannelHandlerContext.fireChannelRead(AbstractChannelHandlerContext.java:357) [netty-transport-4.1.66.Final.jar:4.1.66.Final]",
"at io.netty.handler.codec.MessageToMessageDecoder.channelRead(MessageToMessageDecoder.java:103) [netty-codec-4.1.66.Final.jar:4.1.66.Final]",
"at io.netty.channel.AbstractChannelHandlerContext.invokeChannelRead(AbstractChannelHandlerContext.java:379) [netty-transport-4.1.66.Final.jar:4.1.66.Final]",
"at io.netty.channel.AbstractChannelHandlerContext.invokeChannelRead(AbstractChannelHandlerContext.java:365) [netty-transport-4.1.66.Final.jar:4.1.66.Final]",
"at io.netty.channel.AbstractChannelHandlerContext.fireChannelRead(AbstractChannelHandlerContext.java:357) [netty-transport-4.1.66.Final.jar:4.1.66.Final]",
"at io.netty.handler.codec.MessageToMessageDecoder.channelRead(MessageToMessageDecoder.java:103) [netty-codec-4.1.66.Final.jar:4.1.66.Final]",
"at io.netty.channel.AbstractChannelHandlerContext.invokeChannelRead(AbstractChannelHandlerContext.java:379) [netty-transport-4.1.66.Final.jar:4.1.66.Final]",
"at io.netty.channel.AbstractChannelHandlerContext.invokeChannelRead(AbstractChannelHandlerContext.java:365) [netty-transport-4.1.66.Final.jar:4.1.66.Final]",
"at io.netty.channel.AbstractChannelHandlerContext.fireChannelRead(AbstractChannelHandlerContext.java:357) [netty-transport-4.1.66.Final.jar:4.1.66.Final]",
"at io.netty.handler.codec.ByteToMessageDecoder.fireChannelRead(ByteToMessageDecoder.java:324) [netty-codec-4.1.66.Final.jar:4.1.66.Final]",
"at io.netty.handler.codec.ByteToMessageDecoder.channelRead(ByteToMessageDecoder.java:296) [netty-codec-4.1.66.Final.jar:4.1.66.Final]",
"at io.netty.channel.AbstractChannelHandlerContext.invokeChannelRead(AbstractChannelHandlerContext.java:379) [netty-transport-4.1.66.Final.jar:4.1.66.Final]",
"at io.netty.channel.AbstractChannelHandlerContext.invokeChannelRead(AbstractChannelHandlerContext.java:365) [netty-transport-4.1.66.Final.jar:4.1.66.Final]",
"at io.netty.channel.AbstractChannelHandlerContext.fireChannelRead(AbstractChannelHandlerContext.java:357) [netty-transport-4.1.66.Final.jar:4.1.66.Final]",
"at io.netty.handler.timeout.IdleStateHandler.channelRead(IdleStateHandler.java:286) [netty-handler-4.1.66.Final.jar:4.1.66.Final]",
"at io.netty.channel.AbstractChannelHandlerContext.invokeChannelRead(AbstractChannelHandlerContext.java:379) [netty-transport-4.1.66.Final.jar:4.1.66.Final]",
"at io.netty.channel.AbstractChannelHandlerContext.invokeChannelRead(AbstractChannelHandlerContext.java:365) [netty-transport-4.1.66.Final.jar:4.1.66.Final]",
"at io.netty.channel.AbstractChannelHandlerContext.fireChannelRead(AbstractChannelHandlerContext.java:357) [netty-transport-4.1.66.Final.jar:4.1.66.Final]",
"at io.netty.handler.codec.MessageToMessageDecoder.channelRead(MessageToMessageDecoder.java:103) [netty-codec-4.1.66.Final.jar:4.1.66.Final]",
"at io.netty.channel.AbstractChannelHandlerContext.invokeChannelRead(AbstractChannelHandlerContext.java:379) [netty-transport-4.1.66.Final.jar:4.1.66.Final]",
"at io.netty.channel.AbstractChannelHandlerContext.invokeChannelRead(AbstractChannelHandlerContext.java:365) [netty-transport-4.1.66.Final.jar:4.1.66.Final]",
"at io.netty.channel.AbstractChannelHandlerContext.fireChannelRead(AbstractChannelHandlerContext.java:357) [netty-transport-4.1.66.Final.jar:4.1.66.Final]",
"at io.netty.channel.DefaultChannelPipeline$HeadContext.channelRead(DefaultChannelPipeline.java:1410) [netty-transport-4.1.66.Final.jar:4.1.66.Final]",
"at io.netty.channel.AbstractChannelHandlerContext.invokeChannelRead(AbstractChannelHandlerContext.java:379) [netty-transport-4.1.66.Final.jar:4.1.66.Final]",
"at io.netty.channel.AbstractChannelHandlerContext.invokeChannelRead(AbstractChannelHandlerContext.java:365) [netty-transport-4.1.66.Final.jar:4.1.66.Final]",
"at io.netty.channel.DefaultChannelPipeline.fireChannelRead(DefaultChannelPipeline.java:919) [netty-transport-4.1.66.Final.jar:4.1.66.Final]",
"at io.netty.channel.nio.AbstractNioByteChannel$NioByteUnsafe.read(AbstractNioByteChannel.java:166) [netty-transport-4.1.66.Final.jar:4.1.66.Final]",
"at io.netty.channel.nio.NioEventLoop.processSelectedKey(NioEventLoop.java:719) [netty-transport-4.1.66.Final.jar:4.1.66.Final]",
"at io.netty.channel.nio.NioEventLoop.processSelectedKeysPlain(NioEventLoop.java:620) [netty-transport-4.1.66.Final.jar:4.1.66.Final]",
"at io.netty.channel.nio.NioEventLoop.processSelectedKeys(NioEventLoop.java:583) [netty-transport-4.1.66.Final.jar:4.1.66.Final]",
"at io.netty.channel.nio.NioEventLoop.run(NioEventLoop.java:493) [netty-transport-4.1.66.Final.jar:4.1.66.Final]",
"at io.netty.util.concurrent.SingleThreadEventExecutor$4.run(SingleThreadEventExecutor.java:986) [netty-common-4.1.66.Final.jar:4.1.66.Final]",
"at io.netty.util.internal.ThreadExecutorMap$2.run(ThreadExecutorMap.java:74) [netty-common-4.1.66.Final.jar:4.1.66.Final]",
"at java.lang.Thread.run(Thread.java:1623) [?:?]",
"Caused by: org.elasticsearch.action.NoShardAvailableActionException: [da38f2874e84][172.20.0.5:9300][indices:data/read/open_reader_context]",
"at org.elasticsearch.action.search.AbstractSearchAsyncAction.onShardFailure(AbstractSearchAsyncAction.java:532) ~[elasticsearch-7.17.10.jar:7.17.10]",
"at org.elasticsearch.action.search.AbstractSearchAsyncAction.onShardFailure(AbstractSearchAsyncAction.java:479) [elasticsearch-7.17.10.jar:7.17.10]",
"... 277 more"] }
{"type": "server", "timestamp": "2025-06-22T05:37:47,858Z", "level": "WARN", "component": "r.suppressed", "cluster.name": "docker-cluster", "node.name": "da38f2874e84", "message": "path: /.kibana_task_manager_7.17.10_001/_pit, params: {index=.kibana_task_manager_7.17.10_001, keep_alive=10m}", "cluster.uuid": "_K2lvHSSRx68TrSozPU3JA", "node.id": "rY5VrnGrTy6qVpywgTf0Ug" , 
"stacktrace": ["org.elasticsearch.action.search.SearchPhaseExecutionException: all shards failed",
"at org.elasticsearch.action.search.AbstractSearchAsyncAction.onPhaseFailure(AbstractSearchAsyncAction.java:713) [elasticsearch-7.17.10.jar:7.17.10]",
"at org.elasticsearch.action.search.AbstractSearchAsyncAction.executeNextPhase(AbstractSearchAsyncAction.java:400) [elasticsearch-7.17.10.jar:7.17.10]",
"at org.elasticsearch.action.search.AbstractSearchAsyncAction.onPhaseDone(AbstractSearchAsyncAction.java:745) [elasticsearch-7.17.10.jar:7.17.10]",
"at org.elasticsearch.action.search.AbstractSearchAsyncAction.onShardFailure(AbstractSearchAsyncAction.java:497) [elasticsearch-7.17.10.jar:7.17.10]",
"at org.elasticsearch.action.search.AbstractSearchAsyncAction.access$000(AbstractSearchAsyncAction.java:64) [elasticsearch-7.17.10.jar:7.17.10]",
"at org.elasticsearch.action.search.AbstractSearchAsyncAction$1.onFailure(AbstractSearchAsyncAction.java:331) [elasticsearch-7.17.10.jar:7.17.10]",
"at org.elasticsearch.action.ActionListenerResponseHandler.handleException(ActionListenerResponseHandler.java:48) [elasticsearch-7.17.10.jar:7.17.10]",
"at org.elasticsearch.transport.TransportService$4.handleException(TransportService.java:853) [elasticsearch-7.17.10.jar:7.17.10]",
"at org.elasticsearch.transport.TransportService$ContextRestoreResponseHandler.handleException(TransportService.java:1481) [elasticsearch-7.17.10.jar:7.17.10]",
"at org.elasticsearch.transport.TransportService$DirectResponseChannel.processException(TransportService.java:1607) [elasticsearch-7.17.10.jar:7.17.10]",
"at org.elasticsearch.transport.TransportService$DirectResponseChannel.sendResponse(TransportService.java:1581) [elasticsearch-7.17.10.jar:7.17.10]",
"at org.elasticsearch.transport.TaskTransportChannel.sendResponse(TaskTransportChannel.java:50) [elasticsearch-7.17.10.jar:7.17.10]",
"at org.elasticsearch.transport.TransportChannel.sendErrorResponse(TransportChannel.java:45) [elasticsearch-7.17.10.jar:7.17.10]",
"at org.elasticsearch.action.support.ChannelActionListener.onFailure(ChannelActionListener.java:41) [elasticsearch-7.17.10.jar:7.17.10]",
"at org.elasticsearch.action.ActionListener$Delegating.onFailure(ActionListener.java:66) [elasticsearch-7.17.10.jar:7.17.10]",
"at org.elasticsearch.search.SearchService.lambda$openReaderContext$10(SearchService.java:965) [elasticsearch-7.17.10.jar:7.17.10]",
"at org.elasticsearch.index.shard.IndexShard.awaitShardSearchActive(IndexShard.java:4005) [elasticsearch-7.17.10.jar:7.17.10]",
"at org.elasticsearch.search.SearchService.openReaderContext(SearchService.java:945) [elasticsearch-7.17.10.jar:7.17.10]",
"at org.elasticsearch.action.search.TransportOpenPointInTimeAction$ShardOpenReaderRequestHandler.messageReceived(TransportOpenPointInTimeAction.java:177) [elasticsearch-7.17.10.jar:7.17.10]",
"at org.elasticsearch.action.search.TransportOpenPointInTimeAction$ShardOpenReaderRequestHandler.messageReceived(TransportOpenPointInTimeAction.java:174) [elasticsearch-7.17.10.jar:7.17.10]",
"at org.elasticsearch.xpack.security.transport.SecurityServerTransportInterceptor$ProfileSecuredRequestHandler$1.doRun(SecurityServerTransportInterceptor.java:341) [x-pack-security-7.17.10.jar:7.17.10]",
"at org.elasticsearch.common.util.concurrent.AbstractRunnable.run(AbstractRunnable.java:26) [elasticsearch-7.17.10.jar:7.17.10]",
"at org.elasticsearch.xpack.security.transport.SecurityServerTransportInterceptor$ProfileSecuredRequestHandler$2.onResponse(SecurityServerTransportInterceptor.java:389) [x-pack-security-7.17.10.jar:7.17.10]",
"at org.elasticsearch.xpack.security.transport.SecurityServerTransportInterceptor$ProfileSecuredRequestHandler$2.onResponse(SecurityServerTransportInterceptor.java:386) [x-pack-security-7.17.10.jar:7.17.10]",
"at org.elasticsearch.xpack.security.authz.AuthorizationService$1.onResponse(AuthorizationService.java:574) [x-pack-security-7.17.10.jar:7.17.10]",
"at org.elasticsearch.xpack.security.authz.AuthorizationService$1.onResponse(AuthorizationService.java:568) [x-pack-security-7.17.10.jar:7.17.10]",
"at org.elasticsearch.xpack.security.authz.interceptor.DlsFlsLicenseRequestInterceptor.intercept(DlsFlsLicenseRequestInterceptor.java:100) [x-pack-security-7.17.10.jar:7.17.10]",
"at org.elasticsearch.xpack.security.authz.AuthorizationService$1.onResponse(AuthorizationService.java:572) [x-pack-security-7.17.10.jar:7.17.10]",
"at org.elasticsearch.xpack.security.authz.AuthorizationService$1.onResponse(AuthorizationService.java:568) [x-pack-security-7.17.10.jar:7.17.10]",
"at org.elasticsearch.xpack.security.authz.interceptor.FieldAndDocumentLevelSecurityRequestInterceptor.intercept(FieldAndDocumentLevelSecurityRequestInterceptor.java:85) [x-pack-security-7.17.10.jar:7.17.10]",
"at org.elasticsearch.xpack.security.authz.interceptor.SearchRequestInterceptor.intercept(SearchRequestInterceptor.java:26) [x-pack-security-7.17.10.jar:7.17.10]",
"at org.elasticsearch.xpack.security.authz.AuthorizationService$1.onResponse(AuthorizationService.java:572) [x-pack-security-7.17.10.jar:7.17.10]",
"at org.elasticsearch.xpack.security.authz.AuthorizationService$1.onResponse(AuthorizationService.java:568) [x-pack-security-7.17.10.jar:7.17.10]",
"at org.elasticsearch.xpack.security.authz.interceptor.FieldAndDocumentLevelSecurityRequestInterceptor.intercept(FieldAndDocumentLevelSecurityRequestInterceptor.java:85) [x-pack-security-7.17.10.jar:7.17.10]",
"at org.elasticsearch.xpack.security.authz.interceptor.UpdateRequestInterceptor.intercept(UpdateRequestInterceptor.java:27) [x-pack-security-7.17.10.jar:7.17.10]",
"at org.elasticsearch.xpack.security.authz.AuthorizationService$1.onResponse(AuthorizationService.java:572) [x-pack-security-7.17.10.jar:7.17.10]",
"at org.elasticsearch.xpack.security.authz.AuthorizationService$1.onResponse(AuthorizationService.java:568) [x-pack-security-7.17.10.jar:7.17.10]",
"at org.elasticsearch.xpack.security.authz.interceptor.FieldAndDocumentLevelSecurityRequestInterceptor.intercept(FieldAndDocumentLevelSecurityRequestInterceptor.java:85) [x-pack-security-7.17.10.jar:7.17.10]",
"at org.elasticsearch.xpack.security.authz.interceptor.ShardSearchRequestInterceptor.intercept(ShardSearchRequestInterceptor.java:26) [x-pack-security-7.17.10.jar:7.17.10]",
"at org.elasticsearch.xpack.security.authz.AuthorizationService$1.onResponse(AuthorizationService.java:572) [x-pack-security-7.17.10.jar:7.17.10]",
"at org.elasticsearch.xpack.security.authz.AuthorizationService$1.onResponse(AuthorizationService.java:568) [x-pack-security-7.17.10.jar:7.17.10]",
"at org.elasticsearch.xpack.security.authz.interceptor.BulkShardRequestInterceptor.intercept(BulkShardRequestInterceptor.java:87) [x-pack-security-7.17.10.jar:7.17.10]",
"at org.elasticsearch.xpack.security.authz.AuthorizationService$1.onResponse(AuthorizationService.java:572) [x-pack-security-7.17.10.jar:7.17.10]",
"at org.elasticsearch.xpack.security.authz.AuthorizationService$1.onResponse(AuthorizationService.java:568) [x-pack-security-7.17.10.jar:7.17.10]",
"at org.elasticsearch.xpack.security.authz.interceptor.IndicesAliasesRequestInterceptor.intercept(IndicesAliasesRequestInterceptor.java:128) [x-pack-security-7.17.10.jar:7.17.10]",
"at org.elasticsearch.xpack.security.authz.AuthorizationService$1.onResponse(AuthorizationService.java:572) [x-pack-security-7.17.10.jar:7.17.10]",
"at org.elasticsearch.xpack.security.authz.AuthorizationService$1.onResponse(AuthorizationService.java:568) [x-pack-security-7.17.10.jar:7.17.10]",
"at org.elasticsearch.xpack.security.authz.interceptor.ResizeRequestInterceptor.intercept(ResizeRequestInterceptor.java:103) [x-pack-security-7.17.10.jar:7.17.10]",
"at org.elasticsearch.xpack.security.authz.AuthorizationService.runRequestInterceptors(AuthorizationService.java:568) [x-pack-security-7.17.10.jar:7.17.10]",
"at org.elasticsearch.xpack.security.authz.AuthorizationService.handleIndexActionAuthorizationResult(AuthorizationService.java:553) [x-pack-security-7.17.10.jar:7.17.10]",
"at org.elasticsearch.xpack.security.authz.AuthorizationService.lambda$authorizeAction$9(AuthorizationService.java:447) [x-pack-security-7.17.10.jar:7.17.10]",
"at org.elasticsearch.xpack.security.authz.AuthorizationService$AuthorizationResultListener.onResponse(AuthorizationService.java:964) [x-pack-security-7.17.10.jar:7.17.10]",
"at org.elasticsearch.xpack.security.authz.AuthorizationService$AuthorizationResultListener.onResponse(AuthorizationService.java:928) [x-pack-security-7.17.10.jar:7.17.10]",
"at org.elasticsearch.action.support.ContextPreservingActionListener.onResponse(ContextPreservingActionListener.java:31) [elasticsearch-7.17.10.jar:7.17.10]",
"at org.elasticsearch.xpack.security.authz.RBACEngine.lambda$authorizeIndexAction$4(RBACEngine.java:388) [x-pack-security-7.17.10.jar:7.17.10]",
"at org.elasticsearch.action.ActionListener$1.onResponse(ActionListener.java:136) [elasticsearch-7.17.10.jar:7.17.10]",
"at org.elasticsearch.common.util.concurrent.ListenableFuture.notifyListenerDirectly(ListenableFuture.java:113) [elasticsearch-7.17.10.jar:7.17.10]",
"at org.elasticsearch.common.util.concurrent.ListenableFuture.addListener(ListenableFuture.java:55) [elasticsearch-7.17.10.jar:7.17.10]",
"at org.elasticsearch.common.util.concurrent.ListenableFuture.addListener(ListenableFuture.java:41) [elasticsearch-7.17.10.jar:7.17.10]",
"at org.elasticsearch.xpack.security.authz.AuthorizationService$CachingAsyncSupplier.getAsync(AuthorizationService.java:1012) [x-pack-security-7.17.10.jar:7.17.10]",
"at org.elasticsearch.xpack.security.authz.RBACEngine.authorizeIndexAction(RBACEngine.java:380) [x-pack-security-7.17.10.jar:7.17.10]",
"at org.elasticsearch.xpack.security.authz.AuthorizationService.authorizeAction(AuthorizationService.java:440) [x-pack-security-7.17.10.jar:7.17.10]",
"at org.elasticsearch.xpack.security.authz.AuthorizationService.maybeAuthorizeRunAs(AuthorizationService.java:377) [x-pack-security-7.17.10.jar:7.17.10]",
"at org.elasticsearch.xpack.security.authz.AuthorizationService.lambda$authorize$1(AuthorizationService.java:262) [x-pack-security-7.17.10.jar:7.17.10]",
"at org.elasticsearch.action.ActionListener$1.onResponse(ActionListener.java:136) [elasticsearch-7.17.10.jar:7.17.10]",
"at org.elasticsearch.action.support.ContextPreservingActionListener.onResponse(ContextPreservingActionListener.java:31) [elasticsearch-7.17.10.jar:7.17.10]",
"at org.elasticsearch.xpack.security.authz.RBACEngine.lambda$resolveAuthorizationInfo$1(RBACEngine.java:148) [x-pack-security-7.17.10.jar:7.17.10]",
"at org.elasticsearch.action.ActionListener$1.onResponse(ActionListener.java:136) [elasticsearch-7.17.10.jar:7.17.10]",
"at org.elasticsearch.xpack.security.authz.store.CompositeRolesStore.getRoles(CompositeRolesStore.java:277) [x-pack-security-7.17.10.jar:7.17.10]",
"at org.elasticsearch.xpack.security.authz.RBACEngine.getRoles(RBACEngine.java:154) [x-pack-security-7.17.10.jar:7.17.10]",
"at org.elasticsearch.xpack.security.authz.RBACEngine.resolveAuthorizationInfo(RBACEngine.java:137) [x-pack-security-7.17.10.jar:7.17.10]",
"at org.elasticsearch.xpack.security.authz.AuthorizationService.authorize(AuthorizationService.java:264) [x-pack-security-7.17.10.jar:7.17.10]",
"at org.elasticsearch.xpack.security.transport.ServerTransportFilter$NodeProfile.lambda$inbound$1(ServerTransportFilter.java:136) [x-pack-security-7.17.10.jar:7.17.10]",
"at org.elasticsearch.action.ActionListener$1.onResponse(ActionListener.java:136) [elasticsearch-7.17.10.jar:7.17.10]",
"at org.elasticsearch.action.ActionListener$MappedActionListener.onResponse(ActionListener.java:101) [elasticsearch-7.17.10.jar:7.17.10]",
"at org.elasticsearch.xpack.security.authc.AuthenticatorChain.authenticateAsync(AuthenticatorChain.java:102) [x-pack-security-7.17.10.jar:7.17.10]",
"at org.elasticsearch.xpack.security.authc.AuthenticationService.authenticate(AuthenticationService.java:199) [x-pack-security-7.17.10.jar:7.17.10]",
"at org.elasticsearch.xpack.security.transport.ServerTransportFilter$NodeProfile.inbound(ServerTransportFilter.java:128) [x-pack-security-7.17.10.jar:7.17.10]",
"at org.elasticsearch.xpack.security.transport.SecurityServerTransportInterceptor$ProfileSecuredRequestHandler.messageReceived(SecurityServerTransportInterceptor.java:415) [x-pack-security-7.17.10.jar:7.17.10]",
"at org.elasticsearch.transport.RequestHandlerRegistry.processMessageReceived(RequestHandlerRegistry.java:67) [elasticsearch-7.17.10.jar:7.17.10]",
"at org.elasticsearch.transport.TransportService.sendLocalRequest(TransportService.java:1037) [elasticsearch-7.17.10.jar:7.17.10]",
"at org.elasticsearch.transport.TransportService.access$100(TransportService.java:66) [elasticsearch-7.17.10.jar:7.17.10]",
"at org.elasticsearch.transport.TransportService$3.sendRequest(TransportService.java:143) [elasticsearch-7.17.10.jar:7.17.10]",
"at org.elasticsearch.transport.TransportService.sendRequestInternal(TransportService.java:975) [elasticsearch-7.17.10.jar:7.17.10]",
"at org.elasticsearch.xpack.security.transport.SecurityServerTransportInterceptor.sendWithUser(SecurityServerTransportInterceptor.java:206) [x-pack-security-7.17.10.jar:7.17.10]",
"at org.elasticsearch.xpack.security.transport.SecurityServerTransportInterceptor.access$300(SecurityServerTransportInterceptor.java:53) [x-pack-security-7.17.10.jar:7.17.10]",
"at org.elasticsearch.xpack.security.transport.SecurityServerTransportInterceptor$1.sendRequest(SecurityServerTransportInterceptor.java:167) [x-pack-security-7.17.10.jar:7.17.10]",
"at org.elasticsearch.transport.TransportService.sendRequest(TransportService.java:874) [elasticsearch-7.17.10.jar:7.17.10]",
"at org.elasticsearch.transport.TransportService.sendChildRequest(TransportService.java:937) [elasticsearch-7.17.10.jar:7.17.10]",
"at org.elasticsearch.transport.TransportService.sendChildRequest(TransportService.java:925) [elasticsearch-7.17.10.jar:7.17.10]",
"at org.elasticsearch.action.search.TransportOpenPointInTimeAction.lambda$doExecute$0(TransportOpenPointInTimeAction.java:102) [elasticsearch-7.17.10.jar:7.17.10]",
"at org.elasticsearch.action.search.TransportSearchAction$1$1.executePhaseOnShard(TransportSearchAction.java:347) [elasticsearch-7.17.10.jar:7.17.10]",
"at org.elasticsearch.action.search.AbstractSearchAsyncAction.lambda$performPhaseOnShard$3(AbstractSearchAsyncAction.java:316) [elasticsearch-7.17.10.jar:7.17.10]",
"at org.elasticsearch.action.search.AbstractSearchAsyncAction.performPhaseOnShard(AbstractSearchAsyncAction.java:352) [elasticsearch-7.17.10.jar:7.17.10]",
"at org.elasticsearch.action.search.AbstractSearchAsyncAction.run(AbstractSearchAsyncAction.java:244) [elasticsearch-7.17.10.jar:7.17.10]",
"at org.elasticsearch.action.search.AbstractSearchAsyncAction.executePhase(AbstractSearchAsyncAction.java:454) [elasticsearch-7.17.10.jar:7.17.10]",
"at org.elasticsearch.action.search.AbstractSearchAsyncAction.start(AbstractSearchAsyncAction.java:199) [elasticsearch-7.17.10.jar:7.17.10]",
"at org.elasticsearch.action.search.TransportSearchAction.executeSearch(TransportSearchAction.java:1048) [elasticsearch-7.17.10.jar:7.17.10]",
"at org.elasticsearch.action.search.TransportSearchAction.executeLocalSearch(TransportSearchAction.java:763) [elasticsearch-7.17.10.jar:7.17.10]",
"at org.elasticsearch.action.search.TransportSearchAction.lambda$executeRequest$6(TransportSearchAction.java:399) [elasticsearch-7.17.10.jar:7.17.10]",
"at org.elasticsearch.action.ActionListener$1.onResponse(ActionListener.java:136) [elasticsearch-7.17.10.jar:7.17.10]",
"at org.elasticsearch.index.query.Rewriteable.rewriteAndFetch(Rewriteable.java:112) [elasticsearch-7.17.10.jar:7.17.10]",
"at org.elasticsearch.index.query.Rewriteable.rewriteAndFetch(Rewriteable.java:77) [elasticsearch-7.17.10.jar:7.17.10]",
"at org.elasticsearch.action.search.TransportSearchAction.executeRequest(TransportSearchAction.java:487) [elasticsearch-7.17.10.jar:7.17.10]",
"at org.elasticsearch.action.search.TransportSearchAction.executeRequest(TransportSearchAction.java:305) [elasticsearch-7.17.10.jar:7.17.10]",
"at org.elasticsearch.action.search.TransportOpenPointInTimeAction.doExecute(TransportOpenPointInTimeAction.java:91) [elasticsearch-7.17.10.jar:7.17.10]",
"at org.elasticsearch.action.search.TransportOpenPointInTimeAction.doExecute(TransportOpenPointInTimeAction.java:39) [elasticsearch-7.17.10.jar:7.17.10]",
"at org.elasticsearch.action.support.TransportAction$RequestFilterChain.proceed(TransportAction.java:186) [elasticsearch-7.17.10.jar:7.17.10]",
"at org.elasticsearch.xpack.security.action.filter.SecurityActionFilter.lambda$applyInternal$3(SecurityActionFilter.java:190) [x-pack-security-7.17.10.jar:7.17.10]",
"at org.elasticsearch.action.ActionListener$DelegatingFailureActionListener.onResponse(ActionListener.java:219) [elasticsearch-7.17.10.jar:7.17.10]",
"at org.elasticsearch.xpack.security.authz.AuthorizationService$1.onResponse(AuthorizationService.java:574) [x-pack-security-7.17.10.jar:7.17.10]",
"at org.elasticsearch.xpack.security.authz.AuthorizationService$1.onResponse(AuthorizationService.java:568) [x-pack-security-7.17.10.jar:7.17.10]",
"at org.elasticsearch.xpack.security.authz.interceptor.DlsFlsLicenseRequestInterceptor.intercept(DlsFlsLicenseRequestInterceptor.java:100) [x-pack-security-7.17.10.jar:7.17.10]",
"at org.elasticsearch.xpack.security.authz.AuthorizationService$1.onResponse(AuthorizationService.java:572) [x-pack-security-7.17.10.jar:7.17.10]",
"at org.elasticsearch.xpack.security.authz.AuthorizationService$1.onResponse(AuthorizationService.java:568) [x-pack-security-7.17.10.jar:7.17.10]",
"at org.elasticsearch.xpack.security.authz.interceptor.FieldAndDocumentLevelSecurityRequestInterceptor.intercept(FieldAndDocumentLevelSecurityRequestInterceptor.java:85) [x-pack-security-7.17.10.jar:7.17.10]",
"at org.elasticsearch.xpack.security.authz.interceptor.SearchRequestInterceptor.intercept(SearchRequestInterceptor.java:26) [x-pack-security-7.17.10.jar:7.17.10]",
"at org.elasticsearch.xpack.security.authz.AuthorizationService$1.onResponse(AuthorizationService.java:572) [x-pack-security-7.17.10.jar:7.17.10]",
"at org.elasticsearch.xpack.security.authz.AuthorizationService$1.onResponse(AuthorizationService.java:568) [x-pack-security-7.17.10.jar:7.17.10]",
"at org.elasticsearch.xpack.security.authz.interceptor.FieldAndDocumentLevelSecurityRequestInterceptor.intercept(FieldAndDocumentLevelSecurityRequestInterceptor.java:85) [x-pack-security-7.17.10.jar:7.17.10]",
"at org.elasticsearch.xpack.security.authz.interceptor.UpdateRequestInterceptor.intercept(UpdateRequestInterceptor.java:27) [x-pack-security-7.17.10.jar:7.17.10]",
"at org.elasticsearch.xpack.security.authz.AuthorizationService$1.onResponse(AuthorizationService.java:572) [x-pack-security-7.17.10.jar:7.17.10]",
"at org.elasticsearch.xpack.security.authz.AuthorizationService$1.onResponse(AuthorizationService.java:568) [x-pack-security-7.17.10.jar:7.17.10]",
"at org.elasticsearch.xpack.security.authz.interceptor.FieldAndDocumentLevelSecurityRequestInterceptor.intercept(FieldAndDocumentLevelSecurityRequestInterceptor.java:85) [x-pack-security-7.17.10.jar:7.17.10]",
"at org.elasticsearch.xpack.security.authz.interceptor.ShardSearchRequestInterceptor.intercept(ShardSearchRequestInterceptor.java:26) [x-pack-security-7.17.10.jar:7.17.10]",
"at org.elasticsearch.xpack.security.authz.AuthorizationService$1.onResponse(AuthorizationService.java:572) [x-pack-security-7.17.10.jar:7.17.10]",
"at org.elasticsearch.xpack.security.authz.AuthorizationService$1.onResponse(AuthorizationService.java:568) [x-pack-security-7.17.10.jar:7.17.10]",
"at org.elasticsearch.xpack.security.authz.interceptor.BulkShardRequestInterceptor.intercept(BulkShardRequestInterceptor.java:87) [x-pack-security-7.17.10.jar:7.17.10]",
"at org.elasticsearch.xpack.security.authz.AuthorizationService$1.onResponse(AuthorizationService.java:572) [x-pack-security-7.17.10.jar:7.17.10]",
"at org.elasticsearch.xpack.security.authz.AuthorizationService$1.onResponse(AuthorizationService.java:568) [x-pack-security-7.17.10.jar:7.17.10]",
"at org.elasticsearch.xpack.security.authz.interceptor.IndicesAliasesRequestInterceptor.intercept(IndicesAliasesRequestInterceptor.java:128) [x-pack-security-7.17.10.jar:7.17.10]",
"at org.elasticsearch.xpack.security.authz.AuthorizationService$1.onResponse(AuthorizationService.java:572) [x-pack-security-7.17.10.jar:7.17.10]",
"at org.elasticsearch.xpack.security.authz.AuthorizationService$1.onResponse(AuthorizationService.java:568) [x-pack-security-7.17.10.jar:7.17.10]",
"at org.elasticsearch.xpack.security.authz.interceptor.ResizeRequestInterceptor.intercept(ResizeRequestInterceptor.java:103) [x-pack-security-7.17.10.jar:7.17.10]",
"at org.elasticsearch.xpack.security.authz.AuthorizationService.runRequestInterceptors(AuthorizationService.java:568) [x-pack-security-7.17.10.jar:7.17.10]",
"at org.elasticsearch.xpack.security.authz.AuthorizationService.handleIndexActionAuthorizationResult(AuthorizationService.java:553) [x-pack-security-7.17.10.jar:7.17.10]",
"at org.elasticsearch.xpack.security.authz.AuthorizationService.lambda$authorizeAction$9(AuthorizationService.java:447) [x-pack-security-7.17.10.jar:7.17.10]",
"at org.elasticsearch.xpack.security.authz.AuthorizationService$AuthorizationResultListener.onResponse(AuthorizationService.java:964) [x-pack-security-7.17.10.jar:7.17.10]",
"at org.elasticsearch.xpack.security.authz.AuthorizationService$AuthorizationResultListener.onResponse(AuthorizationService.java:928) [x-pack-security-7.17.10.jar:7.17.10]",
"at org.elasticsearch.action.support.ContextPreservingActionListener.onResponse(ContextPreservingActionListener.java:31) [elasticsearch-7.17.10.jar:7.17.10]",
"at org.elasticsearch.xpack.security.authz.RBACEngine.lambda$authorizeIndexAction$3(RBACEngine.java:362) [x-pack-security-7.17.10.jar:7.17.10]",
"at org.elasticsearch.action.ActionListener$1.onResponse(ActionListener.java:136) [elasticsearch-7.17.10.jar:7.17.10]",
"at org.elasticsearch.common.util.concurrent.ListenableFuture.notifyListenerDirectly(ListenableFuture.java:113) [elasticsearch-7.17.10.jar:7.17.10]",
"at org.elasticsearch.common.util.concurrent.ListenableFuture.addListener(ListenableFuture.java:55) [elasticsearch-7.17.10.jar:7.17.10]",
"at org.elasticsearch.common.util.concurrent.ListenableFuture.addListener(ListenableFuture.java:41) [elasticsearch-7.17.10.jar:7.17.10]",
"at org.elasticsearch.xpack.security.authz.AuthorizationService$CachingAsyncSupplier.getAsync(AuthorizationService.java:1012) [x-pack-security-7.17.10.jar:7.17.10]",
"at org.elasticsearch.xpack.security.authz.RBACEngine.authorizeIndexAction(RBACEngine.java:353) [x-pack-security-7.17.10.jar:7.17.10]",
"at org.elasticsearch.xpack.security.authz.AuthorizationService.authorizeAction(AuthorizationService.java:440) [x-pack-security-7.17.10.jar:7.17.10]",
"at org.elasticsearch.xpack.security.authz.AuthorizationService.maybeAuthorizeRunAs(AuthorizationService.java:377) [x-pack-security-7.17.10.jar:7.17.10]",
"at org.elasticsearch.xpack.security.authz.AuthorizationService.lambda$authorize$1(AuthorizationService.java:262) [x-pack-security-7.17.10.jar:7.17.10]",
"at org.elasticsearch.action.ActionListener$1.onResponse(ActionListener.java:136) [elasticsearch-7.17.10.jar:7.17.10]",
"at org.elasticsearch.action.support.ContextPreservingActionListener.onResponse(ContextPreservingActionListener.java:31) [elasticsearch-7.17.10.jar:7.17.10]",
"at org.elasticsearch.xpack.security.authz.RBACEngine.lambda$resolveAuthorizationInfo$1(RBACEngine.java:148) [x-pack-security-7.17.10.jar:7.17.10]",
"at org.elasticsearch.action.ActionListener$1.onResponse(ActionListener.java:136) [elasticsearch-7.17.10.jar:7.17.10]",
"at org.elasticsearch.xpack.security.authz.store.CompositeRolesStore.getRoles(CompositeRolesStore.java:277) [x-pack-security-7.17.10.jar:7.17.10]",
"at org.elasticsearch.xpack.security.authz.RBACEngine.getRoles(RBACEngine.java:154) [x-pack-security-7.17.10.jar:7.17.10]",
"at org.elasticsearch.xpack.security.authz.RBACEngine.resolveAuthorizationInfo(RBACEngine.java:137) [x-pack-security-7.17.10.jar:7.17.10]",
"at org.elasticsearch.xpack.security.authz.AuthorizationService.authorize(AuthorizationService.java:264) [x-pack-security-7.17.10.jar:7.17.10]",
"at org.elasticsearch.xpack.security.action.filter.SecurityActionFilter.lambda$applyInternal$4(SecurityActionFilter.java:186) [x-pack-security-7.17.10.jar:7.17.10]",
"at org.elasticsearch.action.ActionListener$1.onResponse(ActionListener.java:136) [elasticsearch-7.17.10.jar:7.17.10]",
"at org.elasticsearch.action.ActionListener$MappedActionListener.onResponse(ActionListener.java:101) [elasticsearch-7.17.10.jar:7.17.10]",
"at org.elasticsearch.xpack.security.authc.AuthenticatorChain.authenticateAsync(AuthenticatorChain.java:102) [x-pack-security-7.17.10.jar:7.17.10]",
"at org.elasticsearch.xpack.security.authc.AuthenticationService.authenticate(AuthenticationService.java:171) [x-pack-security-7.17.10.jar:7.17.10]",
"at org.elasticsearch.xpack.security.action.filter.SecurityActionFilter.applyInternal(SecurityActionFilter.java:182) [x-pack-security-7.17.10.jar:7.17.10]",
"at org.elasticsearch.xpack.security.action.filter.SecurityActionFilter.apply(SecurityActionFilter.java:124) [x-pack-security-7.17.10.jar:7.17.10]",
"at org.elasticsearch.action.support.TransportAction$RequestFilterChain.proceed(TransportAction.java:184) [elasticsearch-7.17.10.jar:7.17.10]",
"at org.elasticsearch.action.support.TransportAction.execute(TransportAction.java:161) [elasticsearch-7.17.10.jar:7.17.10]",
"at org.elasticsearch.action.support.TransportAction.execute(TransportAction.java:82) [elasticsearch-7.17.10.jar:7.17.10]",
"at org.elasticsearch.client.node.NodeClient.executeLocally(NodeClient.java:95) [elasticsearch-7.17.10.jar:7.17.10]",
"at org.elasticsearch.client.node.NodeClient.doExecute(NodeClient.java:73) [elasticsearch-7.17.10.jar:7.17.10]",
"at org.elasticsearch.client.support.AbstractClient.execute(AbstractClient.java:407) [elasticsearch-7.17.10.jar:7.17.10]",
"at org.elasticsearch.action.search.RestOpenPointInTimeAction.lambda$prepareRequest$0(RestOpenPointInTimeAction.java:45) [elasticsearch-7.17.10.jar:7.17.10]",
"at org.elasticsearch.rest.BaseRestHandler.handleRequest(BaseRestHandler.java:109) [elasticsearch-7.17.10.jar:7.17.10]",
"at org.elasticsearch.xpack.security.rest.SecurityRestFilter.lambda$handleRequest$0(SecurityRestFilter.java:90) [x-pack-security-7.17.10.jar:7.17.10]",
"at org.elasticsearch.action.ActionListener$1.onResponse(ActionListener.java:136) [elasticsearch-7.17.10.jar:7.17.10]",
"at org.elasticsearch.xpack.security.authc.support.SecondaryAuthenticator.lambda$authenticateAndAttachToContext$2(SecondaryAuthenticator.java:84) [x-pack-security-7.17.10.jar:7.17.10]",
"at org.elasticsearch.action.ActionListener$1.onResponse(ActionListener.java:136) [elasticsearch-7.17.10.jar:7.17.10]",
"at org.elasticsearch.xpack.security.authc.support.SecondaryAuthenticator.authenticate(SecondaryAuthenticator.java:94) [x-pack-security-7.17.10.jar:7.17.10]",
"at org.elasticsearch.xpack.security.authc.support.SecondaryAuthenticator.authenticateAndAttachToContext(SecondaryAuthenticator.java:78) [x-pack-security-7.17.10.jar:7.17.10]",
"at org.elasticsearch.xpack.security.rest.SecurityRestFilter.lambda$handleRequest$2(SecurityRestFilter.java:85) [x-pack-security-7.17.10.jar:7.17.10]",
"at org.elasticsearch.action.ActionListener$1.onResponse(ActionListener.java:136) [elasticsearch-7.17.10.jar:7.17.10]",
"at org.elasticsearch.action.ActionListener$MappedActionListener.onResponse(ActionListener.java:101) [elasticsearch-7.17.10.jar:7.17.10]",
"at org.elasticsearch.action.ActionListener$RunBeforeActionListener.onResponse(ActionListener.java:389) [elasticsearch-7.17.10.jar:7.17.10]",
"at org.elasticsearch.xpack.security.authc.AuthenticatorChain.writeAuthToContext(AuthenticatorChain.java:376) [x-pack-security-7.17.10.jar:7.17.10]",
"at org.elasticsearch.xpack.security.authc.AuthenticatorChain.finishAuthentication(AuthenticatorChain.java:352) [x-pack-security-7.17.10.jar:7.17.10]",
"at org.elasticsearch.xpack.security.authc.AuthenticatorChain.maybeLookupRunAsUser(AuthenticatorChain.java:205) [x-pack-security-7.17.10.jar:7.17.10]",
"at org.elasticsearch.xpack.security.authc.AuthenticatorChain.lambda$doAuthenticate$1(AuthenticatorChain.java:128) [x-pack-security-7.17.10.jar:7.17.10]",
"at org.elasticsearch.action.ActionListener$1.onResponse(ActionListener.java:136) [elasticsearch-7.17.10.jar:7.17.10]",
"at org.elasticsearch.xpack.core.common.IteratingActionListener.onResponse(IteratingActionListener.java:141) [x-pack-core-7.17.10.jar:7.17.10]",
"at org.elasticsearch.xpack.security.authc.AuthenticatorChain.lambda$getAuthenticatorConsumer$3(AuthenticatorChain.java:175) [x-pack-security-7.17.10.jar:7.17.10]",
"at org.elasticsearch.action.ActionListener$1.onResponse(ActionListener.java:136) [elasticsearch-7.17.10.jar:7.17.10]",
"at org.elasticsearch.xpack.security.authc.RealmsAuthenticator.lambda$consumeToken$3(RealmsAuthenticator.java:219) [x-pack-security-7.17.10.jar:7.17.10]",
"at org.elasticsearch.action.ActionListener$1.onResponse(ActionListener.java:136) [elasticsearch-7.17.10.jar:7.17.10]",
"at org.elasticsearch.action.support.ContextPreservingActionListener.onResponse(ContextPreservingActionListener.java:31) [elasticsearch-7.17.10.jar:7.17.10]",
"at org.elasticsearch.xpack.core.common.IteratingActionListener.onResponse(IteratingActionListener.java:141) [x-pack-core-7.17.10.jar:7.17.10]",
"at org.elasticsearch.xpack.security.authc.RealmsAuthenticator.lambda$consumeToken$0(RealmsAuthenticator.java:164) [x-pack-security-7.17.10.jar:7.17.10]",
"at org.elasticsearch.action.ActionListener$1.onResponse(ActionListener.java:136) [elasticsearch-7.17.10.jar:7.17.10]",
"at org.elasticsearch.xpack.security.authc.support.CachingUsernamePasswordRealm.lambda$authenticateWithCache$1(CachingUsernamePasswordRealm.java:155) [x-pack-security-7.17.10.jar:7.17.10]",
"at org.elasticsearch.action.ActionListener$1.onResponse(ActionListener.java:136) [elasticsearch-7.17.10.jar:7.17.10]",
"at org.elasticsearch.xpack.security.authc.support.CachingUsernamePasswordRealm.handleCachedAuthentication(CachingUsernamePasswordRealm.java:242) [x-pack-security-7.17.10.jar:7.17.10]",
"at org.elasticsearch.xpack.security.authc.support.CachingUsernamePasswordRealm.lambda$authenticateWithCache$2(CachingUsernamePasswordRealm.java:139) [x-pack-security-7.17.10.jar:7.17.10]",
"at org.elasticsearch.action.ActionListener$1.onResponse(ActionListener.java:136) [elasticsearch-7.17.10.jar:7.17.10]",
"at org.elasticsearch.common.util.concurrent.ListenableFuture.notifyListenerDirectly(ListenableFuture.java:113) [elasticsearch-7.17.10.jar:7.17.10]",
"at org.elasticsearch.common.util.concurrent.ListenableFuture.addListener(ListenableFuture.java:55) [elasticsearch-7.17.10.jar:7.17.10]",
"at org.elasticsearch.xpack.security.authc.support.CachingUsernamePasswordRealm.authenticateWithCache(CachingUsernamePasswordRealm.java:134) [x-pack-security-7.17.10.jar:7.17.10]",
"at org.elasticsearch.xpack.security.authc.support.CachingUsernamePasswordRealm.authenticate(CachingUsernamePasswordRealm.java:105) [x-pack-security-7.17.10.jar:7.17.10]",
"at org.elasticsearch.xpack.security.authc.RealmsAuthenticator.lambda$consumeToken$2(RealmsAuthenticator.java:148) [x-pack-security-7.17.10.jar:7.17.10]",
"at org.elasticsearch.xpack.core.common.IteratingActionListener.run(IteratingActionListener.java:117) [x-pack-core-7.17.10.jar:7.17.10]",
"at org.elasticsearch.xpack.security.authc.RealmsAuthenticator.consumeToken(RealmsAuthenticator.java:233) [x-pack-security-7.17.10.jar:7.17.10]",
"at org.elasticsearch.xpack.security.authc.RealmsAuthenticator.authenticate(RealmsAuthenticator.java:84) [x-pack-security-7.17.10.jar:7.17.10]",
"at org.elasticsearch.xpack.security.authc.AuthenticatorChain.lambda$getAuthenticatorConsumer$5(AuthenticatorChain.java:171) [x-pack-security-7.17.10.jar:7.17.10]",
"at org.elasticsearch.xpack.core.common.IteratingActionListener.onResponse(IteratingActionListener.java:135) [x-pack-core-7.17.10.jar:7.17.10]",
"at org.elasticsearch.xpack.security.authc.AuthenticatorChain.lambda$getAuthenticatorConsumer$5(AuthenticatorChain.java:165) [x-pack-security-7.17.10.jar:7.17.10]",
"at org.elasticsearch.xpack.core.common.IteratingActionListener.onResponse(IteratingActionListener.java:135) [x-pack-core-7.17.10.jar:7.17.10]",
"at org.elasticsearch.xpack.security.authc.AuthenticatorChain.lambda$getAuthenticatorConsumer$5(AuthenticatorChain.java:165) [x-pack-security-7.17.10.jar:7.17.10]",
"at org.elasticsearch.xpack.core.common.IteratingActionListener.onResponse(IteratingActionListener.java:135) [x-pack-core-7.17.10.jar:7.17.10]",
"at org.elasticsearch.xpack.security.authc.AuthenticatorChain.lambda$getAuthenticatorConsumer$5(AuthenticatorChain.java:165) [x-pack-security-7.17.10.jar:7.17.10]",
"at org.elasticsearch.xpack.core.common.IteratingActionListener.run(IteratingActionListener.java:117) [x-pack-core-7.17.10.jar:7.17.10]",
"at org.elasticsearch.xpack.security.authc.AuthenticatorChain.doAuthenticate(AuthenticatorChain.java:143) [x-pack-security-7.17.10.jar:7.17.10]",
"at org.elasticsearch.xpack.security.authc.AuthenticatorChain.authenticateAsync(AuthenticatorChain.java:104) [x-pack-security-7.17.10.jar:7.17.10]",
"at org.elasticsearch.xpack.security.authc.AuthenticationService.authenticate(AuthenticationService.java:149) [x-pack-security-7.17.10.jar:7.17.10]",
"at org.elasticsearch.xpack.security.authc.AuthenticationService.authenticate(AuthenticationService.java:127) [x-pack-security-7.17.10.jar:7.17.10]",
"at org.elasticsearch.xpack.security.rest.SecurityRestFilter.handleRequest(SecurityRestFilter.java:79) [x-pack-security-7.17.10.jar:7.17.10]",
"at org.elasticsearch.rest.RestController.dispatchRequest(RestController.java:337) [elasticsearch-7.17.10.jar:7.17.10]",
"at org.elasticsearch.rest.RestController.tryAllHandlers(RestController.java:403) [elasticsearch-7.17.10.jar:7.17.10]",
"at org.elasticsearch.rest.RestController.dispatchRequest(RestController.java:255) [elasticsearch-7.17.10.jar:7.17.10]",
"at org.elasticsearch.http.AbstractHttpServerTransport.dispatchRequest(AbstractHttpServerTransport.java:382) [elasticsearch-7.17.10.jar:7.17.10]",
"at org.elasticsearch.http.AbstractHttpServerTransport.handleIncomingRequest(AbstractHttpServerTransport.java:461) [elasticsearch-7.17.10.jar:7.17.10]",
"at org.elasticsearch.http.AbstractHttpServerTransport.incomingRequest(AbstractHttpServerTransport.java:357) [elasticsearch-7.17.10.jar:7.17.10]",
"at org.elasticsearch.http.netty4.Netty4HttpRequestHandler.channelRead0(Netty4HttpRequestHandler.java:35) [transport-netty4-client-7.17.10.jar:7.17.10]",
"at org.elasticsearch.http.netty4.Netty4HttpRequestHandler.channelRead0(Netty4HttpRequestHandler.java:19) [transport-netty4-client-7.17.10.jar:7.17.10]",
"at io.netty.channel.SimpleChannelInboundHandler.channelRead(SimpleChannelInboundHandler.java:99) [netty-transport-4.1.66.Final.jar:4.1.66.Final]",
"at io.netty.channel.AbstractChannelHandlerContext.invokeChannelRead(AbstractChannelHandlerContext.java:379) [netty-transport-4.1.66.Final.jar:4.1.66.Final]",
"at io.netty.channel.AbstractChannelHandlerContext.invokeChannelRead(AbstractChannelHandlerContext.java:365) [netty-transport-4.1.66.Final.jar:4.1.66.Final]",
"at io.netty.channel.AbstractChannelHandlerContext.fireChannelRead(AbstractChannelHandlerContext.java:357) [netty-transport-4.1.66.Final.jar:4.1.66.Final]",
"at org.elasticsearch.http.netty4.Netty4HttpPipeliningHandler.channelRead(Netty4HttpPipeliningHandler.java:48) [transport-netty4-client-7.17.10.jar:7.17.10]",
"at io.netty.channel.AbstractChannelHandlerContext.invokeChannelRead(AbstractChannelHandlerContext.java:379) [netty-transport-4.1.66.Final.jar:4.1.66.Final]",
"at io.netty.channel.AbstractChannelHandlerContext.invokeChannelRead(AbstractChannelHandlerContext.java:365) [netty-transport-4.1.66.Final.jar:4.1.66.Final]",
"at io.netty.channel.AbstractChannelHandlerContext.fireChannelRead(AbstractChannelHandlerContext.java:357) [netty-transport-4.1.66.Final.jar:4.1.66.Final]",
"at io.netty.handler.codec.MessageToMessageDecoder.channelRead(MessageToMessageDecoder.java:103) [netty-codec-4.1.66.Final.jar:4.1.66.Final]",
"at io.netty.channel.AbstractChannelHandlerContext.invokeChannelRead(AbstractChannelHandlerContext.java:379) [netty-transport-4.1.66.Final.jar:4.1.66.Final]",
"at io.netty.channel.AbstractChannelHandlerContext.invokeChannelRead(AbstractChannelHandlerContext.java:365) [netty-transport-4.1.66.Final.jar:4.1.66.Final]",
"at io.netty.channel.AbstractChannelHandlerContext.fireChannelRead(AbstractChannelHandlerContext.java:357) [netty-transport-4.1.66.Final.jar:4.1.66.Final]",
"at io.netty.handler.codec.MessageToMessageDecoder.channelRead(MessageToMessageDecoder.java:103) [netty-codec-4.1.66.Final.jar:4.1.66.Final]",
"at io.netty.handler.codec.MessageToMessageCodec.channelRead(MessageToMessageCodec.java:111) [netty-codec-4.1.66.Final.jar:4.1.66.Final]",
"at io.netty.channel.AbstractChannelHandlerContext.invokeChannelRead(AbstractChannelHandlerContext.java:379) [netty-transport-4.1.66.Final.jar:4.1.66.Final]",
"at io.netty.channel.AbstractChannelHandlerContext.invokeChannelRead(AbstractChannelHandlerContext.java:365) [netty-transport-4.1.66.Final.jar:4.1.66.Final]",
"at io.netty.channel.AbstractChannelHandlerContext.fireChannelRead(AbstractChannelHandlerContext.java:357) [netty-transport-4.1.66.Final.jar:4.1.66.Final]",
"at io.netty.handler.codec.MessageToMessageDecoder.channelRead(MessageToMessageDecoder.java:103) [netty-codec-4.1.66.Final.jar:4.1.66.Final]",
"at io.netty.channel.AbstractChannelHandlerContext.invokeChannelRead(AbstractChannelHandlerContext.java:379) [netty-transport-4.1.66.Final.jar:4.1.66.Final]",
"at io.netty.channel.AbstractChannelHandlerContext.invokeChannelRead(AbstractChannelHandlerContext.java:365) [netty-transport-4.1.66.Final.jar:4.1.66.Final]",
"at io.netty.channel.AbstractChannelHandlerContext.fireChannelRead(AbstractChannelHandlerContext.java:357) [netty-transport-4.1.66.Final.jar:4.1.66.Final]",
"at io.netty.handler.codec.MessageToMessageDecoder.channelRead(MessageToMessageDecoder.java:103) [netty-codec-4.1.66.Final.jar:4.1.66.Final]",
"at io.netty.channel.AbstractChannelHandlerContext.invokeChannelRead(AbstractChannelHandlerContext.java:379) [netty-transport-4.1.66.Final.jar:4.1.66.Final]",
"at io.netty.channel.AbstractChannelHandlerContext.invokeChannelRead(AbstractChannelHandlerContext.java:365) [netty-transport-4.1.66.Final.jar:4.1.66.Final]",
"at io.netty.channel.AbstractChannelHandlerContext.fireChannelRead(AbstractChannelHandlerContext.java:357) [netty-transport-4.1.66.Final.jar:4.1.66.Final]",
"at io.netty.handler.codec.ByteToMessageDecoder.fireChannelRead(ByteToMessageDecoder.java:324) [netty-codec-4.1.66.Final.jar:4.1.66.Final]",
"at io.netty.handler.codec.ByteToMessageDecoder.channelRead(ByteToMessageDecoder.java:296) [netty-codec-4.1.66.Final.jar:4.1.66.Final]",
"at io.netty.channel.AbstractChannelHandlerContext.invokeChannelRead(AbstractChannelHandlerContext.java:379) [netty-transport-4.1.66.Final.jar:4.1.66.Final]",
"at io.netty.channel.AbstractChannelHandlerContext.invokeChannelRead(AbstractChannelHandlerContext.java:365) [netty-transport-4.1.66.Final.jar:4.1.66.Final]",
"at io.netty.channel.AbstractChannelHandlerContext.fireChannelRead(AbstractChannelHandlerContext.java:357) [netty-transport-4.1.66.Final.jar:4.1.66.Final]",
"at io.netty.handler.timeout.IdleStateHandler.channelRead(IdleStateHandler.java:286) [netty-handler-4.1.66.Final.jar:4.1.66.Final]",
"at io.netty.channel.AbstractChannelHandlerContext.invokeChannelRead(AbstractChannelHandlerContext.java:379) [netty-transport-4.1.66.Final.jar:4.1.66.Final]",
"at io.netty.channel.AbstractChannelHandlerContext.invokeChannelRead(AbstractChannelHandlerContext.java:365) [netty-transport-4.1.66.Final.jar:4.1.66.Final]",
"at io.netty.channel.AbstractChannelHandlerContext.fireChannelRead(AbstractChannelHandlerContext.java:357) [netty-transport-4.1.66.Final.jar:4.1.66.Final]",
"at io.netty.handler.codec.MessageToMessageDecoder.channelRead(MessageToMessageDecoder.java:103) [netty-codec-4.1.66.Final.jar:4.1.66.Final]",
"at io.netty.channel.AbstractChannelHandlerContext.invokeChannelRead(AbstractChannelHandlerContext.java:379) [netty-transport-4.1.66.Final.jar:4.1.66.Final]",
"at io.netty.channel.AbstractChannelHandlerContext.invokeChannelRead(AbstractChannelHandlerContext.java:365) [netty-transport-4.1.66.Final.jar:4.1.66.Final]",
"at io.netty.channel.AbstractChannelHandlerContext.fireChannelRead(AbstractChannelHandlerContext.java:357) [netty-transport-4.1.66.Final.jar:4.1.66.Final]",
"at io.netty.channel.DefaultChannelPipeline$HeadContext.channelRead(DefaultChannelPipeline.java:1410) [netty-transport-4.1.66.Final.jar:4.1.66.Final]",
"at io.netty.channel.AbstractChannelHandlerContext.invokeChannelRead(AbstractChannelHandlerContext.java:379) [netty-transport-4.1.66.Final.jar:4.1.66.Final]",
"at io.netty.channel.AbstractChannelHandlerContext.invokeChannelRead(AbstractChannelHandlerContext.java:365) [netty-transport-4.1.66.Final.jar:4.1.66.Final]",
"at io.netty.channel.DefaultChannelPipeline.fireChannelRead(DefaultChannelPipeline.java:919) [netty-transport-4.1.66.Final.jar:4.1.66.Final]",
"at io.netty.channel.nio.AbstractNioByteChannel$NioByteUnsafe.read(AbstractNioByteChannel.java:166) [netty-transport-4.1.66.Final.jar:4.1.66.Final]",
"at io.netty.channel.nio.NioEventLoop.processSelectedKey(NioEventLoop.java:719) [netty-transport-4.1.66.Final.jar:4.1.66.Final]",
"at io.netty.channel.nio.NioEventLoop.processSelectedKeysPlain(NioEventLoop.java:620) [netty-transport-4.1.66.Final.jar:4.1.66.Final]",
"at io.netty.channel.nio.NioEventLoop.processSelectedKeys(NioEventLoop.java:583) [netty-transport-4.1.66.Final.jar:4.1.66.Final]",
"at io.netty.channel.nio.NioEventLoop.run(NioEventLoop.java:493) [netty-transport-4.1.66.Final.jar:4.1.66.Final]",
"at io.netty.util.concurrent.SingleThreadEventExecutor$4.run(SingleThreadEventExecutor.java:986) [netty-common-4.1.66.Final.jar:4.1.66.Final]",
"at io.netty.util.internal.ThreadExecutorMap$2.run(ThreadExecutorMap.java:74) [netty-common-4.1.66.Final.jar:4.1.66.Final]",
"at java.lang.Thread.run(Thread.java:1623) [?:?]",
"Caused by: org.elasticsearch.action.NoShardAvailableActionException: [da38f2874e84][172.20.0.5:9300][indices:data/read/open_reader_context]",
"at org.elasticsearch.action.search.AbstractSearchAsyncAction.onShardFailure(AbstractSearchAsyncAction.java:532) ~[elasticsearch-7.17.10.jar:7.17.10]",
"at org.elasticsearch.action.search.AbstractSearchAsyncAction.onShardFailure(AbstractSearchAsyncAction.java:479) [elasticsearch-7.17.10.jar:7.17.10]",
"... 277 more"] }
{"type": "server", "timestamp": "2025-06-22T05:37:48,259Z", "level": "WARN", "component": "r.suppressed", "cluster.name": "docker-cluster", "node.name": "da38f2874e84", "message": "path: /.kibana_task_manager_7.17.10_001/_pit, params: {index=.kibana_task_manager_7.17.10_001, keep_alive=10m}", "cluster.uuid": "_K2lvHSSRx68TrSozPU3JA", "node.id": "rY5VrnGrTy6qVpywgTf0Ug" , 
"stacktrace": ["org.elasticsearch.action.search.SearchPhaseExecutionException: all shards failed",
"at org.elasticsearch.action.search.AbstractSearchAsyncAction.onPhaseFailure(AbstractSearchAsyncAction.java:713) [elasticsearch-7.17.10.jar:7.17.10]",
"at org.elasticsearch.action.search.AbstractSearchAsyncAction.executeNextPhase(AbstractSearchAsyncAction.java:400) [elasticsearch-7.17.10.jar:7.17.10]",
"at org.elasticsearch.action.search.AbstractSearchAsyncAction.onPhaseDone(AbstractSearchAsyncAction.java:745) [elasticsearch-7.17.10.jar:7.17.10]",
"at org.elasticsearch.action.search.AbstractSearchAsyncAction.onShardFailure(AbstractSearchAsyncAction.java:497) [elasticsearch-7.17.10.jar:7.17.10]",
"at org.elasticsearch.action.search.AbstractSearchAsyncAction.access$000(AbstractSearchAsyncAction.java:64) [elasticsearch-7.17.10.jar:7.17.10]",
"at org.elasticsearch.action.search.AbstractSearchAsyncAction$1.onFailure(AbstractSearchAsyncAction.java:331) [elasticsearch-7.17.10.jar:7.17.10]",
"at org.elasticsearch.action.ActionListenerResponseHandler.handleException(ActionListenerResponseHandler.java:48) [elasticsearch-7.17.10.jar:7.17.10]",
"at org.elasticsearch.transport.TransportService$4.handleException(TransportService.java:853) [elasticsearch-7.17.10.jar:7.17.10]",
"at org.elasticsearch.transport.TransportService$ContextRestoreResponseHandler.handleException(TransportService.java:1481) [elasticsearch-7.17.10.jar:7.17.10]",
"at org.elasticsearch.transport.TransportService$DirectResponseChannel.processException(TransportService.java:1607) [elasticsearch-7.17.10.jar:7.17.10]",
"at org.elasticsearch.transport.TransportService$DirectResponseChannel.sendResponse(TransportService.java:1581) [elasticsearch-7.17.10.jar:7.17.10]",
"at org.elasticsearch.transport.TaskTransportChannel.sendResponse(TaskTransportChannel.java:50) [elasticsearch-7.17.10.jar:7.17.10]",
"at org.elasticsearch.transport.TransportChannel.sendErrorResponse(TransportChannel.java:45) [elasticsearch-7.17.10.jar:7.17.10]",
"at org.elasticsearch.action.support.ChannelActionListener.onFailure(ChannelActionListener.java:41) [elasticsearch-7.17.10.jar:7.17.10]",
"at org.elasticsearch.action.ActionListener$Delegating.onFailure(ActionListener.java:66) [elasticsearch-7.17.10.jar:7.17.10]",
"at org.elasticsearch.search.SearchService.lambda$openReaderContext$10(SearchService.java:965) [elasticsearch-7.17.10.jar:7.17.10]",
"at org.elasticsearch.index.shard.IndexShard.awaitShardSearchActive(IndexShard.java:4005) [elasticsearch-7.17.10.jar:7.17.10]",
"at org.elasticsearch.search.SearchService.openReaderContext(SearchService.java:945) [elasticsearch-7.17.10.jar:7.17.10]",
"at org.elasticsearch.action.search.TransportOpenPointInTimeAction$ShardOpenReaderRequestHandler.messageReceived(TransportOpenPointInTimeAction.java:177) [elasticsearch-7.17.10.jar:7.17.10]",
"at org.elasticsearch.action.search.TransportOpenPointInTimeAction$ShardOpenReaderRequestHandler.messageReceived(TransportOpenPointInTimeAction.java:174) [elasticsearch-7.17.10.jar:7.17.10]",
"at org.elasticsearch.xpack.security.transport.SecurityServerTransportInterceptor$ProfileSecuredRequestHandler$1.doRun(SecurityServerTransportInterceptor.java:341) [x-pack-security-7.17.10.jar:7.17.10]",
"at org.elasticsearch.common.util.concurrent.AbstractRunnable.run(AbstractRunnable.java:26) [elasticsearch-7.17.10.jar:7.17.10]",
"at org.elasticsearch.xpack.security.transport.SecurityServerTransportInterceptor$ProfileSecuredRequestHandler$2.onResponse(SecurityServerTransportInterceptor.java:389) [x-pack-security-7.17.10.jar:7.17.10]",
"at org.elasticsearch.xpack.security.transport.SecurityServerTransportInterceptor$ProfileSecuredRequestHandler$2.onResponse(SecurityServerTransportInterceptor.java:386) [x-pack-security-7.17.10.jar:7.17.10]",
"at org.elasticsearch.xpack.security.authz.AuthorizationService$1.onResponse(AuthorizationService.java:574) [x-pack-security-7.17.10.jar:7.17.10]",
"at org.elasticsearch.xpack.security.authz.AuthorizationService$1.onResponse(AuthorizationService.java:568) [x-pack-security-7.17.10.jar:7.17.10]",
"at org.elasticsearch.xpack.security.authz.interceptor.DlsFlsLicenseRequestInterceptor.intercept(DlsFlsLicenseRequestInterceptor.java:100) [x-pack-security-7.17.10.jar:7.17.10]",
"at org.elasticsearch.xpack.security.authz.AuthorizationService$1.onResponse(AuthorizationService.java:572) [x-pack-security-7.17.10.jar:7.17.10]",
"at org.elasticsearch.xpack.security.authz.AuthorizationService$1.onResponse(AuthorizationService.java:568) [x-pack-security-7.17.10.jar:7.17.10]",
"at org.elasticsearch.xpack.security.authz.interceptor.FieldAndDocumentLevelSecurityRequestInterceptor.intercept(FieldAndDocumentLevelSecurityRequestInterceptor.java:85) [x-pack-security-7.17.10.jar:7.17.10]",
"at org.elasticsearch.xpack.security.authz.interceptor.SearchRequestInterceptor.intercept(SearchRequestInterceptor.java:26) [x-pack-security-7.17.10.jar:7.17.10]",
"at org.elasticsearch.xpack.security.authz.AuthorizationService$1.onResponse(AuthorizationService.java:572) [x-pack-security-7.17.10.jar:7.17.10]",
"at org.elasticsearch.xpack.security.authz.AuthorizationService$1.onResponse(AuthorizationService.java:568) [x-pack-security-7.17.10.jar:7.17.10]",
"at org.elasticsearch.xpack.security.authz.interceptor.FieldAndDocumentLevelSecurityRequestInterceptor.intercept(FieldAndDocumentLevelSecurityRequestInterceptor.java:85) [x-pack-security-7.17.10.jar:7.17.10]",
"at org.elasticsearch.xpack.security.authz.interceptor.UpdateRequestInterceptor.intercept(UpdateRequestInterceptor.java:27) [x-pack-security-7.17.10.jar:7.17.10]",
"at org.elasticsearch.xpack.security.authz.AuthorizationService$1.onResponse(AuthorizationService.java:572) [x-pack-security-7.17.10.jar:7.17.10]",
"at org.elasticsearch.xpack.security.authz.AuthorizationService$1.onResponse(AuthorizationService.java:568) [x-pack-security-7.17.10.jar:7.17.10]",
"at org.elasticsearch.xpack.security.authz.interceptor.FieldAndDocumentLevelSecurityRequestInterceptor.intercept(FieldAndDocumentLevelSecurityRequestInterceptor.java:85) [x-pack-security-7.17.10.jar:7.17.10]",
"at org.elasticsearch.xpack.security.authz.interceptor.ShardSearchRequestInterceptor.intercept(ShardSearchRequestInterceptor.java:26) [x-pack-security-7.17.10.jar:7.17.10]",
"at org.elasticsearch.xpack.security.authz.AuthorizationService$1.onResponse(AuthorizationService.java:572) [x-pack-security-7.17.10.jar:7.17.10]",
"at org.elasticsearch.xpack.security.authz.AuthorizationService$1.onResponse(AuthorizationService.java:568) [x-pack-security-7.17.10.jar:7.17.10]",
"at org.elasticsearch.xpack.security.authz.interceptor.BulkShardRequestInterceptor.intercept(BulkShardRequestInterceptor.java:87) [x-pack-security-7.17.10.jar:7.17.10]",
"at org.elasticsearch.xpack.security.authz.AuthorizationService$1.onResponse(AuthorizationService.java:572) [x-pack-security-7.17.10.jar:7.17.10]",
"at org.elasticsearch.xpack.security.authz.AuthorizationService$1.onResponse(AuthorizationService.java:568) [x-pack-security-7.17.10.jar:7.17.10]",
"at org.elasticsearch.xpack.security.authz.interceptor.IndicesAliasesRequestInterceptor.intercept(IndicesAliasesRequestInterceptor.java:128) [x-pack-security-7.17.10.jar:7.17.10]",
"at org.elasticsearch.xpack.security.authz.AuthorizationService$1.onResponse(AuthorizationService.java:572) [x-pack-security-7.17.10.jar:7.17.10]",
"at org.elasticsearch.xpack.security.authz.AuthorizationService$1.onResponse(AuthorizationService.java:568) [x-pack-security-7.17.10.jar:7.17.10]",
"at org.elasticsearch.xpack.security.authz.interceptor.ResizeRequestInterceptor.intercept(ResizeRequestInterceptor.java:103) [x-pack-security-7.17.10.jar:7.17.10]",
"at org.elasticsearch.xpack.security.authz.AuthorizationService.runRequestInterceptors(AuthorizationService.java:568) [x-pack-security-7.17.10.jar:7.17.10]",
"at org.elasticsearch.xpack.security.authz.AuthorizationService.handleIndexActionAuthorizationResult(AuthorizationService.java:553) [x-pack-security-7.17.10.jar:7.17.10]",
"at org.elasticsearch.xpack.security.authz.AuthorizationService.lambda$authorizeAction$9(AuthorizationService.java:447) [x-pack-security-7.17.10.jar:7.17.10]",
"at org.elasticsearch.xpack.security.authz.AuthorizationService$AuthorizationResultListener.onResponse(AuthorizationService.java:964) [x-pack-security-7.17.10.jar:7.17.10]",
"at org.elasticsearch.xpack.security.authz.AuthorizationService$AuthorizationResultListener.onResponse(AuthorizationService.java:928) [x-pack-security-7.17.10.jar:7.17.10]",
"at org.elasticsearch.action.support.ContextPreservingActionListener.onResponse(ContextPreservingActionListener.java:31) [elasticsearch-7.17.10.jar:7.17.10]",
"at org.elasticsearch.xpack.security.authz.RBACEngine.lambda$authorizeIndexAction$4(RBACEngine.java:388) [x-pack-security-7.17.10.jar:7.17.10]",
"at org.elasticsearch.action.ActionListener$1.onResponse(ActionListener.java:136) [elasticsearch-7.17.10.jar:7.17.10]",
"at org.elasticsearch.common.util.concurrent.ListenableFuture.notifyListenerDirectly(ListenableFuture.java:113) [elasticsearch-7.17.10.jar:7.17.10]",
"at org.elasticsearch.common.util.concurrent.ListenableFuture.addListener(ListenableFuture.java:55) [elasticsearch-7.17.10.jar:7.17.10]",
"at org.elasticsearch.common.util.concurrent.ListenableFuture.addListener(ListenableFuture.java:41) [elasticsearch-7.17.10.jar:7.17.10]",
"at org.elasticsearch.xpack.security.authz.AuthorizationService$CachingAsyncSupplier.getAsync(AuthorizationService.java:1012) [x-pack-security-7.17.10.jar:7.17.10]",
"at org.elasticsearch.xpack.security.authz.RBACEngine.authorizeIndexAction(RBACEngine.java:380) [x-pack-security-7.17.10.jar:7.17.10]",
"at org.elasticsearch.xpack.security.authz.AuthorizationService.authorizeAction(AuthorizationService.java:440) [x-pack-security-7.17.10.jar:7.17.10]",
"at org.elasticsearch.xpack.security.authz.AuthorizationService.maybeAuthorizeRunAs(AuthorizationService.java:377) [x-pack-security-7.17.10.jar:7.17.10]",
"at org.elasticsearch.xpack.security.authz.AuthorizationService.lambda$authorize$1(AuthorizationService.java:262) [x-pack-security-7.17.10.jar:7.17.10]",
"at org.elasticsearch.action.ActionListener$1.onResponse(ActionListener.java:136) [elasticsearch-7.17.10.jar:7.17.10]",
"at org.elasticsearch.action.support.ContextPreservingActionListener.onResponse(ContextPreservingActionListener.java:31) [elasticsearch-7.17.10.jar:7.17.10]",
"at org.elasticsearch.xpack.security.authz.RBACEngine.lambda$resolveAuthorizationInfo$1(RBACEngine.java:148) [x-pack-security-7.17.10.jar:7.17.10]",
"at org.elasticsearch.action.ActionListener$1.onResponse(ActionListener.java:136) [elasticsearch-7.17.10.jar:7.17.10]",
"at org.elasticsearch.xpack.security.authz.store.CompositeRolesStore.getRoles(CompositeRolesStore.java:277) [x-pack-security-7.17.10.jar:7.17.10]",
"at org.elasticsearch.xpack.security.authz.RBACEngine.getRoles(RBACEngine.java:154) [x-pack-security-7.17.10.jar:7.17.10]",
"at org.elasticsearch.xpack.security.authz.RBACEngine.resolveAuthorizationInfo(RBACEngine.java:137) [x-pack-security-7.17.10.jar:7.17.10]",
"at org.elasticsearch.xpack.security.authz.AuthorizationService.authorize(AuthorizationService.java:264) [x-pack-security-7.17.10.jar:7.17.10]",
"at org.elasticsearch.xpack.security.transport.ServerTransportFilter$NodeProfile.lambda$inbound$1(ServerTransportFilter.java:136) [x-pack-security-7.17.10.jar:7.17.10]",
"at org.elasticsearch.action.ActionListener$1.onResponse(ActionListener.java:136) [elasticsearch-7.17.10.jar:7.17.10]",
"at org.elasticsearch.action.ActionListener$MappedActionListener.onResponse(ActionListener.java:101) [elasticsearch-7.17.10.jar:7.17.10]",
"at org.elasticsearch.xpack.security.authc.AuthenticatorChain.authenticateAsync(AuthenticatorChain.java:102) [x-pack-security-7.17.10.jar:7.17.10]",
"at org.elasticsearch.xpack.security.authc.AuthenticationService.authenticate(AuthenticationService.java:199) [x-pack-security-7.17.10.jar:7.17.10]",
"at org.elasticsearch.xpack.security.transport.ServerTransportFilter$NodeProfile.inbound(ServerTransportFilter.java:128) [x-pack-security-7.17.10.jar:7.17.10]",
"at org.elasticsearch.xpack.security.transport.SecurityServerTransportInterceptor$ProfileSecuredRequestHandler.messageReceived(SecurityServerTransportInterceptor.java:415) [x-pack-security-7.17.10.jar:7.17.10]",
"at org.elasticsearch.transport.RequestHandlerRegistry.processMessageReceived(RequestHandlerRegistry.java:67) [elasticsearch-7.17.10.jar:7.17.10]",
"at org.elasticsearch.transport.TransportService.sendLocalRequest(TransportService.java:1037) [elasticsearch-7.17.10.jar:7.17.10]",
"at org.elasticsearch.transport.TransportService.access$100(TransportService.java:66) [elasticsearch-7.17.10.jar:7.17.10]",
"at org.elasticsearch.transport.TransportService$3.sendRequest(TransportService.java:143) [elasticsearch-7.17.10.jar:7.17.10]",
"at org.elasticsearch.transport.TransportService.sendRequestInternal(TransportService.java:975) [elasticsearch-7.17.10.jar:7.17.10]",
"at org.elasticsearch.xpack.security.transport.SecurityServerTransportInterceptor.sendWithUser(SecurityServerTransportInterceptor.java:206) [x-pack-security-7.17.10.jar:7.17.10]",
"at org.elasticsearch.xpack.security.transport.SecurityServerTransportInterceptor.access$300(SecurityServerTransportInterceptor.java:53) [x-pack-security-7.17.10.jar:7.17.10]",
"at org.elasticsearch.xpack.security.transport.SecurityServerTransportInterceptor$1.sendRequest(SecurityServerTransportInterceptor.java:167) [x-pack-security-7.17.10.jar:7.17.10]",
"at org.elasticsearch.transport.TransportService.sendRequest(TransportService.java:874) [elasticsearch-7.17.10.jar:7.17.10]",
"at org.elasticsearch.transport.TransportService.sendChildRequest(TransportService.java:937) [elasticsearch-7.17.10.jar:7.17.10]",
"at org.elasticsearch.transport.TransportService.sendChildRequest(TransportService.java:925) [elasticsearch-7.17.10.jar:7.17.10]",
"at org.elasticsearch.action.search.TransportOpenPointInTimeAction.lambda$doExecute$0(TransportOpenPointInTimeAction.java:102) [elasticsearch-7.17.10.jar:7.17.10]",
"at org.elasticsearch.action.search.TransportSearchAction$1$1.executePhaseOnShard(TransportSearchAction.java:347) [elasticsearch-7.17.10.jar:7.17.10]",
"at org.elasticsearch.action.search.AbstractSearchAsyncAction.lambda$performPhaseOnShard$3(AbstractSearchAsyncAction.java:316) [elasticsearch-7.17.10.jar:7.17.10]",
"at org.elasticsearch.action.search.AbstractSearchAsyncAction.performPhaseOnShard(AbstractSearchAsyncAction.java:352) [elasticsearch-7.17.10.jar:7.17.10]",
"at org.elasticsearch.action.search.AbstractSearchAsyncAction.run(AbstractSearchAsyncAction.java:244) [elasticsearch-7.17.10.jar:7.17.10]",
"at org.elasticsearch.action.search.AbstractSearchAsyncAction.executePhase(AbstractSearchAsyncAction.java:454) [elasticsearch-7.17.10.jar:7.17.10]",
"at org.elasticsearch.action.search.AbstractSearchAsyncAction.start(AbstractSearchAsyncAction.java:199) [elasticsearch-7.17.10.jar:7.17.10]",
"at org.elasticsearch.action.search.TransportSearchAction.executeSearch(TransportSearchAction.java:1048) [elasticsearch-7.17.10.jar:7.17.10]",
"at org.elasticsearch.action.search.TransportSearchAction.executeLocalSearch(TransportSearchAction.java:763) [elasticsearch-7.17.10.jar:7.17.10]",
"at org.elasticsearch.action.search.TransportSearchAction.lambda$executeRequest$6(TransportSearchAction.java:399) [elasticsearch-7.17.10.jar:7.17.10]",
"at org.elasticsearch.action.ActionListener$1.onResponse(ActionListener.java:136) [elasticsearch-7.17.10.jar:7.17.10]",
"at org.elasticsearch.index.query.Rewriteable.rewriteAndFetch(Rewriteable.java:112) [elasticsearch-7.17.10.jar:7.17.10]",
"at org.elasticsearch.index.query.Rewriteable.rewriteAndFetch(Rewriteable.java:77) [elasticsearch-7.17.10.jar:7.17.10]",
"at org.elasticsearch.action.search.TransportSearchAction.executeRequest(TransportSearchAction.java:487) [elasticsearch-7.17.10.jar:7.17.10]",
"at org.elasticsearch.action.search.TransportSearchAction.executeRequest(TransportSearchAction.java:305) [elasticsearch-7.17.10.jar:7.17.10]",
"at org.elasticsearch.action.search.TransportOpenPointInTimeAction.doExecute(TransportOpenPointInTimeAction.java:91) [elasticsearch-7.17.10.jar:7.17.10]",
"at org.elasticsearch.action.search.TransportOpenPointInTimeAction.doExecute(TransportOpenPointInTimeAction.java:39) [elasticsearch-7.17.10.jar:7.17.10]",
"at org.elasticsearch.action.support.TransportAction$RequestFilterChain.proceed(TransportAction.java:186) [elasticsearch-7.17.10.jar:7.17.10]",
"at org.elasticsearch.xpack.security.action.filter.SecurityActionFilter.lambda$applyInternal$3(SecurityActionFilter.java:190) [x-pack-security-7.17.10.jar:7.17.10]",
"at org.elasticsearch.action.ActionListener$DelegatingFailureActionListener.onResponse(ActionListener.java:219) [elasticsearch-7.17.10.jar:7.17.10]",
"at org.elasticsearch.xpack.security.authz.AuthorizationService$1.onResponse(AuthorizationService.java:574) [x-pack-security-7.17.10.jar:7.17.10]",
"at org.elasticsearch.xpack.security.authz.AuthorizationService$1.onResponse(AuthorizationService.java:568) [x-pack-security-7.17.10.jar:7.17.10]",
"at org.elasticsearch.xpack.security.authz.interceptor.DlsFlsLicenseRequestInterceptor.intercept(DlsFlsLicenseRequestInterceptor.java:100) [x-pack-security-7.17.10.jar:7.17.10]",
"at org.elasticsearch.xpack.security.authz.AuthorizationService$1.onResponse(AuthorizationService.java:572) [x-pack-security-7.17.10.jar:7.17.10]",
"at org.elasticsearch.xpack.security.authz.AuthorizationService$1.onResponse(AuthorizationService.java:568) [x-pack-security-7.17.10.jar:7.17.10]",
"at org.elasticsearch.xpack.security.authz.interceptor.FieldAndDocumentLevelSecurityRequestInterceptor.intercept(FieldAndDocumentLevelSecurityRequestInterceptor.java:85) [x-pack-security-7.17.10.jar:7.17.10]",
"at org.elasticsearch.xpack.security.authz.interceptor.SearchRequestInterceptor.intercept(SearchRequestInterceptor.java:26) [x-pack-security-7.17.10.jar:7.17.10]",
"at org.elasticsearch.xpack.security.authz.AuthorizationService$1.onResponse(AuthorizationService.java:572) [x-pack-security-7.17.10.jar:7.17.10]",
"at org.elasticsearch.xpack.security.authz.AuthorizationService$1.onResponse(AuthorizationService.java:568) [x-pack-security-7.17.10.jar:7.17.10]",
"at org.elasticsearch.xpack.security.authz.interceptor.FieldAndDocumentLevelSecurityRequestInterceptor.intercept(FieldAndDocumentLevelSecurityRequestInterceptor.java:85) [x-pack-security-7.17.10.jar:7.17.10]",
"at org.elasticsearch.xpack.security.authz.interceptor.UpdateRequestInterceptor.intercept(UpdateRequestInterceptor.java:27) [x-pack-security-7.17.10.jar:7.17.10]",
"at org.elasticsearch.xpack.security.authz.AuthorizationService$1.onResponse(AuthorizationService.java:572) [x-pack-security-7.17.10.jar:7.17.10]",
"at org.elasticsearch.xpack.security.authz.AuthorizationService$1.onResponse(AuthorizationService.java:568) [x-pack-security-7.17.10.jar:7.17.10]",
"at org.elasticsearch.xpack.security.authz.interceptor.FieldAndDocumentLevelSecurityRequestInterceptor.intercept(FieldAndDocumentLevelSecurityRequestInterceptor.java:85) [x-pack-security-7.17.10.jar:7.17.10]",
"at org.elasticsearch.xpack.security.authz.interceptor.ShardSearchRequestInterceptor.intercept(ShardSearchRequestInterceptor.java:26) [x-pack-security-7.17.10.jar:7.17.10]",
"at org.elasticsearch.xpack.security.authz.AuthorizationService$1.onResponse(AuthorizationService.java:572) [x-pack-security-7.17.10.jar:7.17.10]",
"at org.elasticsearch.xpack.security.authz.AuthorizationService$1.onResponse(AuthorizationService.java:568) [x-pack-security-7.17.10.jar:7.17.10]",
"at org.elasticsearch.xpack.security.authz.interceptor.BulkShardRequestInterceptor.intercept(BulkShardRequestInterceptor.java:87) [x-pack-security-7.17.10.jar:7.17.10]",
"at org.elasticsearch.xpack.security.authz.AuthorizationService$1.onResponse(AuthorizationService.java:572) [x-pack-security-7.17.10.jar:7.17.10]",
"at org.elasticsearch.xpack.security.authz.AuthorizationService$1.onResponse(AuthorizationService.java:568) [x-pack-security-7.17.10.jar:7.17.10]",
"at org.elasticsearch.xpack.security.authz.interceptor.IndicesAliasesRequestInterceptor.intercept(IndicesAliasesRequestInterceptor.java:128) [x-pack-security-7.17.10.jar:7.17.10]",
"at org.elasticsearch.xpack.security.authz.AuthorizationService$1.onResponse(AuthorizationService.java:572) [x-pack-security-7.17.10.jar:7.17.10]",
"at org.elasticsearch.xpack.security.authz.AuthorizationService$1.onResponse(AuthorizationService.java:568) [x-pack-security-7.17.10.jar:7.17.10]",
"at org.elasticsearch.xpack.security.authz.interceptor.ResizeRequestInterceptor.intercept(ResizeRequestInterceptor.java:103) [x-pack-security-7.17.10.jar:7.17.10]",
"at org.elasticsearch.xpack.security.authz.AuthorizationService.runRequestInterceptors(AuthorizationService.java:568) [x-pack-security-7.17.10.jar:7.17.10]",
"at org.elasticsearch.xpack.security.authz.AuthorizationService.handleIndexActionAuthorizationResult(AuthorizationService.java:553) [x-pack-security-7.17.10.jar:7.17.10]",
"at org.elasticsearch.xpack.security.authz.AuthorizationService.lambda$authorizeAction$9(AuthorizationService.java:447) [x-pack-security-7.17.10.jar:7.17.10]",
"at org.elasticsearch.xpack.security.authz.AuthorizationService$AuthorizationResultListener.onResponse(AuthorizationService.java:964) [x-pack-security-7.17.10.jar:7.17.10]",
"at org.elasticsearch.xpack.security.authz.AuthorizationService$AuthorizationResultListener.onResponse(AuthorizationService.java:928) [x-pack-security-7.17.10.jar:7.17.10]",
"at org.elasticsearch.action.support.ContextPreservingActionListener.onResponse(ContextPreservingActionListener.java:31) [elasticsearch-7.17.10.jar:7.17.10]",
"at org.elasticsearch.xpack.security.authz.RBACEngine.lambda$authorizeIndexAction$3(RBACEngine.java:362) [x-pack-security-7.17.10.jar:7.17.10]",
"at org.elasticsearch.action.ActionListener$1.onResponse(ActionListener.java:136) [elasticsearch-7.17.10.jar:7.17.10]",
"at org.elasticsearch.common.util.concurrent.ListenableFuture.notifyListenerDirectly(ListenableFuture.java:113) [elasticsearch-7.17.10.jar:7.17.10]",
"at org.elasticsearch.common.util.concurrent.ListenableFuture.addListener(ListenableFuture.java:55) [elasticsearch-7.17.10.jar:7.17.10]",
"at org.elasticsearch.common.util.concurrent.ListenableFuture.addListener(ListenableFuture.java:41) [elasticsearch-7.17.10.jar:7.17.10]",
"at org.elasticsearch.xpack.security.authz.AuthorizationService$CachingAsyncSupplier.getAsync(AuthorizationService.java:1012) [x-pack-security-7.17.10.jar:7.17.10]",
"at org.elasticsearch.xpack.security.authz.RBACEngine.authorizeIndexAction(RBACEngine.java:353) [x-pack-security-7.17.10.jar:7.17.10]",
"at org.elasticsearch.xpack.security.authz.AuthorizationService.authorizeAction(AuthorizationService.java:440) [x-pack-security-7.17.10.jar:7.17.10]",
"at org.elasticsearch.xpack.security.authz.AuthorizationService.maybeAuthorizeRunAs(AuthorizationService.java:377) [x-pack-security-7.17.10.jar:7.17.10]",
"at org.elasticsearch.xpack.security.authz.AuthorizationService.lambda$authorize$1(AuthorizationService.java:262) [x-pack-security-7.17.10.jar:7.17.10]",
"at org.elasticsearch.action.ActionListener$1.onResponse(ActionListener.java:136) [elasticsearch-7.17.10.jar:7.17.10]",
"at org.elasticsearch.action.support.ContextPreservingActionListener.onResponse(ContextPreservingActionListener.java:31) [elasticsearch-7.17.10.jar:7.17.10]",
"at org.elasticsearch.xpack.security.authz.RBACEngine.lambda$resolveAuthorizationInfo$1(RBACEngine.java:148) [x-pack-security-7.17.10.jar:7.17.10]",
"at org.elasticsearch.action.ActionListener$1.onResponse(ActionListener.java:136) [elasticsearch-7.17.10.jar:7.17.10]",
"at org.elasticsearch.xpack.security.authz.store.CompositeRolesStore.getRoles(CompositeRolesStore.java:277) [x-pack-security-7.17.10.jar:7.17.10]",
"at org.elasticsearch.xpack.security.authz.RBACEngine.getRoles(RBACEngine.java:154) [x-pack-security-7.17.10.jar:7.17.10]",
"at org.elasticsearch.xpack.security.authz.RBACEngine.resolveAuthorizationInfo(RBACEngine.java:137) [x-pack-security-7.17.10.jar:7.17.10]",
"at org.elasticsearch.xpack.security.authz.AuthorizationService.authorize(AuthorizationService.java:264) [x-pack-security-7.17.10.jar:7.17.10]",
"at org.elasticsearch.xpack.security.action.filter.SecurityActionFilter.lambda$applyInternal$4(SecurityActionFilter.java:186) [x-pack-security-7.17.10.jar:7.17.10]",
"at org.elasticsearch.action.ActionListener$1.onResponse(ActionListener.java:136) [elasticsearch-7.17.10.jar:7.17.10]",
"at org.elasticsearch.action.ActionListener$MappedActionListener.onResponse(ActionListener.java:101) [elasticsearch-7.17.10.jar:7.17.10]",
"at org.elasticsearch.xpack.security.authc.AuthenticatorChain.authenticateAsync(AuthenticatorChain.java:102) [x-pack-security-7.17.10.jar:7.17.10]",
"at org.elasticsearch.xpack.security.authc.AuthenticationService.authenticate(AuthenticationService.java:171) [x-pack-security-7.17.10.jar:7.17.10]",
"at org.elasticsearch.xpack.security.action.filter.SecurityActionFilter.applyInternal(SecurityActionFilter.java:182) [x-pack-security-7.17.10.jar:7.17.10]",
"at org.elasticsearch.xpack.security.action.filter.SecurityActionFilter.apply(SecurityActionFilter.java:124) [x-pack-security-7.17.10.jar:7.17.10]",
"at org.elasticsearch.action.support.TransportAction$RequestFilterChain.proceed(TransportAction.java:184) [elasticsearch-7.17.10.jar:7.17.10]",
"at org.elasticsearch.action.support.TransportAction.execute(TransportAction.java:161) [elasticsearch-7.17.10.jar:7.17.10]",
"at org.elasticsearch.action.support.TransportAction.execute(TransportAction.java:82) [elasticsearch-7.17.10.jar:7.17.10]",
"at org.elasticsearch.client.node.NodeClient.executeLocally(NodeClient.java:95) [elasticsearch-7.17.10.jar:7.17.10]",
"at org.elasticsearch.client.node.NodeClient.doExecute(NodeClient.java:73) [elasticsearch-7.17.10.jar:7.17.10]",
"at org.elasticsearch.client.support.AbstractClient.execute(AbstractClient.java:407) [elasticsearch-7.17.10.jar:7.17.10]",
"at org.elasticsearch.action.search.RestOpenPointInTimeAction.lambda$prepareRequest$0(RestOpenPointInTimeAction.java:45) [elasticsearch-7.17.10.jar:7.17.10]",
"at org.elasticsearch.rest.BaseRestHandler.handleRequest(BaseRestHandler.java:109) [elasticsearch-7.17.10.jar:7.17.10]",
"at org.elasticsearch.xpack.security.rest.SecurityRestFilter.lambda$handleRequest$0(SecurityRestFilter.java:90) [x-pack-security-7.17.10.jar:7.17.10]",
"at org.elasticsearch.action.ActionListener$1.onResponse(ActionListener.java:136) [elasticsearch-7.17.10.jar:7.17.10]",
"at org.elasticsearch.xpack.security.authc.support.SecondaryAuthenticator.lambda$authenticateAndAttachToContext$2(SecondaryAuthenticator.java:84) [x-pack-security-7.17.10.jar:7.17.10]",
"at org.elasticsearch.action.ActionListener$1.onResponse(ActionListener.java:136) [elasticsearch-7.17.10.jar:7.17.10]",
"at org.elasticsearch.xpack.security.authc.support.SecondaryAuthenticator.authenticate(SecondaryAuthenticator.java:94) [x-pack-security-7.17.10.jar:7.17.10]",
"at org.elasticsearch.xpack.security.authc.support.SecondaryAuthenticator.authenticateAndAttachToContext(SecondaryAuthenticator.java:78) [x-pack-security-7.17.10.jar:7.17.10]",
"at org.elasticsearch.xpack.security.rest.SecurityRestFilter.lambda$handleRequest$2(SecurityRestFilter.java:85) [x-pack-security-7.17.10.jar:7.17.10]",
"at org.elasticsearch.action.ActionListener$1.onResponse(ActionListener.java:136) [elasticsearch-7.17.10.jar:7.17.10]",
"at org.elasticsearch.action.ActionListener$MappedActionListener.onResponse(ActionListener.java:101) [elasticsearch-7.17.10.jar:7.17.10]",
"at org.elasticsearch.action.ActionListener$RunBeforeActionListener.onResponse(ActionListener.java:389) [elasticsearch-7.17.10.jar:7.17.10]",
"at org.elasticsearch.xpack.security.authc.AuthenticatorChain.writeAuthToContext(AuthenticatorChain.java:376) [x-pack-security-7.17.10.jar:7.17.10]",
"at org.elasticsearch.xpack.security.authc.AuthenticatorChain.finishAuthentication(AuthenticatorChain.java:352) [x-pack-security-7.17.10.jar:7.17.10]",
"at org.elasticsearch.xpack.security.authc.AuthenticatorChain.maybeLookupRunAsUser(AuthenticatorChain.java:205) [x-pack-security-7.17.10.jar:7.17.10]",
"at org.elasticsearch.xpack.security.authc.AuthenticatorChain.lambda$doAuthenticate$1(AuthenticatorChain.java:128) [x-pack-security-7.17.10.jar:7.17.10]",
"at org.elasticsearch.action.ActionListener$1.onResponse(ActionListener.java:136) [elasticsearch-7.17.10.jar:7.17.10]",
"at org.elasticsearch.xpack.core.common.IteratingActionListener.onResponse(IteratingActionListener.java:141) [x-pack-core-7.17.10.jar:7.17.10]",
"at org.elasticsearch.xpack.security.authc.AuthenticatorChain.lambda$getAuthenticatorConsumer$3(AuthenticatorChain.java:175) [x-pack-security-7.17.10.jar:7.17.10]",
"at org.elasticsearch.action.ActionListener$1.onResponse(ActionListener.java:136) [elasticsearch-7.17.10.jar:7.17.10]",
"at org.elasticsearch.xpack.security.authc.RealmsAuthenticator.lambda$consumeToken$3(RealmsAuthenticator.java:219) [x-pack-security-7.17.10.jar:7.17.10]",
"at org.elasticsearch.action.ActionListener$1.onResponse(ActionListener.java:136) [elasticsearch-7.17.10.jar:7.17.10]",
"at org.elasticsearch.action.support.ContextPreservingActionListener.onResponse(ContextPreservingActionListener.java:31) [elasticsearch-7.17.10.jar:7.17.10]",
"at org.elasticsearch.xpack.core.common.IteratingActionListener.onResponse(IteratingActionListener.java:141) [x-pack-core-7.17.10.jar:7.17.10]",
"at org.elasticsearch.xpack.security.authc.RealmsAuthenticator.lambda$consumeToken$0(RealmsAuthenticator.java:164) [x-pack-security-7.17.10.jar:7.17.10]",
"at org.elasticsearch.action.ActionListener$1.onResponse(ActionListener.java:136) [elasticsearch-7.17.10.jar:7.17.10]",
"at org.elasticsearch.xpack.security.authc.support.CachingUsernamePasswordRealm.lambda$authenticateWithCache$1(CachingUsernamePasswordRealm.java:155) [x-pack-security-7.17.10.jar:7.17.10]",
"at org.elasticsearch.action.ActionListener$1.onResponse(ActionListener.java:136) [elasticsearch-7.17.10.jar:7.17.10]",
"at org.elasticsearch.xpack.security.authc.support.CachingUsernamePasswordRealm.handleCachedAuthentication(CachingUsernamePasswordRealm.java:242) [x-pack-security-7.17.10.jar:7.17.10]",
"at org.elasticsearch.xpack.security.authc.support.CachingUsernamePasswordRealm.lambda$authenticateWithCache$2(CachingUsernamePasswordRealm.java:139) [x-pack-security-7.17.10.jar:7.17.10]",
"at org.elasticsearch.action.ActionListener$1.onResponse(ActionListener.java:136) [elasticsearch-7.17.10.jar:7.17.10]",
"at org.elasticsearch.common.util.concurrent.ListenableFuture.notifyListenerDirectly(ListenableFuture.java:113) [elasticsearch-7.17.10.jar:7.17.10]",
"at org.elasticsearch.common.util.concurrent.ListenableFuture.addListener(ListenableFuture.java:55) [elasticsearch-7.17.10.jar:7.17.10]",
"at org.elasticsearch.xpack.security.authc.support.CachingUsernamePasswordRealm.authenticateWithCache(CachingUsernamePasswordRealm.java:134) [x-pack-security-7.17.10.jar:7.17.10]",
"at org.elasticsearch.xpack.security.authc.support.CachingUsernamePasswordRealm.authenticate(CachingUsernamePasswordRealm.java:105) [x-pack-security-7.17.10.jar:7.17.10]",
"at org.elasticsearch.xpack.security.authc.RealmsAuthenticator.lambda$consumeToken$2(RealmsAuthenticator.java:148) [x-pack-security-7.17.10.jar:7.17.10]",
"at org.elasticsearch.xpack.core.common.IteratingActionListener.run(IteratingActionListener.java:117) [x-pack-core-7.17.10.jar:7.17.10]",
"at org.elasticsearch.xpack.security.authc.RealmsAuthenticator.consumeToken(RealmsAuthenticator.java:233) [x-pack-security-7.17.10.jar:7.17.10]",
"at org.elasticsearch.xpack.security.authc.RealmsAuthenticator.authenticate(RealmsAuthenticator.java:84) [x-pack-security-7.17.10.jar:7.17.10]",
"at org.elasticsearch.xpack.security.authc.AuthenticatorChain.lambda$getAuthenticatorConsumer$5(AuthenticatorChain.java:171) [x-pack-security-7.17.10.jar:7.17.10]",
"at org.elasticsearch.xpack.core.common.IteratingActionListener.onResponse(IteratingActionListener.java:135) [x-pack-core-7.17.10.jar:7.17.10]",
"at org.elasticsearch.xpack.security.authc.AuthenticatorChain.lambda$getAuthenticatorConsumer$5(AuthenticatorChain.java:165) [x-pack-security-7.17.10.jar:7.17.10]",
"at org.elasticsearch.xpack.core.common.IteratingActionListener.onResponse(IteratingActionListener.java:135) [x-pack-core-7.17.10.jar:7.17.10]",
"at org.elasticsearch.xpack.security.authc.AuthenticatorChain.lambda$getAuthenticatorConsumer$5(AuthenticatorChain.java:165) [x-pack-security-7.17.10.jar:7.17.10]",
"at org.elasticsearch.xpack.core.common.IteratingActionListener.onResponse(IteratingActionListener.java:135) [x-pack-core-7.17.10.jar:7.17.10]",
"at org.elasticsearch.xpack.security.authc.AuthenticatorChain.lambda$getAuthenticatorConsumer$5(AuthenticatorChain.java:165) [x-pack-security-7.17.10.jar:7.17.10]",
"at org.elasticsearch.xpack.core.common.IteratingActionListener.run(IteratingActionListener.java:117) [x-pack-core-7.17.10.jar:7.17.10]",
"at org.elasticsearch.xpack.security.authc.AuthenticatorChain.doAuthenticate(AuthenticatorChain.java:143) [x-pack-security-7.17.10.jar:7.17.10]",
"at org.elasticsearch.xpack.security.authc.AuthenticatorChain.authenticateAsync(AuthenticatorChain.java:104) [x-pack-security-7.17.10.jar:7.17.10]",
"at org.elasticsearch.xpack.security.authc.AuthenticationService.authenticate(AuthenticationService.java:149) [x-pack-security-7.17.10.jar:7.17.10]",
"at org.elasticsearch.xpack.security.authc.AuthenticationService.authenticate(AuthenticationService.java:127) [x-pack-security-7.17.10.jar:7.17.10]",
"at org.elasticsearch.xpack.security.rest.SecurityRestFilter.handleRequest(SecurityRestFilter.java:79) [x-pack-security-7.17.10.jar:7.17.10]",
"at org.elasticsearch.rest.RestController.dispatchRequest(RestController.java:337) [elasticsearch-7.17.10.jar:7.17.10]",
"at org.elasticsearch.rest.RestController.tryAllHandlers(RestController.java:403) [elasticsearch-7.17.10.jar:7.17.10]",
"at org.elasticsearch.rest.RestController.dispatchRequest(RestController.java:255) [elasticsearch-7.17.10.jar:7.17.10]",
"at org.elasticsearch.http.AbstractHttpServerTransport.dispatchRequest(AbstractHttpServerTransport.java:382) [elasticsearch-7.17.10.jar:7.17.10]",
"at org.elasticsearch.http.AbstractHttpServerTransport.handleIncomingRequest(AbstractHttpServerTransport.java:461) [elasticsearch-7.17.10.jar:7.17.10]",
"at org.elasticsearch.http.AbstractHttpServerTransport.incomingRequest(AbstractHttpServerTransport.java:357) [elasticsearch-7.17.10.jar:7.17.10]",
"at org.elasticsearch.http.netty4.Netty4HttpRequestHandler.channelRead0(Netty4HttpRequestHandler.java:35) [transport-netty4-client-7.17.10.jar:7.17.10]",
"at org.elasticsearch.http.netty4.Netty4HttpRequestHandler.channelRead0(Netty4HttpRequestHandler.java:19) [transport-netty4-client-7.17.10.jar:7.17.10]",
"at io.netty.channel.SimpleChannelInboundHandler.channelRead(SimpleChannelInboundHandler.java:99) [netty-transport-4.1.66.Final.jar:4.1.66.Final]",
"at io.netty.channel.AbstractChannelHandlerContext.invokeChannelRead(AbstractChannelHandlerContext.java:379) [netty-transport-4.1.66.Final.jar:4.1.66.Final]",
"at io.netty.channel.AbstractChannelHandlerContext.invokeChannelRead(AbstractChannelHandlerContext.java:365) [netty-transport-4.1.66.Final.jar:4.1.66.Final]",
"at io.netty.channel.AbstractChannelHandlerContext.fireChannelRead(AbstractChannelHandlerContext.java:357) [netty-transport-4.1.66.Final.jar:4.1.66.Final]",
"at org.elasticsearch.http.netty4.Netty4HttpPipeliningHandler.channelRead(Netty4HttpPipeliningHandler.java:48) [transport-netty4-client-7.17.10.jar:7.17.10]",
"at io.netty.channel.AbstractChannelHandlerContext.invokeChannelRead(AbstractChannelHandlerContext.java:379) [netty-transport-4.1.66.Final.jar:4.1.66.Final]",
"at io.netty.channel.AbstractChannelHandlerContext.invokeChannelRead(AbstractChannelHandlerContext.java:365) [netty-transport-4.1.66.Final.jar:4.1.66.Final]",
"at io.netty.channel.AbstractChannelHandlerContext.fireChannelRead(AbstractChannelHandlerContext.java:357) [netty-transport-4.1.66.Final.jar:4.1.66.Final]",
"at io.netty.handler.codec.MessageToMessageDecoder.channelRead(MessageToMessageDecoder.java:103) [netty-codec-4.1.66.Final.jar:4.1.66.Final]",
"at io.netty.channel.AbstractChannelHandlerContext.invokeChannelRead(AbstractChannelHandlerContext.java:379) [netty-transport-4.1.66.Final.jar:4.1.66.Final]",
"at io.netty.channel.AbstractChannelHandlerContext.invokeChannelRead(AbstractChannelHandlerContext.java:365) [netty-transport-4.1.66.Final.jar:4.1.66.Final]",
"at io.netty.channel.AbstractChannelHandlerContext.fireChannelRead(AbstractChannelHandlerContext.java:357) [netty-transport-4.1.66.Final.jar:4.1.66.Final]",
"at io.netty.handler.codec.MessageToMessageDecoder.channelRead(MessageToMessageDecoder.java:103) [netty-codec-4.1.66.Final.jar:4.1.66.Final]",
"at io.netty.handler.codec.MessageToMessageCodec.channelRead(MessageToMessageCodec.java:111) [netty-codec-4.1.66.Final.jar:4.1.66.Final]",
"at io.netty.channel.AbstractChannelHandlerContext.invokeChannelRead(AbstractChannelHandlerContext.java:379) [netty-transport-4.1.66.Final.jar:4.1.66.Final]",
"at io.netty.channel.AbstractChannelHandlerContext.invokeChannelRead(AbstractChannelHandlerContext.java:365) [netty-transport-4.1.66.Final.jar:4.1.66.Final]",
"at io.netty.channel.AbstractChannelHandlerContext.fireChannelRead(AbstractChannelHandlerContext.java:357) [netty-transport-4.1.66.Final.jar:4.1.66.Final]",
"at io.netty.handler.codec.MessageToMessageDecoder.channelRead(MessageToMessageDecoder.java:103) [netty-codec-4.1.66.Final.jar:4.1.66.Final]",
"at io.netty.channel.AbstractChannelHandlerContext.invokeChannelRead(AbstractChannelHandlerContext.java:379) [netty-transport-4.1.66.Final.jar:4.1.66.Final]",
"at io.netty.channel.AbstractChannelHandlerContext.invokeChannelRead(AbstractChannelHandlerContext.java:365) [netty-transport-4.1.66.Final.jar:4.1.66.Final]",
"at io.netty.channel.AbstractChannelHandlerContext.fireChannelRead(AbstractChannelHandlerContext.java:357) [netty-transport-4.1.66.Final.jar:4.1.66.Final]",
"at io.netty.handler.codec.MessageToMessageDecoder.channelRead(MessageToMessageDecoder.java:103) [netty-codec-4.1.66.Final.jar:4.1.66.Final]",
"at io.netty.channel.AbstractChannelHandlerContext.invokeChannelRead(AbstractChannelHandlerContext.java:379) [netty-transport-4.1.66.Final.jar:4.1.66.Final]",
"at io.netty.channel.AbstractChannelHandlerContext.invokeChannelRead(AbstractChannelHandlerContext.java:365) [netty-transport-4.1.66.Final.jar:4.1.66.Final]",
"at io.netty.channel.AbstractChannelHandlerContext.fireChannelRead(AbstractChannelHandlerContext.java:357) [netty-transport-4.1.66.Final.jar:4.1.66.Final]",
"at io.netty.handler.codec.ByteToMessageDecoder.fireChannelRead(ByteToMessageDecoder.java:324) [netty-codec-4.1.66.Final.jar:4.1.66.Final]",
"at io.netty.handler.codec.ByteToMessageDecoder.channelRead(ByteToMessageDecoder.java:296) [netty-codec-4.1.66.Final.jar:4.1.66.Final]",
"at io.netty.channel.AbstractChannelHandlerContext.invokeChannelRead(AbstractChannelHandlerContext.java:379) [netty-transport-4.1.66.Final.jar:4.1.66.Final]",
"at io.netty.channel.AbstractChannelHandlerContext.invokeChannelRead(AbstractChannelHandlerContext.java:365) [netty-transport-4.1.66.Final.jar:4.1.66.Final]",
"at io.netty.channel.AbstractChannelHandlerContext.fireChannelRead(AbstractChannelHandlerContext.java:357) [netty-transport-4.1.66.Final.jar:4.1.66.Final]",
"at io.netty.handler.timeout.IdleStateHandler.channelRead(IdleStateHandler.java:286) [netty-handler-4.1.66.Final.jar:4.1.66.Final]",
"at io.netty.channel.AbstractChannelHandlerContext.invokeChannelRead(AbstractChannelHandlerContext.java:379) [netty-transport-4.1.66.Final.jar:4.1.66.Final]",
"at io.netty.channel.AbstractChannelHandlerContext.invokeChannelRead(AbstractChannelHandlerContext.java:365) [netty-transport-4.1.66.Final.jar:4.1.66.Final]",
"at io.netty.channel.AbstractChannelHandlerContext.fireChannelRead(AbstractChannelHandlerContext.java:357) [netty-transport-4.1.66.Final.jar:4.1.66.Final]",
"at io.netty.handler.codec.MessageToMessageDecoder.channelRead(MessageToMessageDecoder.java:103) [netty-codec-4.1.66.Final.jar:4.1.66.Final]",
"at io.netty.channel.AbstractChannelHandlerContext.invokeChannelRead(AbstractChannelHandlerContext.java:379) [netty-transport-4.1.66.Final.jar:4.1.66.Final]",
"at io.netty.channel.AbstractChannelHandlerContext.invokeChannelRead(AbstractChannelHandlerContext.java:365) [netty-transport-4.1.66.Final.jar:4.1.66.Final]",
"at io.netty.channel.AbstractChannelHandlerContext.fireChannelRead(AbstractChannelHandlerContext.java:357) [netty-transport-4.1.66.Final.jar:4.1.66.Final]",
"at io.netty.channel.DefaultChannelPipeline$HeadContext.channelRead(DefaultChannelPipeline.java:1410) [netty-transport-4.1.66.Final.jar:4.1.66.Final]",
"at io.netty.channel.AbstractChannelHandlerContext.invokeChannelRead(AbstractChannelHandlerContext.java:379) [netty-transport-4.1.66.Final.jar:4.1.66.Final]",
"at io.netty.channel.AbstractChannelHandlerContext.invokeChannelRead(AbstractChannelHandlerContext.java:365) [netty-transport-4.1.66.Final.jar:4.1.66.Final]",
"at io.netty.channel.DefaultChannelPipeline.fireChannelRead(DefaultChannelPipeline.java:919) [netty-transport-4.1.66.Final.jar:4.1.66.Final]",
"at io.netty.channel.nio.AbstractNioByteChannel$NioByteUnsafe.read(AbstractNioByteChannel.java:166) [netty-transport-4.1.66.Final.jar:4.1.66.Final]",
"at io.netty.channel.nio.NioEventLoop.processSelectedKey(NioEventLoop.java:719) [netty-transport-4.1.66.Final.jar:4.1.66.Final]",
"at io.netty.channel.nio.NioEventLoop.processSelectedKeysPlain(NioEventLoop.java:620) [netty-transport-4.1.66.Final.jar:4.1.66.Final]",
"at io.netty.channel.nio.NioEventLoop.processSelectedKeys(NioEventLoop.java:583) [netty-transport-4.1.66.Final.jar:4.1.66.Final]",
"at io.netty.channel.nio.NioEventLoop.run(NioEventLoop.java:493) [netty-transport-4.1.66.Final.jar:4.1.66.Final]",
"at io.netty.util.concurrent.SingleThreadEventExecutor$4.run(SingleThreadEventExecutor.java:986) [netty-common-4.1.66.Final.jar:4.1.66.Final]",
"at io.netty.util.internal.ThreadExecutorMap$2.run(ThreadExecutorMap.java:74) [netty-common-4.1.66.Final.jar:4.1.66.Final]",
"at java.lang.Thread.run(Thread.java:1623) [?:?]",
"Caused by: org.elasticsearch.action.NoShardAvailableActionException: [da38f2874e84][172.20.0.5:9300][indices:data/read/open_reader_context]",
"at org.elasticsearch.action.search.AbstractSearchAsyncAction.onShardFailure(AbstractSearchAsyncAction.java:532) ~[elasticsearch-7.17.10.jar:7.17.10]",
"at org.elasticsearch.action.search.AbstractSearchAsyncAction.onShardFailure(AbstractSearchAsyncAction.java:479) [elasticsearch-7.17.10.jar:7.17.10]",
"... 277 more"] }
{"type": "server", "timestamp": "2025-06-22T05:37:48,351Z", "level": "WARN", "component": "r.suppressed", "cluster.name": "docker-cluster", "node.name": "da38f2874e84", "message": "path: /.kibana_task_manager_7.17.10_001/_pit, params: {index=.kibana_task_manager_7.17.10_001, keep_alive=10m}", "cluster.uuid": "_K2lvHSSRx68TrSozPU3JA", "node.id": "rY5VrnGrTy6qVpywgTf0Ug" , 
"stacktrace": ["org.elasticsearch.action.search.SearchPhaseExecutionException: all shards failed",
"at org.elasticsearch.action.search.AbstractSearchAsyncAction.onPhaseFailure(AbstractSearchAsyncAction.java:713) [elasticsearch-7.17.10.jar:7.17.10]",
"at org.elasticsearch.action.search.AbstractSearchAsyncAction.executeNextPhase(AbstractSearchAsyncAction.java:400) [elasticsearch-7.17.10.jar:7.17.10]",
"at org.elasticsearch.action.search.AbstractSearchAsyncAction.onPhaseDone(AbstractSearchAsyncAction.java:745) [elasticsearch-7.17.10.jar:7.17.10]",
"at org.elasticsearch.action.search.AbstractSearchAsyncAction.onShardFailure(AbstractSearchAsyncAction.java:497) [elasticsearch-7.17.10.jar:7.17.10]",
"at org.elasticsearch.action.search.AbstractSearchAsyncAction.access$000(AbstractSearchAsyncAction.java:64) [elasticsearch-7.17.10.jar:7.17.10]",
"at org.elasticsearch.action.search.AbstractSearchAsyncAction$1.onFailure(AbstractSearchAsyncAction.java:331) [elasticsearch-7.17.10.jar:7.17.10]",
"at org.elasticsearch.action.ActionListenerResponseHandler.handleException(ActionListenerResponseHandler.java:48) [elasticsearch-7.17.10.jar:7.17.10]",
"at org.elasticsearch.transport.TransportService$4.handleException(TransportService.java:853) [elasticsearch-7.17.10.jar:7.17.10]",
"at org.elasticsearch.transport.TransportService$ContextRestoreResponseHandler.handleException(TransportService.java:1481) [elasticsearch-7.17.10.jar:7.17.10]",
"at org.elasticsearch.transport.TransportService$DirectResponseChannel.processException(TransportService.java:1607) [elasticsearch-7.17.10.jar:7.17.10]",
"at org.elasticsearch.transport.TransportService$DirectResponseChannel.sendResponse(TransportService.java:1581) [elasticsearch-7.17.10.jar:7.17.10]",
"at org.elasticsearch.transport.TaskTransportChannel.sendResponse(TaskTransportChannel.java:50) [elasticsearch-7.17.10.jar:7.17.10]",
"at org.elasticsearch.transport.TransportChannel.sendErrorResponse(TransportChannel.java:45) [elasticsearch-7.17.10.jar:7.17.10]",
"at org.elasticsearch.action.support.ChannelActionListener.onFailure(ChannelActionListener.java:41) [elasticsearch-7.17.10.jar:7.17.10]",
"at org.elasticsearch.action.ActionListener$Delegating.onFailure(ActionListener.java:66) [elasticsearch-7.17.10.jar:7.17.10]",
"at org.elasticsearch.search.SearchService.lambda$openReaderContext$10(SearchService.java:965) [elasticsearch-7.17.10.jar:7.17.10]",
"at org.elasticsearch.index.shard.IndexShard.awaitShardSearchActive(IndexShard.java:4005) [elasticsearch-7.17.10.jar:7.17.10]",
"at org.elasticsearch.search.SearchService.openReaderContext(SearchService.java:945) [elasticsearch-7.17.10.jar:7.17.10]",
"at org.elasticsearch.action.search.TransportOpenPointInTimeAction$ShardOpenReaderRequestHandler.messageReceived(TransportOpenPointInTimeAction.java:177) [elasticsearch-7.17.10.jar:7.17.10]",
"at org.elasticsearch.action.search.TransportOpenPointInTimeAction$ShardOpenReaderRequestHandler.messageReceived(TransportOpenPointInTimeAction.java:174) [elasticsearch-7.17.10.jar:7.17.10]",
"at org.elasticsearch.xpack.security.transport.SecurityServerTransportInterceptor$ProfileSecuredRequestHandler$1.doRun(SecurityServerTransportInterceptor.java:341) [x-pack-security-7.17.10.jar:7.17.10]",
"at org.elasticsearch.common.util.concurrent.AbstractRunnable.run(AbstractRunnable.java:26) [elasticsearch-7.17.10.jar:7.17.10]",
"at org.elasticsearch.xpack.security.transport.SecurityServerTransportInterceptor$ProfileSecuredRequestHandler$2.onResponse(SecurityServerTransportInterceptor.java:389) [x-pack-security-7.17.10.jar:7.17.10]",
"at org.elasticsearch.xpack.security.transport.SecurityServerTransportInterceptor$ProfileSecuredRequestHandler$2.onResponse(SecurityServerTransportInterceptor.java:386) [x-pack-security-7.17.10.jar:7.17.10]",
"at org.elasticsearch.xpack.security.authz.AuthorizationService$1.onResponse(AuthorizationService.java:574) [x-pack-security-7.17.10.jar:7.17.10]",
"at org.elasticsearch.xpack.security.authz.AuthorizationService$1.onResponse(AuthorizationService.java:568) [x-pack-security-7.17.10.jar:7.17.10]",
"at org.elasticsearch.xpack.security.authz.interceptor.DlsFlsLicenseRequestInterceptor.intercept(DlsFlsLicenseRequestInterceptor.java:100) [x-pack-security-7.17.10.jar:7.17.10]",
"at org.elasticsearch.xpack.security.authz.AuthorizationService$1.onResponse(AuthorizationService.java:572) [x-pack-security-7.17.10.jar:7.17.10]",
"at org.elasticsearch.xpack.security.authz.AuthorizationService$1.onResponse(AuthorizationService.java:568) [x-pack-security-7.17.10.jar:7.17.10]",
"at org.elasticsearch.xpack.security.authz.interceptor.FieldAndDocumentLevelSecurityRequestInterceptor.intercept(FieldAndDocumentLevelSecurityRequestInterceptor.java:85) [x-pack-security-7.17.10.jar:7.17.10]",
"at org.elasticsearch.xpack.security.authz.interceptor.SearchRequestInterceptor.intercept(SearchRequestInterceptor.java:26) [x-pack-security-7.17.10.jar:7.17.10]",
"at org.elasticsearch.xpack.security.authz.AuthorizationService$1.onResponse(AuthorizationService.java:572) [x-pack-security-7.17.10.jar:7.17.10]",
"at org.elasticsearch.xpack.security.authz.AuthorizationService$1.onResponse(AuthorizationService.java:568) [x-pack-security-7.17.10.jar:7.17.10]",
"at org.elasticsearch.xpack.security.authz.interceptor.FieldAndDocumentLevelSecurityRequestInterceptor.intercept(FieldAndDocumentLevelSecurityRequestInterceptor.java:85) [x-pack-security-7.17.10.jar:7.17.10]",
"at org.elasticsearch.xpack.security.authz.interceptor.UpdateRequestInterceptor.intercept(UpdateRequestInterceptor.java:27) [x-pack-security-7.17.10.jar:7.17.10]",
"at org.elasticsearch.xpack.security.authz.AuthorizationService$1.onResponse(AuthorizationService.java:572) [x-pack-security-7.17.10.jar:7.17.10]",
"at org.elasticsearch.xpack.security.authz.AuthorizationService$1.onResponse(AuthorizationService.java:568) [x-pack-security-7.17.10.jar:7.17.10]",
"at org.elasticsearch.xpack.security.authz.interceptor.FieldAndDocumentLevelSecurityRequestInterceptor.intercept(FieldAndDocumentLevelSecurityRequestInterceptor.java:85) [x-pack-security-7.17.10.jar:7.17.10]",
"at org.elasticsearch.xpack.security.authz.interceptor.ShardSearchRequestInterceptor.intercept(ShardSearchRequestInterceptor.java:26) [x-pack-security-7.17.10.jar:7.17.10]",
"at org.elasticsearch.xpack.security.authz.AuthorizationService$1.onResponse(AuthorizationService.java:572) [x-pack-security-7.17.10.jar:7.17.10]",
"at org.elasticsearch.xpack.security.authz.AuthorizationService$1.onResponse(AuthorizationService.java:568) [x-pack-security-7.17.10.jar:7.17.10]",
"at org.elasticsearch.xpack.security.authz.interceptor.BulkShardRequestInterceptor.intercept(BulkShardRequestInterceptor.java:87) [x-pack-security-7.17.10.jar:7.17.10]",
"at org.elasticsearch.xpack.security.authz.AuthorizationService$1.onResponse(AuthorizationService.java:572) [x-pack-security-7.17.10.jar:7.17.10]",
"at org.elasticsearch.xpack.security.authz.AuthorizationService$1.onResponse(AuthorizationService.java:568) [x-pack-security-7.17.10.jar:7.17.10]",
"at org.elasticsearch.xpack.security.authz.interceptor.IndicesAliasesRequestInterceptor.intercept(IndicesAliasesRequestInterceptor.java:128) [x-pack-security-7.17.10.jar:7.17.10]",
"at org.elasticsearch.xpack.security.authz.AuthorizationService$1.onResponse(AuthorizationService.java:572) [x-pack-security-7.17.10.jar:7.17.10]",
"at org.elasticsearch.xpack.security.authz.AuthorizationService$1.onResponse(AuthorizationService.java:568) [x-pack-security-7.17.10.jar:7.17.10]",
"at org.elasticsearch.xpack.security.authz.interceptor.ResizeRequestInterceptor.intercept(ResizeRequestInterceptor.java:103) [x-pack-security-7.17.10.jar:7.17.10]",
"at org.elasticsearch.xpack.security.authz.AuthorizationService.runRequestInterceptors(AuthorizationService.java:568) [x-pack-security-7.17.10.jar:7.17.10]",
"at org.elasticsearch.xpack.security.authz.AuthorizationService.handleIndexActionAuthorizationResult(AuthorizationService.java:553) [x-pack-security-7.17.10.jar:7.17.10]",
"at org.elasticsearch.xpack.security.authz.AuthorizationService.lambda$authorizeAction$9(AuthorizationService.java:447) [x-pack-security-7.17.10.jar:7.17.10]",
"at org.elasticsearch.xpack.security.authz.AuthorizationService$AuthorizationResultListener.onResponse(AuthorizationService.java:964) [x-pack-security-7.17.10.jar:7.17.10]",
"at org.elasticsearch.xpack.security.authz.AuthorizationService$AuthorizationResultListener.onResponse(AuthorizationService.java:928) [x-pack-security-7.17.10.jar:7.17.10]",
"at org.elasticsearch.action.support.ContextPreservingActionListener.onResponse(ContextPreservingActionListener.java:31) [elasticsearch-7.17.10.jar:7.17.10]",
"at org.elasticsearch.xpack.security.authz.RBACEngine.lambda$authorizeIndexAction$4(RBACEngine.java:388) [x-pack-security-7.17.10.jar:7.17.10]",
"at org.elasticsearch.action.ActionListener$1.onResponse(ActionListener.java:136) [elasticsearch-7.17.10.jar:7.17.10]",
"at org.elasticsearch.common.util.concurrent.ListenableFuture.notifyListenerDirectly(ListenableFuture.java:113) [elasticsearch-7.17.10.jar:7.17.10]",
"at org.elasticsearch.common.util.concurrent.ListenableFuture.addListener(ListenableFuture.java:55) [elasticsearch-7.17.10.jar:7.17.10]",
"at org.elasticsearch.common.util.concurrent.ListenableFuture.addListener(ListenableFuture.java:41) [elasticsearch-7.17.10.jar:7.17.10]",
"at org.elasticsearch.xpack.security.authz.AuthorizationService$CachingAsyncSupplier.getAsync(AuthorizationService.java:1012) [x-pack-security-7.17.10.jar:7.17.10]",
"at org.elasticsearch.xpack.security.authz.RBACEngine.authorizeIndexAction(RBACEngine.java:380) [x-pack-security-7.17.10.jar:7.17.10]",
"at org.elasticsearch.xpack.security.authz.AuthorizationService.authorizeAction(AuthorizationService.java:440) [x-pack-security-7.17.10.jar:7.17.10]",
"at org.elasticsearch.xpack.security.authz.AuthorizationService.maybeAuthorizeRunAs(AuthorizationService.java:377) [x-pack-security-7.17.10.jar:7.17.10]",
"at org.elasticsearch.xpack.security.authz.AuthorizationService.lambda$authorize$1(AuthorizationService.java:262) [x-pack-security-7.17.10.jar:7.17.10]",
"at org.elasticsearch.action.ActionListener$1.onResponse(ActionListener.java:136) [elasticsearch-7.17.10.jar:7.17.10]",
"at org.elasticsearch.action.support.ContextPreservingActionListener.onResponse(ContextPreservingActionListener.java:31) [elasticsearch-7.17.10.jar:7.17.10]",
"at org.elasticsearch.xpack.security.authz.RBACEngine.lambda$resolveAuthorizationInfo$1(RBACEngine.java:148) [x-pack-security-7.17.10.jar:7.17.10]",
"at org.elasticsearch.action.ActionListener$1.onResponse(ActionListener.java:136) [elasticsearch-7.17.10.jar:7.17.10]",
"at org.elasticsearch.xpack.security.authz.store.CompositeRolesStore.getRoles(CompositeRolesStore.java:277) [x-pack-security-7.17.10.jar:7.17.10]",
"at org.elasticsearch.xpack.security.authz.RBACEngine.getRoles(RBACEngine.java:154) [x-pack-security-7.17.10.jar:7.17.10]",
"at org.elasticsearch.xpack.security.authz.RBACEngine.resolveAuthorizationInfo(RBACEngine.java:137) [x-pack-security-7.17.10.jar:7.17.10]",
"at org.elasticsearch.xpack.security.authz.AuthorizationService.authorize(AuthorizationService.java:264) [x-pack-security-7.17.10.jar:7.17.10]",
"at org.elasticsearch.xpack.security.transport.ServerTransportFilter$NodeProfile.lambda$inbound$1(ServerTransportFilter.java:136) [x-pack-security-7.17.10.jar:7.17.10]",
"at org.elasticsearch.action.ActionListener$1.onResponse(ActionListener.java:136) [elasticsearch-7.17.10.jar:7.17.10]",
"at org.elasticsearch.action.ActionListener$MappedActionListener.onResponse(ActionListener.java:101) [elasticsearch-7.17.10.jar:7.17.10]",
"at org.elasticsearch.xpack.security.authc.AuthenticatorChain.authenticateAsync(AuthenticatorChain.java:102) [x-pack-security-7.17.10.jar:7.17.10]",
"at org.elasticsearch.xpack.security.authc.AuthenticationService.authenticate(AuthenticationService.java:199) [x-pack-security-7.17.10.jar:7.17.10]",
"at org.elasticsearch.xpack.security.transport.ServerTransportFilter$NodeProfile.inbound(ServerTransportFilter.java:128) [x-pack-security-7.17.10.jar:7.17.10]",
"at org.elasticsearch.xpack.security.transport.SecurityServerTransportInterceptor$ProfileSecuredRequestHandler.messageReceived(SecurityServerTransportInterceptor.java:415) [x-pack-security-7.17.10.jar:7.17.10]",
"at org.elasticsearch.transport.RequestHandlerRegistry.processMessageReceived(RequestHandlerRegistry.java:67) [elasticsearch-7.17.10.jar:7.17.10]",
"at org.elasticsearch.transport.TransportService.sendLocalRequest(TransportService.java:1037) [elasticsearch-7.17.10.jar:7.17.10]",
"at org.elasticsearch.transport.TransportService.access$100(TransportService.java:66) [elasticsearch-7.17.10.jar:7.17.10]",
"at org.elasticsearch.transport.TransportService$3.sendRequest(TransportService.java:143) [elasticsearch-7.17.10.jar:7.17.10]",
"at org.elasticsearch.transport.TransportService.sendRequestInternal(TransportService.java:975) [elasticsearch-7.17.10.jar:7.17.10]",
"at org.elasticsearch.xpack.security.transport.SecurityServerTransportInterceptor.sendWithUser(SecurityServerTransportInterceptor.java:206) [x-pack-security-7.17.10.jar:7.17.10]",
"at org.elasticsearch.xpack.security.transport.SecurityServerTransportInterceptor.access$300(SecurityServerTransportInterceptor.java:53) [x-pack-security-7.17.10.jar:7.17.10]",
"at org.elasticsearch.xpack.security.transport.SecurityServerTransportInterceptor$1.sendRequest(SecurityServerTransportInterceptor.java:167) [x-pack-security-7.17.10.jar:7.17.10]",
"at org.elasticsearch.transport.TransportService.sendRequest(TransportService.java:874) [elasticsearch-7.17.10.jar:7.17.10]",
"at org.elasticsearch.transport.TransportService.sendChildRequest(TransportService.java:937) [elasticsearch-7.17.10.jar:7.17.10]",
"at org.elasticsearch.transport.TransportService.sendChildRequest(TransportService.java:925) [elasticsearch-7.17.10.jar:7.17.10]",
"at org.elasticsearch.action.search.TransportOpenPointInTimeAction.lambda$doExecute$0(TransportOpenPointInTimeAction.java:102) [elasticsearch-7.17.10.jar:7.17.10]",
"at org.elasticsearch.action.search.TransportSearchAction$1$1.executePhaseOnShard(TransportSearchAction.java:347) [elasticsearch-7.17.10.jar:7.17.10]",
"at org.elasticsearch.action.search.AbstractSearchAsyncAction.lambda$performPhaseOnShard$3(AbstractSearchAsyncAction.java:316) [elasticsearch-7.17.10.jar:7.17.10]",
"at org.elasticsearch.action.search.AbstractSearchAsyncAction.performPhaseOnShard(AbstractSearchAsyncAction.java:352) [elasticsearch-7.17.10.jar:7.17.10]",
"at org.elasticsearch.action.search.AbstractSearchAsyncAction.run(AbstractSearchAsyncAction.java:244) [elasticsearch-7.17.10.jar:7.17.10]",
"at org.elasticsearch.action.search.AbstractSearchAsyncAction.executePhase(AbstractSearchAsyncAction.java:454) [elasticsearch-7.17.10.jar:7.17.10]",
"at org.elasticsearch.action.search.AbstractSearchAsyncAction.start(AbstractSearchAsyncAction.java:199) [elasticsearch-7.17.10.jar:7.17.10]",
"at org.elasticsearch.action.search.TransportSearchAction.executeSearch(TransportSearchAction.java:1048) [elasticsearch-7.17.10.jar:7.17.10]",
"at org.elasticsearch.action.search.TransportSearchAction.executeLocalSearch(TransportSearchAction.java:763) [elasticsearch-7.17.10.jar:7.17.10]",
"at org.elasticsearch.action.search.TransportSearchAction.lambda$executeRequest$6(TransportSearchAction.java:399) [elasticsearch-7.17.10.jar:7.17.10]",
"at org.elasticsearch.action.ActionListener$1.onResponse(ActionListener.java:136) [elasticsearch-7.17.10.jar:7.17.10]",
"at org.elasticsearch.index.query.Rewriteable.rewriteAndFetch(Rewriteable.java:112) [elasticsearch-7.17.10.jar:7.17.10]",
"at org.elasticsearch.index.query.Rewriteable.rewriteAndFetch(Rewriteable.java:77) [elasticsearch-7.17.10.jar:7.17.10]",
"at org.elasticsearch.action.search.TransportSearchAction.executeRequest(TransportSearchAction.java:487) [elasticsearch-7.17.10.jar:7.17.10]",
"at org.elasticsearch.action.search.TransportSearchAction.executeRequest(TransportSearchAction.java:305) [elasticsearch-7.17.10.jar:7.17.10]",
"at org.elasticsearch.action.search.TransportOpenPointInTimeAction.doExecute(TransportOpenPointInTimeAction.java:91) [elasticsearch-7.17.10.jar:7.17.10]",
"at org.elasticsearch.action.search.TransportOpenPointInTimeAction.doExecute(TransportOpenPointInTimeAction.java:39) [elasticsearch-7.17.10.jar:7.17.10]",
"at org.elasticsearch.action.support.TransportAction$RequestFilterChain.proceed(TransportAction.java:186) [elasticsearch-7.17.10.jar:7.17.10]",
"at org.elasticsearch.xpack.security.action.filter.SecurityActionFilter.lambda$applyInternal$3(SecurityActionFilter.java:190) [x-pack-security-7.17.10.jar:7.17.10]",
"at org.elasticsearch.action.ActionListener$DelegatingFailureActionListener.onResponse(ActionListener.java:219) [elasticsearch-7.17.10.jar:7.17.10]",
"at org.elasticsearch.xpack.security.authz.AuthorizationService$1.onResponse(AuthorizationService.java:574) [x-pack-security-7.17.10.jar:7.17.10]",
"at org.elasticsearch.xpack.security.authz.AuthorizationService$1.onResponse(AuthorizationService.java:568) [x-pack-security-7.17.10.jar:7.17.10]",
"at org.elasticsearch.xpack.security.authz.interceptor.DlsFlsLicenseRequestInterceptor.intercept(DlsFlsLicenseRequestInterceptor.java:100) [x-pack-security-7.17.10.jar:7.17.10]",
"at org.elasticsearch.xpack.security.authz.AuthorizationService$1.onResponse(AuthorizationService.java:572) [x-pack-security-7.17.10.jar:7.17.10]",
"at org.elasticsearch.xpack.security.authz.AuthorizationService$1.onResponse(AuthorizationService.java:568) [x-pack-security-7.17.10.jar:7.17.10]",
"at org.elasticsearch.xpack.security.authz.interceptor.FieldAndDocumentLevelSecurityRequestInterceptor.intercept(FieldAndDocumentLevelSecurityRequestInterceptor.java:85) [x-pack-security-7.17.10.jar:7.17.10]",
"at org.elasticsearch.xpack.security.authz.interceptor.SearchRequestInterceptor.intercept(SearchRequestInterceptor.java:26) [x-pack-security-7.17.10.jar:7.17.10]",
"at org.elasticsearch.xpack.security.authz.AuthorizationService$1.onResponse(AuthorizationService.java:572) [x-pack-security-7.17.10.jar:7.17.10]",
"at org.elasticsearch.xpack.security.authz.AuthorizationService$1.onResponse(AuthorizationService.java:568) [x-pack-security-7.17.10.jar:7.17.10]",
"at org.elasticsearch.xpack.security.authz.interceptor.FieldAndDocumentLevelSecurityRequestInterceptor.intercept(FieldAndDocumentLevelSecurityRequestInterceptor.java:85) [x-pack-security-7.17.10.jar:7.17.10]",
"at org.elasticsearch.xpack.security.authz.interceptor.UpdateRequestInterceptor.intercept(UpdateRequestInterceptor.java:27) [x-pack-security-7.17.10.jar:7.17.10]",
"at org.elasticsearch.xpack.security.authz.AuthorizationService$1.onResponse(AuthorizationService.java:572) [x-pack-security-7.17.10.jar:7.17.10]",
"at org.elasticsearch.xpack.security.authz.AuthorizationService$1.onResponse(AuthorizationService.java:568) [x-pack-security-7.17.10.jar:7.17.10]",
"at org.elasticsearch.xpack.security.authz.interceptor.FieldAndDocumentLevelSecurityRequestInterceptor.intercept(FieldAndDocumentLevelSecurityRequestInterceptor.java:85) [x-pack-security-7.17.10.jar:7.17.10]",
"at org.elasticsearch.xpack.security.authz.interceptor.ShardSearchRequestInterceptor.intercept(ShardSearchRequestInterceptor.java:26) [x-pack-security-7.17.10.jar:7.17.10]",
"at org.elasticsearch.xpack.security.authz.AuthorizationService$1.onResponse(AuthorizationService.java:572) [x-pack-security-7.17.10.jar:7.17.10]",
"at org.elasticsearch.xpack.security.authz.AuthorizationService$1.onResponse(AuthorizationService.java:568) [x-pack-security-7.17.10.jar:7.17.10]",
"at org.elasticsearch.xpack.security.authz.interceptor.BulkShardRequestInterceptor.intercept(BulkShardRequestInterceptor.java:87) [x-pack-security-7.17.10.jar:7.17.10]",
"at org.elasticsearch.xpack.security.authz.AuthorizationService$1.onResponse(AuthorizationService.java:572) [x-pack-security-7.17.10.jar:7.17.10]",
"at org.elasticsearch.xpack.security.authz.AuthorizationService$1.onResponse(AuthorizationService.java:568) [x-pack-security-7.17.10.jar:7.17.10]",
"at org.elasticsearch.xpack.security.authz.interceptor.IndicesAliasesRequestInterceptor.intercept(IndicesAliasesRequestInterceptor.java:128) [x-pack-security-7.17.10.jar:7.17.10]",
"at org.elasticsearch.xpack.security.authz.AuthorizationService$1.onResponse(AuthorizationService.java:572) [x-pack-security-7.17.10.jar:7.17.10]",
"at org.elasticsearch.xpack.security.authz.AuthorizationService$1.onResponse(AuthorizationService.java:568) [x-pack-security-7.17.10.jar:7.17.10]",
"at org.elasticsearch.xpack.security.authz.interceptor.ResizeRequestInterceptor.intercept(ResizeRequestInterceptor.java:103) [x-pack-security-7.17.10.jar:7.17.10]",
"at org.elasticsearch.xpack.security.authz.AuthorizationService.runRequestInterceptors(AuthorizationService.java:568) [x-pack-security-7.17.10.jar:7.17.10]",
"at org.elasticsearch.xpack.security.authz.AuthorizationService.handleIndexActionAuthorizationResult(AuthorizationService.java:553) [x-pack-security-7.17.10.jar:7.17.10]",
"at org.elasticsearch.xpack.security.authz.AuthorizationService.lambda$authorizeAction$9(AuthorizationService.java:447) [x-pack-security-7.17.10.jar:7.17.10]",
"at org.elasticsearch.xpack.security.authz.AuthorizationService$AuthorizationResultListener.onResponse(AuthorizationService.java:964) [x-pack-security-7.17.10.jar:7.17.10]",
"at org.elasticsearch.xpack.security.authz.AuthorizationService$AuthorizationResultListener.onResponse(AuthorizationService.java:928) [x-pack-security-7.17.10.jar:7.17.10]",
"at org.elasticsearch.action.support.ContextPreservingActionListener.onResponse(ContextPreservingActionListener.java:31) [elasticsearch-7.17.10.jar:7.17.10]",
"at org.elasticsearch.xpack.security.authz.RBACEngine.lambda$authorizeIndexAction$3(RBACEngine.java:362) [x-pack-security-7.17.10.jar:7.17.10]",
"at org.elasticsearch.action.ActionListener$1.onResponse(ActionListener.java:136) [elasticsearch-7.17.10.jar:7.17.10]",
"at org.elasticsearch.common.util.concurrent.ListenableFuture.notifyListenerDirectly(ListenableFuture.java:113) [elasticsearch-7.17.10.jar:7.17.10]",
"at org.elasticsearch.common.util.concurrent.ListenableFuture.addListener(ListenableFuture.java:55) [elasticsearch-7.17.10.jar:7.17.10]",
"at org.elasticsearch.common.util.concurrent.ListenableFuture.addListener(ListenableFuture.java:41) [elasticsearch-7.17.10.jar:7.17.10]",
"at org.elasticsearch.xpack.security.authz.AuthorizationService$CachingAsyncSupplier.getAsync(AuthorizationService.java:1012) [x-pack-security-7.17.10.jar:7.17.10]",
"at org.elasticsearch.xpack.security.authz.RBACEngine.authorizeIndexAction(RBACEngine.java:353) [x-pack-security-7.17.10.jar:7.17.10]",
"at org.elasticsearch.xpack.security.authz.AuthorizationService.authorizeAction(AuthorizationService.java:440) [x-pack-security-7.17.10.jar:7.17.10]",
"at org.elasticsearch.xpack.security.authz.AuthorizationService.maybeAuthorizeRunAs(AuthorizationService.java:377) [x-pack-security-7.17.10.jar:7.17.10]",
"at org.elasticsearch.xpack.security.authz.AuthorizationService.lambda$authorize$1(AuthorizationService.java:262) [x-pack-security-7.17.10.jar:7.17.10]",
"at org.elasticsearch.action.ActionListener$1.onResponse(ActionListener.java:136) [elasticsearch-7.17.10.jar:7.17.10]",
"at org.elasticsearch.action.support.ContextPreservingActionListener.onResponse(ContextPreservingActionListener.java:31) [elasticsearch-7.17.10.jar:7.17.10]",
"at org.elasticsearch.xpack.security.authz.RBACEngine.lambda$resolveAuthorizationInfo$1(RBACEngine.java:148) [x-pack-security-7.17.10.jar:7.17.10]",
"at org.elasticsearch.action.ActionListener$1.onResponse(ActionListener.java:136) [elasticsearch-7.17.10.jar:7.17.10]",
"at org.elasticsearch.xpack.security.authz.store.CompositeRolesStore.getRoles(CompositeRolesStore.java:277) [x-pack-security-7.17.10.jar:7.17.10]",
"at org.elasticsearch.xpack.security.authz.RBACEngine.getRoles(RBACEngine.java:154) [x-pack-security-7.17.10.jar:7.17.10]",
"at org.elasticsearch.xpack.security.authz.RBACEngine.resolveAuthorizationInfo(RBACEngine.java:137) [x-pack-security-7.17.10.jar:7.17.10]",
"at org.elasticsearch.xpack.security.authz.AuthorizationService.authorize(AuthorizationService.java:264) [x-pack-security-7.17.10.jar:7.17.10]",
"at org.elasticsearch.xpack.security.action.filter.SecurityActionFilter.lambda$applyInternal$4(SecurityActionFilter.java:186) [x-pack-security-7.17.10.jar:7.17.10]",
"at org.elasticsearch.action.ActionListener$1.onResponse(ActionListener.java:136) [elasticsearch-7.17.10.jar:7.17.10]",
"at org.elasticsearch.action.ActionListener$MappedActionListener.onResponse(ActionListener.java:101) [elasticsearch-7.17.10.jar:7.17.10]",
"at org.elasticsearch.xpack.security.authc.AuthenticatorChain.authenticateAsync(AuthenticatorChain.java:102) [x-pack-security-7.17.10.jar:7.17.10]",
"at org.elasticsearch.xpack.security.authc.AuthenticationService.authenticate(AuthenticationService.java:171) [x-pack-security-7.17.10.jar:7.17.10]",
"at org.elasticsearch.xpack.security.action.filter.SecurityActionFilter.applyInternal(SecurityActionFilter.java:182) [x-pack-security-7.17.10.jar:7.17.10]",
"at org.elasticsearch.xpack.security.action.filter.SecurityActionFilter.apply(SecurityActionFilter.java:124) [x-pack-security-7.17.10.jar:7.17.10]",
"at org.elasticsearch.action.support.TransportAction$RequestFilterChain.proceed(TransportAction.java:184) [elasticsearch-7.17.10.jar:7.17.10]",
"at org.elasticsearch.action.support.TransportAction.execute(TransportAction.java:161) [elasticsearch-7.17.10.jar:7.17.10]",
"at org.elasticsearch.action.support.TransportAction.execute(TransportAction.java:82) [elasticsearch-7.17.10.jar:7.17.10]",
"at org.elasticsearch.client.node.NodeClient.executeLocally(NodeClient.java:95) [elasticsearch-7.17.10.jar:7.17.10]",
"at org.elasticsearch.client.node.NodeClient.doExecute(NodeClient.java:73) [elasticsearch-7.17.10.jar:7.17.10]",
"at org.elasticsearch.client.support.AbstractClient.execute(AbstractClient.java:407) [elasticsearch-7.17.10.jar:7.17.10]",
"at org.elasticsearch.action.search.RestOpenPointInTimeAction.lambda$prepareRequest$0(RestOpenPointInTimeAction.java:45) [elasticsearch-7.17.10.jar:7.17.10]",
"at org.elasticsearch.rest.BaseRestHandler.handleRequest(BaseRestHandler.java:109) [elasticsearch-7.17.10.jar:7.17.10]",
"at org.elasticsearch.xpack.security.rest.SecurityRestFilter.lambda$handleRequest$0(SecurityRestFilter.java:90) [x-pack-security-7.17.10.jar:7.17.10]",
"at org.elasticsearch.action.ActionListener$1.onResponse(ActionListener.java:136) [elasticsearch-7.17.10.jar:7.17.10]",
"at org.elasticsearch.xpack.security.authc.support.SecondaryAuthenticator.lambda$authenticateAndAttachToContext$2(SecondaryAuthenticator.java:84) [x-pack-security-7.17.10.jar:7.17.10]",
"at org.elasticsearch.action.ActionListener$1.onResponse(ActionListener.java:136) [elasticsearch-7.17.10.jar:7.17.10]",
"at org.elasticsearch.xpack.security.authc.support.SecondaryAuthenticator.authenticate(SecondaryAuthenticator.java:94) [x-pack-security-7.17.10.jar:7.17.10]",
"at org.elasticsearch.xpack.security.authc.support.SecondaryAuthenticator.authenticateAndAttachToContext(SecondaryAuthenticator.java:78) [x-pack-security-7.17.10.jar:7.17.10]",
"at org.elasticsearch.xpack.security.rest.SecurityRestFilter.lambda$handleRequest$2(SecurityRestFilter.java:85) [x-pack-security-7.17.10.jar:7.17.10]",
"at org.elasticsearch.action.ActionListener$1.onResponse(ActionListener.java:136) [elasticsearch-7.17.10.jar:7.17.10]",
"at org.elasticsearch.action.ActionListener$MappedActionListener.onResponse(ActionListener.java:101) [elasticsearch-7.17.10.jar:7.17.10]",
"at org.elasticsearch.action.ActionListener$RunBeforeActionListener.onResponse(ActionListener.java:389) [elasticsearch-7.17.10.jar:7.17.10]",
"at org.elasticsearch.xpack.security.authc.AuthenticatorChain.writeAuthToContext(AuthenticatorChain.java:376) [x-pack-security-7.17.10.jar:7.17.10]",
"at org.elasticsearch.xpack.security.authc.AuthenticatorChain.finishAuthentication(AuthenticatorChain.java:352) [x-pack-security-7.17.10.jar:7.17.10]",
"at org.elasticsearch.xpack.security.authc.AuthenticatorChain.maybeLookupRunAsUser(AuthenticatorChain.java:205) [x-pack-security-7.17.10.jar:7.17.10]",
"at org.elasticsearch.xpack.security.authc.AuthenticatorChain.lambda$doAuthenticate$1(AuthenticatorChain.java:128) [x-pack-security-7.17.10.jar:7.17.10]",
"at org.elasticsearch.action.ActionListener$1.onResponse(ActionListener.java:136) [elasticsearch-7.17.10.jar:7.17.10]",
"at org.elasticsearch.xpack.core.common.IteratingActionListener.onResponse(IteratingActionListener.java:141) [x-pack-core-7.17.10.jar:7.17.10]",
"at org.elasticsearch.xpack.security.authc.AuthenticatorChain.lambda$getAuthenticatorConsumer$3(AuthenticatorChain.java:175) [x-pack-security-7.17.10.jar:7.17.10]",
"at org.elasticsearch.action.ActionListener$1.onResponse(ActionListener.java:136) [elasticsearch-7.17.10.jar:7.17.10]",
"at org.elasticsearch.xpack.security.authc.RealmsAuthenticator.lambda$consumeToken$3(RealmsAuthenticator.java:219) [x-pack-security-7.17.10.jar:7.17.10]",
"at org.elasticsearch.action.ActionListener$1.onResponse(ActionListener.java:136) [elasticsearch-7.17.10.jar:7.17.10]",
"at org.elasticsearch.action.support.ContextPreservingActionListener.onResponse(ContextPreservingActionListener.java:31) [elasticsearch-7.17.10.jar:7.17.10]",
"at org.elasticsearch.xpack.core.common.IteratingActionListener.onResponse(IteratingActionListener.java:141) [x-pack-core-7.17.10.jar:7.17.10]",
"at org.elasticsearch.xpack.security.authc.RealmsAuthenticator.lambda$consumeToken$0(RealmsAuthenticator.java:164) [x-pack-security-7.17.10.jar:7.17.10]",
"at org.elasticsearch.action.ActionListener$1.onResponse(ActionListener.java:136) [elasticsearch-7.17.10.jar:7.17.10]",
"at org.elasticsearch.xpack.security.authc.support.CachingUsernamePasswordRealm.lambda$authenticateWithCache$1(CachingUsernamePasswordRealm.java:155) [x-pack-security-7.17.10.jar:7.17.10]",
"at org.elasticsearch.action.ActionListener$1.onResponse(ActionListener.java:136) [elasticsearch-7.17.10.jar:7.17.10]",
"at org.elasticsearch.xpack.security.authc.support.CachingUsernamePasswordRealm.handleCachedAuthentication(CachingUsernamePasswordRealm.java:242) [x-pack-security-7.17.10.jar:7.17.10]",
"at org.elasticsearch.xpack.security.authc.support.CachingUsernamePasswordRealm.lambda$authenticateWithCache$2(CachingUsernamePasswordRealm.java:139) [x-pack-security-7.17.10.jar:7.17.10]",
"at org.elasticsearch.action.ActionListener$1.onResponse(ActionListener.java:136) [elasticsearch-7.17.10.jar:7.17.10]",
"at org.elasticsearch.common.util.concurrent.ListenableFuture.notifyListenerDirectly(ListenableFuture.java:113) [elasticsearch-7.17.10.jar:7.17.10]",
"at org.elasticsearch.common.util.concurrent.ListenableFuture.addListener(ListenableFuture.java:55) [elasticsearch-7.17.10.jar:7.17.10]",
"at org.elasticsearch.xpack.security.authc.support.CachingUsernamePasswordRealm.authenticateWithCache(CachingUsernamePasswordRealm.java:134) [x-pack-security-7.17.10.jar:7.17.10]",
"at org.elasticsearch.xpack.security.authc.support.CachingUsernamePasswordRealm.authenticate(CachingUsernamePasswordRealm.java:105) [x-pack-security-7.17.10.jar:7.17.10]",
"at org.elasticsearch.xpack.security.authc.RealmsAuthenticator.lambda$consumeToken$2(RealmsAuthenticator.java:148) [x-pack-security-7.17.10.jar:7.17.10]",
"at org.elasticsearch.xpack.core.common.IteratingActionListener.run(IteratingActionListener.java:117) [x-pack-core-7.17.10.jar:7.17.10]",
"at org.elasticsearch.xpack.security.authc.RealmsAuthenticator.consumeToken(RealmsAuthenticator.java:233) [x-pack-security-7.17.10.jar:7.17.10]",
"at org.elasticsearch.xpack.security.authc.RealmsAuthenticator.authenticate(RealmsAuthenticator.java:84) [x-pack-security-7.17.10.jar:7.17.10]",
"at org.elasticsearch.xpack.security.authc.AuthenticatorChain.lambda$getAuthenticatorConsumer$5(AuthenticatorChain.java:171) [x-pack-security-7.17.10.jar:7.17.10]",
"at org.elasticsearch.xpack.core.common.IteratingActionListener.onResponse(IteratingActionListener.java:135) [x-pack-core-7.17.10.jar:7.17.10]",
"at org.elasticsearch.xpack.security.authc.AuthenticatorChain.lambda$getAuthenticatorConsumer$5(AuthenticatorChain.java:165) [x-pack-security-7.17.10.jar:7.17.10]",
"at org.elasticsearch.xpack.core.common.IteratingActionListener.onResponse(IteratingActionListener.java:135) [x-pack-core-7.17.10.jar:7.17.10]",
"at org.elasticsearch.xpack.security.authc.AuthenticatorChain.lambda$getAuthenticatorConsumer$5(AuthenticatorChain.java:165) [x-pack-security-7.17.10.jar:7.17.10]",
"at org.elasticsearch.xpack.core.common.IteratingActionListener.onResponse(IteratingActionListener.java:135) [x-pack-core-7.17.10.jar:7.17.10]",
"at org.elasticsearch.xpack.security.authc.AuthenticatorChain.lambda$getAuthenticatorConsumer$5(AuthenticatorChain.java:165) [x-pack-security-7.17.10.jar:7.17.10]",
"at org.elasticsearch.xpack.core.common.IteratingActionListener.run(IteratingActionListener.java:117) [x-pack-core-7.17.10.jar:7.17.10]",
"at org.elasticsearch.xpack.security.authc.AuthenticatorChain.doAuthenticate(AuthenticatorChain.java:143) [x-pack-security-7.17.10.jar:7.17.10]",
"at org.elasticsearch.xpack.security.authc.AuthenticatorChain.authenticateAsync(AuthenticatorChain.java:104) [x-pack-security-7.17.10.jar:7.17.10]",
"at org.elasticsearch.xpack.security.authc.AuthenticationService.authenticate(AuthenticationService.java:149) [x-pack-security-7.17.10.jar:7.17.10]",
"at org.elasticsearch.xpack.security.authc.AuthenticationService.authenticate(AuthenticationService.java:127) [x-pack-security-7.17.10.jar:7.17.10]",
"at org.elasticsearch.xpack.security.rest.SecurityRestFilter.handleRequest(SecurityRestFilter.java:79) [x-pack-security-7.17.10.jar:7.17.10]",
"at org.elasticsearch.rest.RestController.dispatchRequest(RestController.java:337) [elasticsearch-7.17.10.jar:7.17.10]",
"at org.elasticsearch.rest.RestController.tryAllHandlers(RestController.java:403) [elasticsearch-7.17.10.jar:7.17.10]",
"at org.elasticsearch.rest.RestController.dispatchRequest(RestController.java:255) [elasticsearch-7.17.10.jar:7.17.10]",
"at org.elasticsearch.http.AbstractHttpServerTransport.dispatchRequest(AbstractHttpServerTransport.java:382) [elasticsearch-7.17.10.jar:7.17.10]",
"at org.elasticsearch.http.AbstractHttpServerTransport.handleIncomingRequest(AbstractHttpServerTransport.java:461) [elasticsearch-7.17.10.jar:7.17.10]",
"at org.elasticsearch.http.AbstractHttpServerTransport.incomingRequest(AbstractHttpServerTransport.java:357) [elasticsearch-7.17.10.jar:7.17.10]",
"at org.elasticsearch.http.netty4.Netty4HttpRequestHandler.channelRead0(Netty4HttpRequestHandler.java:35) [transport-netty4-client-7.17.10.jar:7.17.10]",
"at org.elasticsearch.http.netty4.Netty4HttpRequestHandler.channelRead0(Netty4HttpRequestHandler.java:19) [transport-netty4-client-7.17.10.jar:7.17.10]",
"at io.netty.channel.SimpleChannelInboundHandler.channelRead(SimpleChannelInboundHandler.java:99) [netty-transport-4.1.66.Final.jar:4.1.66.Final]",
"at io.netty.channel.AbstractChannelHandlerContext.invokeChannelRead(AbstractChannelHandlerContext.java:379) [netty-transport-4.1.66.Final.jar:4.1.66.Final]",
"at io.netty.channel.AbstractChannelHandlerContext.invokeChannelRead(AbstractChannelHandlerContext.java:365) [netty-transport-4.1.66.Final.jar:4.1.66.Final]",
"at io.netty.channel.AbstractChannelHandlerContext.fireChannelRead(AbstractChannelHandlerContext.java:357) [netty-transport-4.1.66.Final.jar:4.1.66.Final]",
"at org.elasticsearch.http.netty4.Netty4HttpPipeliningHandler.channelRead(Netty4HttpPipeliningHandler.java:48) [transport-netty4-client-7.17.10.jar:7.17.10]",
"at io.netty.channel.AbstractChannelHandlerContext.invokeChannelRead(AbstractChannelHandlerContext.java:379) [netty-transport-4.1.66.Final.jar:4.1.66.Final]",
"at io.netty.channel.AbstractChannelHandlerContext.invokeChannelRead(AbstractChannelHandlerContext.java:365) [netty-transport-4.1.66.Final.jar:4.1.66.Final]",
"at io.netty.channel.AbstractChannelHandlerContext.fireChannelRead(AbstractChannelHandlerContext.java:357) [netty-transport-4.1.66.Final.jar:4.1.66.Final]",
"at io.netty.handler.codec.MessageToMessageDecoder.channelRead(MessageToMessageDecoder.java:103) [netty-codec-4.1.66.Final.jar:4.1.66.Final]",
"at io.netty.channel.AbstractChannelHandlerContext.invokeChannelRead(AbstractChannelHandlerContext.java:379) [netty-transport-4.1.66.Final.jar:4.1.66.Final]",
"at io.netty.channel.AbstractChannelHandlerContext.invokeChannelRead(AbstractChannelHandlerContext.java:365) [netty-transport-4.1.66.Final.jar:4.1.66.Final]",
"at io.netty.channel.AbstractChannelHandlerContext.fireChannelRead(AbstractChannelHandlerContext.java:357) [netty-transport-4.1.66.Final.jar:4.1.66.Final]",
"at io.netty.handler.codec.MessageToMessageDecoder.channelRead(MessageToMessageDecoder.java:103) [netty-codec-4.1.66.Final.jar:4.1.66.Final]",
"at io.netty.handler.codec.MessageToMessageCodec.channelRead(MessageToMessageCodec.java:111) [netty-codec-4.1.66.Final.jar:4.1.66.Final]",
"at io.netty.channel.AbstractChannelHandlerContext.invokeChannelRead(AbstractChannelHandlerContext.java:379) [netty-transport-4.1.66.Final.jar:4.1.66.Final]",
"at io.netty.channel.AbstractChannelHandlerContext.invokeChannelRead(AbstractChannelHandlerContext.java:365) [netty-transport-4.1.66.Final.jar:4.1.66.Final]",
"at io.netty.channel.AbstractChannelHandlerContext.fireChannelRead(AbstractChannelHandlerContext.java:357) [netty-transport-4.1.66.Final.jar:4.1.66.Final]",
"at io.netty.handler.codec.MessageToMessageDecoder.channelRead(MessageToMessageDecoder.java:103) [netty-codec-4.1.66.Final.jar:4.1.66.Final]",
"at io.netty.channel.AbstractChannelHandlerContext.invokeChannelRead(AbstractChannelHandlerContext.java:379) [netty-transport-4.1.66.Final.jar:4.1.66.Final]",
"at io.netty.channel.AbstractChannelHandlerContext.invokeChannelRead(AbstractChannelHandlerContext.java:365) [netty-transport-4.1.66.Final.jar:4.1.66.Final]",
"at io.netty.channel.AbstractChannelHandlerContext.fireChannelRead(AbstractChannelHandlerContext.java:357) [netty-transport-4.1.66.Final.jar:4.1.66.Final]",
"at io.netty.handler.codec.MessageToMessageDecoder.channelRead(MessageToMessageDecoder.java:103) [netty-codec-4.1.66.Final.jar:4.1.66.Final]",
"at io.netty.channel.AbstractChannelHandlerContext.invokeChannelRead(AbstractChannelHandlerContext.java:379) [netty-transport-4.1.66.Final.jar:4.1.66.Final]",
"at io.netty.channel.AbstractChannelHandlerContext.invokeChannelRead(AbstractChannelHandlerContext.java:365) [netty-transport-4.1.66.Final.jar:4.1.66.Final]",
"at io.netty.channel.AbstractChannelHandlerContext.fireChannelRead(AbstractChannelHandlerContext.java:357) [netty-transport-4.1.66.Final.jar:4.1.66.Final]",
"at io.netty.handler.codec.ByteToMessageDecoder.fireChannelRead(ByteToMessageDecoder.java:324) [netty-codec-4.1.66.Final.jar:4.1.66.Final]",
"at io.netty.handler.codec.ByteToMessageDecoder.channelRead(ByteToMessageDecoder.java:296) [netty-codec-4.1.66.Final.jar:4.1.66.Final]",
"at io.netty.channel.AbstractChannelHandlerContext.invokeChannelRead(AbstractChannelHandlerContext.java:379) [netty-transport-4.1.66.Final.jar:4.1.66.Final]",
"at io.netty.channel.AbstractChannelHandlerContext.invokeChannelRead(AbstractChannelHandlerContext.java:365) [netty-transport-4.1.66.Final.jar:4.1.66.Final]",
"at io.netty.channel.AbstractChannelHandlerContext.fireChannelRead(AbstractChannelHandlerContext.java:357) [netty-transport-4.1.66.Final.jar:4.1.66.Final]",
"at io.netty.handler.timeout.IdleStateHandler.channelRead(IdleStateHandler.java:286) [netty-handler-4.1.66.Final.jar:4.1.66.Final]",
"at io.netty.channel.AbstractChannelHandlerContext.invokeChannelRead(AbstractChannelHandlerContext.java:379) [netty-transport-4.1.66.Final.jar:4.1.66.Final]",
"at io.netty.channel.AbstractChannelHandlerContext.invokeChannelRead(AbstractChannelHandlerContext.java:365) [netty-transport-4.1.66.Final.jar:4.1.66.Final]",
"at io.netty.channel.AbstractChannelHandlerContext.fireChannelRead(AbstractChannelHandlerContext.java:357) [netty-transport-4.1.66.Final.jar:4.1.66.Final]",
"at io.netty.handler.codec.MessageToMessageDecoder.channelRead(MessageToMessageDecoder.java:103) [netty-codec-4.1.66.Final.jar:4.1.66.Final]",
"at io.netty.channel.AbstractChannelHandlerContext.invokeChannelRead(AbstractChannelHandlerContext.java:379) [netty-transport-4.1.66.Final.jar:4.1.66.Final]",
"at io.netty.channel.AbstractChannelHandlerContext.invokeChannelRead(AbstractChannelHandlerContext.java:365) [netty-transport-4.1.66.Final.jar:4.1.66.Final]",
"at io.netty.channel.AbstractChannelHandlerContext.fireChannelRead(AbstractChannelHandlerContext.java:357) [netty-transport-4.1.66.Final.jar:4.1.66.Final]",
"at io.netty.channel.DefaultChannelPipeline$HeadContext.channelRead(DefaultChannelPipeline.java:1410) [netty-transport-4.1.66.Final.jar:4.1.66.Final]",
"at io.netty.channel.AbstractChannelHandlerContext.invokeChannelRead(AbstractChannelHandlerContext.java:379) [netty-transport-4.1.66.Final.jar:4.1.66.Final]",
"at io.netty.channel.AbstractChannelHandlerContext.invokeChannelRead(AbstractChannelHandlerContext.java:365) [netty-transport-4.1.66.Final.jar:4.1.66.Final]",
"at io.netty.channel.DefaultChannelPipeline.fireChannelRead(DefaultChannelPipeline.java:919) [netty-transport-4.1.66.Final.jar:4.1.66.Final]",
"at io.netty.channel.nio.AbstractNioByteChannel$NioByteUnsafe.read(AbstractNioByteChannel.java:166) [netty-transport-4.1.66.Final.jar:4.1.66.Final]",
"at io.netty.channel.nio.NioEventLoop.processSelectedKey(NioEventLoop.java:719) [netty-transport-4.1.66.Final.jar:4.1.66.Final]",
"at io.netty.channel.nio.NioEventLoop.processSelectedKeysPlain(NioEventLoop.java:620) [netty-transport-4.1.66.Final.jar:4.1.66.Final]",
"at io.netty.channel.nio.NioEventLoop.processSelectedKeys(NioEventLoop.java:583) [netty-transport-4.1.66.Final.jar:4.1.66.Final]",
"at io.netty.channel.nio.NioEventLoop.run(NioEventLoop.java:493) [netty-transport-4.1.66.Final.jar:4.1.66.Final]",
"at io.netty.util.concurrent.SingleThreadEventExecutor$4.run(SingleThreadEventExecutor.java:986) [netty-common-4.1.66.Final.jar:4.1.66.Final]",
"at io.netty.util.internal.ThreadExecutorMap$2.run(ThreadExecutorMap.java:74) [netty-common-4.1.66.Final.jar:4.1.66.Final]",
"at java.lang.Thread.run(Thread.java:1623) [?:?]",
"Caused by: org.elasticsearch.action.NoShardAvailableActionException: [da38f2874e84][172.20.0.5:9300][indices:data/read/open_reader_context]",
"at org.elasticsearch.action.search.AbstractSearchAsyncAction.onShardFailure(AbstractSearchAsyncAction.java:532) ~[elasticsearch-7.17.10.jar:7.17.10]",
"at org.elasticsearch.action.search.AbstractSearchAsyncAction.onShardFailure(AbstractSearchAsyncAction.java:479) [elasticsearch-7.17.10.jar:7.17.10]",
"... 277 more"] }
{"type": "server", "timestamp": "2025-06-22T05:37:49,274Z", "level": "INFO", "component": "o.e.i.g.DatabaseNodeService", "cluster.name": "docker-cluster", "node.name": "da38f2874e84", "message": "successfully reloaded changed geoip database file [/tmp/elasticsearch-8715582982859039469/geoip-databases/rY5VrnGrTy6qVpywgTf0Ug/GeoLite2-Country.mmdb]", "cluster.uuid": "_K2lvHSSRx68TrSozPU3JA", "node.id": "rY5VrnGrTy6qVpywgTf0Ug"  }
{"type": "server", "timestamp": "2025-06-22T05:37:49,560Z", "level": "INFO", "component": "o.e.i.g.DatabaseNodeService", "cluster.name": "docker-cluster", "node.name": "da38f2874e84", "message": "successfully reloaded changed geoip database file [/tmp/elasticsearch-8715582982859039469/geoip-databases/rY5VrnGrTy6qVpywgTf0Ug/GeoLite2-ASN.mmdb]", "cluster.uuid": "_K2lvHSSRx68TrSozPU3JA", "node.id": "rY5VrnGrTy6qVpywgTf0Ug"  }
{"type": "server", "timestamp": "2025-06-22T05:37:50,435Z", "level": "WARN", "component": "r.suppressed", "cluster.name": "docker-cluster", "node.name": "da38f2874e84", "message": "path: /.kibana_task_manager_7.17.10_001/_pit, params: {index=.kibana_task_manager_7.17.10_001, keep_alive=10m}", "cluster.uuid": "_K2lvHSSRx68TrSozPU3JA", "node.id": "rY5VrnGrTy6qVpywgTf0Ug" , 
"stacktrace": ["org.elasticsearch.action.search.SearchPhaseExecutionException: all shards failed",
"at org.elasticsearch.action.search.AbstractSearchAsyncAction.onPhaseFailure(AbstractSearchAsyncAction.java:713) [elasticsearch-7.17.10.jar:7.17.10]",
"at org.elasticsearch.action.search.AbstractSearchAsyncAction.executeNextPhase(AbstractSearchAsyncAction.java:400) [elasticsearch-7.17.10.jar:7.17.10]",
"at org.elasticsearch.action.search.AbstractSearchAsyncAction.onPhaseDone(AbstractSearchAsyncAction.java:745) [elasticsearch-7.17.10.jar:7.17.10]",
"at org.elasticsearch.action.search.AbstractSearchAsyncAction.onShardFailure(AbstractSearchAsyncAction.java:497) [elasticsearch-7.17.10.jar:7.17.10]",
"at org.elasticsearch.action.search.AbstractSearchAsyncAction.access$000(AbstractSearchAsyncAction.java:64) [elasticsearch-7.17.10.jar:7.17.10]",
"at org.elasticsearch.action.search.AbstractSearchAsyncAction$1.onFailure(AbstractSearchAsyncAction.java:331) [elasticsearch-7.17.10.jar:7.17.10]",
"at org.elasticsearch.action.ActionListenerResponseHandler.handleException(ActionListenerResponseHandler.java:48) [elasticsearch-7.17.10.jar:7.17.10]",
"at org.elasticsearch.transport.TransportService$4.handleException(TransportService.java:853) [elasticsearch-7.17.10.jar:7.17.10]",
"at org.elasticsearch.transport.TransportService$ContextRestoreResponseHandler.handleException(TransportService.java:1481) [elasticsearch-7.17.10.jar:7.17.10]",
"at org.elasticsearch.transport.TransportService$DirectResponseChannel.processException(TransportService.java:1607) [elasticsearch-7.17.10.jar:7.17.10]",
"at org.elasticsearch.transport.TransportService$DirectResponseChannel.sendResponse(TransportService.java:1581) [elasticsearch-7.17.10.jar:7.17.10]",
"at org.elasticsearch.transport.TaskTransportChannel.sendResponse(TaskTransportChannel.java:50) [elasticsearch-7.17.10.jar:7.17.10]",
"at org.elasticsearch.transport.TransportChannel.sendErrorResponse(TransportChannel.java:45) [elasticsearch-7.17.10.jar:7.17.10]",
"at org.elasticsearch.action.support.ChannelActionListener.onFailure(ChannelActionListener.java:41) [elasticsearch-7.17.10.jar:7.17.10]",
"at org.elasticsearch.action.ActionListener$Delegating.onFailure(ActionListener.java:66) [elasticsearch-7.17.10.jar:7.17.10]",
"at org.elasticsearch.search.SearchService.lambda$openReaderContext$10(SearchService.java:965) [elasticsearch-7.17.10.jar:7.17.10]",
"at org.elasticsearch.index.shard.IndexShard.awaitShardSearchActive(IndexShard.java:4005) [elasticsearch-7.17.10.jar:7.17.10]",
"at org.elasticsearch.search.SearchService.openReaderContext(SearchService.java:945) [elasticsearch-7.17.10.jar:7.17.10]",
"at org.elasticsearch.action.search.TransportOpenPointInTimeAction$ShardOpenReaderRequestHandler.messageReceived(TransportOpenPointInTimeAction.java:177) [elasticsearch-7.17.10.jar:7.17.10]",
"at org.elasticsearch.action.search.TransportOpenPointInTimeAction$ShardOpenReaderRequestHandler.messageReceived(TransportOpenPointInTimeAction.java:174) [elasticsearch-7.17.10.jar:7.17.10]",
"at org.elasticsearch.xpack.security.transport.SecurityServerTransportInterceptor$ProfileSecuredRequestHandler$1.doRun(SecurityServerTransportInterceptor.java:341) [x-pack-security-7.17.10.jar:7.17.10]",
"at org.elasticsearch.common.util.concurrent.AbstractRunnable.run(AbstractRunnable.java:26) [elasticsearch-7.17.10.jar:7.17.10]",
"at org.elasticsearch.xpack.security.transport.SecurityServerTransportInterceptor$ProfileSecuredRequestHandler$2.onResponse(SecurityServerTransportInterceptor.java:389) [x-pack-security-7.17.10.jar:7.17.10]",
"at org.elasticsearch.xpack.security.transport.SecurityServerTransportInterceptor$ProfileSecuredRequestHandler$2.onResponse(SecurityServerTransportInterceptor.java:386) [x-pack-security-7.17.10.jar:7.17.10]",
"at org.elasticsearch.xpack.security.authz.AuthorizationService$1.onResponse(AuthorizationService.java:574) [x-pack-security-7.17.10.jar:7.17.10]",
"at org.elasticsearch.xpack.security.authz.AuthorizationService$1.onResponse(AuthorizationService.java:568) [x-pack-security-7.17.10.jar:7.17.10]",
"at org.elasticsearch.xpack.security.authz.interceptor.DlsFlsLicenseRequestInterceptor.intercept(DlsFlsLicenseRequestInterceptor.java:100) [x-pack-security-7.17.10.jar:7.17.10]",
"at org.elasticsearch.xpack.security.authz.AuthorizationService$1.onResponse(AuthorizationService.java:572) [x-pack-security-7.17.10.jar:7.17.10]",
"at org.elasticsearch.xpack.security.authz.AuthorizationService$1.onResponse(AuthorizationService.java:568) [x-pack-security-7.17.10.jar:7.17.10]",
"at org.elasticsearch.xpack.security.authz.interceptor.FieldAndDocumentLevelSecurityRequestInterceptor.intercept(FieldAndDocumentLevelSecurityRequestInterceptor.java:85) [x-pack-security-7.17.10.jar:7.17.10]",
"at org.elasticsearch.xpack.security.authz.interceptor.SearchRequestInterceptor.intercept(SearchRequestInterceptor.java:26) [x-pack-security-7.17.10.jar:7.17.10]",
"at org.elasticsearch.xpack.security.authz.AuthorizationService$1.onResponse(AuthorizationService.java:572) [x-pack-security-7.17.10.jar:7.17.10]",
"at org.elasticsearch.xpack.security.authz.AuthorizationService$1.onResponse(AuthorizationService.java:568) [x-pack-security-7.17.10.jar:7.17.10]",
"at org.elasticsearch.xpack.security.authz.interceptor.FieldAndDocumentLevelSecurityRequestInterceptor.intercept(FieldAndDocumentLevelSecurityRequestInterceptor.java:85) [x-pack-security-7.17.10.jar:7.17.10]",
"at org.elasticsearch.xpack.security.authz.interceptor.UpdateRequestInterceptor.intercept(UpdateRequestInterceptor.java:27) [x-pack-security-7.17.10.jar:7.17.10]",
"at org.elasticsearch.xpack.security.authz.AuthorizationService$1.onResponse(AuthorizationService.java:572) [x-pack-security-7.17.10.jar:7.17.10]",
"at org.elasticsearch.xpack.security.authz.AuthorizationService$1.onResponse(AuthorizationService.java:568) [x-pack-security-7.17.10.jar:7.17.10]",
"at org.elasticsearch.xpack.security.authz.interceptor.FieldAndDocumentLevelSecurityRequestInterceptor.intercept(FieldAndDocumentLevelSecurityRequestInterceptor.java:85) [x-pack-security-7.17.10.jar:7.17.10]",
"at org.elasticsearch.xpack.security.authz.interceptor.ShardSearchRequestInterceptor.intercept(ShardSearchRequestInterceptor.java:26) [x-pack-security-7.17.10.jar:7.17.10]",
"at org.elasticsearch.xpack.security.authz.AuthorizationService$1.onResponse(AuthorizationService.java:572) [x-pack-security-7.17.10.jar:7.17.10]",
"at org.elasticsearch.xpack.security.authz.AuthorizationService$1.onResponse(AuthorizationService.java:568) [x-pack-security-7.17.10.jar:7.17.10]",
"at org.elasticsearch.xpack.security.authz.interceptor.BulkShardRequestInterceptor.intercept(BulkShardRequestInterceptor.java:87) [x-pack-security-7.17.10.jar:7.17.10]",
"at org.elasticsearch.xpack.security.authz.AuthorizationService$1.onResponse(AuthorizationService.java:572) [x-pack-security-7.17.10.jar:7.17.10]",
"at org.elasticsearch.xpack.security.authz.AuthorizationService$1.onResponse(AuthorizationService.java:568) [x-pack-security-7.17.10.jar:7.17.10]",
"at org.elasticsearch.xpack.security.authz.interceptor.IndicesAliasesRequestInterceptor.intercept(IndicesAliasesRequestInterceptor.java:128) [x-pack-security-7.17.10.jar:7.17.10]",
"at org.elasticsearch.xpack.security.authz.AuthorizationService$1.onResponse(AuthorizationService.java:572) [x-pack-security-7.17.10.jar:7.17.10]",
"at org.elasticsearch.xpack.security.authz.AuthorizationService$1.onResponse(AuthorizationService.java:568) [x-pack-security-7.17.10.jar:7.17.10]",
"at org.elasticsearch.xpack.security.authz.interceptor.ResizeRequestInterceptor.intercept(ResizeRequestInterceptor.java:103) [x-pack-security-7.17.10.jar:7.17.10]",
"at org.elasticsearch.xpack.security.authz.AuthorizationService.runRequestInterceptors(AuthorizationService.java:568) [x-pack-security-7.17.10.jar:7.17.10]",
"at org.elasticsearch.xpack.security.authz.AuthorizationService.handleIndexActionAuthorizationResult(AuthorizationService.java:553) [x-pack-security-7.17.10.jar:7.17.10]",
"at org.elasticsearch.xpack.security.authz.AuthorizationService.lambda$authorizeAction$9(AuthorizationService.java:447) [x-pack-security-7.17.10.jar:7.17.10]",
"at org.elasticsearch.xpack.security.authz.AuthorizationService$AuthorizationResultListener.onResponse(AuthorizationService.java:964) [x-pack-security-7.17.10.jar:7.17.10]",
"at org.elasticsearch.xpack.security.authz.AuthorizationService$AuthorizationResultListener.onResponse(AuthorizationService.java:928) [x-pack-security-7.17.10.jar:7.17.10]",
"at org.elasticsearch.action.support.ContextPreservingActionListener.onResponse(ContextPreservingActionListener.java:31) [elasticsearch-7.17.10.jar:7.17.10]",
"at org.elasticsearch.xpack.security.authz.RBACEngine.lambda$authorizeIndexAction$4(RBACEngine.java:388) [x-pack-security-7.17.10.jar:7.17.10]",
"at org.elasticsearch.action.ActionListener$1.onResponse(ActionListener.java:136) [elasticsearch-7.17.10.jar:7.17.10]",
"at org.elasticsearch.common.util.concurrent.ListenableFuture.notifyListenerDirectly(ListenableFuture.java:113) [elasticsearch-7.17.10.jar:7.17.10]",
"at org.elasticsearch.common.util.concurrent.ListenableFuture.addListener(ListenableFuture.java:55) [elasticsearch-7.17.10.jar:7.17.10]",
"at org.elasticsearch.common.util.concurrent.ListenableFuture.addListener(ListenableFuture.java:41) [elasticsearch-7.17.10.jar:7.17.10]",
"at org.elasticsearch.xpack.security.authz.AuthorizationService$CachingAsyncSupplier.getAsync(AuthorizationService.java:1012) [x-pack-security-7.17.10.jar:7.17.10]",
"at org.elasticsearch.xpack.security.authz.RBACEngine.authorizeIndexAction(RBACEngine.java:380) [x-pack-security-7.17.10.jar:7.17.10]",
"at org.elasticsearch.xpack.security.authz.AuthorizationService.authorizeAction(AuthorizationService.java:440) [x-pack-security-7.17.10.jar:7.17.10]",
"at org.elasticsearch.xpack.security.authz.AuthorizationService.maybeAuthorizeRunAs(AuthorizationService.java:377) [x-pack-security-7.17.10.jar:7.17.10]",
"at org.elasticsearch.xpack.security.authz.AuthorizationService.lambda$authorize$1(AuthorizationService.java:262) [x-pack-security-7.17.10.jar:7.17.10]",
"at org.elasticsearch.action.ActionListener$1.onResponse(ActionListener.java:136) [elasticsearch-7.17.10.jar:7.17.10]",
"at org.elasticsearch.action.support.ContextPreservingActionListener.onResponse(ContextPreservingActionListener.java:31) [elasticsearch-7.17.10.jar:7.17.10]",
"at org.elasticsearch.xpack.security.authz.RBACEngine.lambda$resolveAuthorizationInfo$1(RBACEngine.java:148) [x-pack-security-7.17.10.jar:7.17.10]",
"at org.elasticsearch.action.ActionListener$1.onResponse(ActionListener.java:136) [elasticsearch-7.17.10.jar:7.17.10]",
"at org.elasticsearch.xpack.security.authz.store.CompositeRolesStore.getRoles(CompositeRolesStore.java:277) [x-pack-security-7.17.10.jar:7.17.10]",
"at org.elasticsearch.xpack.security.authz.RBACEngine.getRoles(RBACEngine.java:154) [x-pack-security-7.17.10.jar:7.17.10]",
"at org.elasticsearch.xpack.security.authz.RBACEngine.resolveAuthorizationInfo(RBACEngine.java:137) [x-pack-security-7.17.10.jar:7.17.10]",
"at org.elasticsearch.xpack.security.authz.AuthorizationService.authorize(AuthorizationService.java:264) [x-pack-security-7.17.10.jar:7.17.10]",
"at org.elasticsearch.xpack.security.transport.ServerTransportFilter$NodeProfile.lambda$inbound$1(ServerTransportFilter.java:136) [x-pack-security-7.17.10.jar:7.17.10]",
"at org.elasticsearch.action.ActionListener$1.onResponse(ActionListener.java:136) [elasticsearch-7.17.10.jar:7.17.10]",
"at org.elasticsearch.action.ActionListener$MappedActionListener.onResponse(ActionListener.java:101) [elasticsearch-7.17.10.jar:7.17.10]",
"at org.elasticsearch.xpack.security.authc.AuthenticatorChain.authenticateAsync(AuthenticatorChain.java:102) [x-pack-security-7.17.10.jar:7.17.10]",
"at org.elasticsearch.xpack.security.authc.AuthenticationService.authenticate(AuthenticationService.java:199) [x-pack-security-7.17.10.jar:7.17.10]",
"at org.elasticsearch.xpack.security.transport.ServerTransportFilter$NodeProfile.inbound(ServerTransportFilter.java:128) [x-pack-security-7.17.10.jar:7.17.10]",
"at org.elasticsearch.xpack.security.transport.SecurityServerTransportInterceptor$ProfileSecuredRequestHandler.messageReceived(SecurityServerTransportInterceptor.java:415) [x-pack-security-7.17.10.jar:7.17.10]",
"at org.elasticsearch.transport.RequestHandlerRegistry.processMessageReceived(RequestHandlerRegistry.java:67) [elasticsearch-7.17.10.jar:7.17.10]",
"at org.elasticsearch.transport.TransportService.sendLocalRequest(TransportService.java:1037) [elasticsearch-7.17.10.jar:7.17.10]",
"at org.elasticsearch.transport.TransportService.access$100(TransportService.java:66) [elasticsearch-7.17.10.jar:7.17.10]",
"at org.elasticsearch.transport.TransportService$3.sendRequest(TransportService.java:143) [elasticsearch-7.17.10.jar:7.17.10]",
"at org.elasticsearch.transport.TransportService.sendRequestInternal(TransportService.java:975) [elasticsearch-7.17.10.jar:7.17.10]",
"at org.elasticsearch.xpack.security.transport.SecurityServerTransportInterceptor.sendWithUser(SecurityServerTransportInterceptor.java:206) [x-pack-security-7.17.10.jar:7.17.10]",
"at org.elasticsearch.xpack.security.transport.SecurityServerTransportInterceptor.access$300(SecurityServerTransportInterceptor.java:53) [x-pack-security-7.17.10.jar:7.17.10]",
"at org.elasticsearch.xpack.security.transport.SecurityServerTransportInterceptor$1.sendRequest(SecurityServerTransportInterceptor.java:167) [x-pack-security-7.17.10.jar:7.17.10]",
"at org.elasticsearch.transport.TransportService.sendRequest(TransportService.java:874) [elasticsearch-7.17.10.jar:7.17.10]",
"at org.elasticsearch.transport.TransportService.sendChildRequest(TransportService.java:937) [elasticsearch-7.17.10.jar:7.17.10]",
"at org.elasticsearch.transport.TransportService.sendChildRequest(TransportService.java:925) [elasticsearch-7.17.10.jar:7.17.10]",
"at org.elasticsearch.action.search.TransportOpenPointInTimeAction.lambda$doExecute$0(TransportOpenPointInTimeAction.java:102) [elasticsearch-7.17.10.jar:7.17.10]",
"at org.elasticsearch.action.search.TransportSearchAction$1$1.executePhaseOnShard(TransportSearchAction.java:347) [elasticsearch-7.17.10.jar:7.17.10]",
"at org.elasticsearch.action.search.AbstractSearchAsyncAction.lambda$performPhaseOnShard$3(AbstractSearchAsyncAction.java:316) [elasticsearch-7.17.10.jar:7.17.10]",
"at org.elasticsearch.action.search.AbstractSearchAsyncAction.performPhaseOnShard(AbstractSearchAsyncAction.java:352) [elasticsearch-7.17.10.jar:7.17.10]",
"at org.elasticsearch.action.search.AbstractSearchAsyncAction.run(AbstractSearchAsyncAction.java:244) [elasticsearch-7.17.10.jar:7.17.10]",
"at org.elasticsearch.action.search.AbstractSearchAsyncAction.executePhase(AbstractSearchAsyncAction.java:454) [elasticsearch-7.17.10.jar:7.17.10]",
"at org.elasticsearch.action.search.AbstractSearchAsyncAction.start(AbstractSearchAsyncAction.java:199) [elasticsearch-7.17.10.jar:7.17.10]",
"at org.elasticsearch.action.search.TransportSearchAction.executeSearch(TransportSearchAction.java:1048) [elasticsearch-7.17.10.jar:7.17.10]",
"at org.elasticsearch.action.search.TransportSearchAction.executeLocalSearch(TransportSearchAction.java:763) [elasticsearch-7.17.10.jar:7.17.10]",
"at org.elasticsearch.action.search.TransportSearchAction.lambda$executeRequest$6(TransportSearchAction.java:399) [elasticsearch-7.17.10.jar:7.17.10]",
"at org.elasticsearch.action.ActionListener$1.onResponse(ActionListener.java:136) [elasticsearch-7.17.10.jar:7.17.10]",
"at org.elasticsearch.index.query.Rewriteable.rewriteAndFetch(Rewriteable.java:112) [elasticsearch-7.17.10.jar:7.17.10]",
"at org.elasticsearch.index.query.Rewriteable.rewriteAndFetch(Rewriteable.java:77) [elasticsearch-7.17.10.jar:7.17.10]",
"at org.elasticsearch.action.search.TransportSearchAction.executeRequest(TransportSearchAction.java:487) [elasticsearch-7.17.10.jar:7.17.10]",
"at org.elasticsearch.action.search.TransportSearchAction.executeRequest(TransportSearchAction.java:305) [elasticsearch-7.17.10.jar:7.17.10]",
"at org.elasticsearch.action.search.TransportOpenPointInTimeAction.doExecute(TransportOpenPointInTimeAction.java:91) [elasticsearch-7.17.10.jar:7.17.10]",
"at org.elasticsearch.action.search.TransportOpenPointInTimeAction.doExecute(TransportOpenPointInTimeAction.java:39) [elasticsearch-7.17.10.jar:7.17.10]",
"at org.elasticsearch.action.support.TransportAction$RequestFilterChain.proceed(TransportAction.java:186) [elasticsearch-7.17.10.jar:7.17.10]",
"at org.elasticsearch.xpack.security.action.filter.SecurityActionFilter.lambda$applyInternal$3(SecurityActionFilter.java:190) [x-pack-security-7.17.10.jar:7.17.10]",
"at org.elasticsearch.action.ActionListener$DelegatingFailureActionListener.onResponse(ActionListener.java:219) [elasticsearch-7.17.10.jar:7.17.10]",
"at org.elasticsearch.xpack.security.authz.AuthorizationService$1.onResponse(AuthorizationService.java:574) [x-pack-security-7.17.10.jar:7.17.10]",
"at org.elasticsearch.xpack.security.authz.AuthorizationService$1.onResponse(AuthorizationService.java:568) [x-pack-security-7.17.10.jar:7.17.10]",
"at org.elasticsearch.xpack.security.authz.interceptor.DlsFlsLicenseRequestInterceptor.intercept(DlsFlsLicenseRequestInterceptor.java:100) [x-pack-security-7.17.10.jar:7.17.10]",
"at org.elasticsearch.xpack.security.authz.AuthorizationService$1.onResponse(AuthorizationService.java:572) [x-pack-security-7.17.10.jar:7.17.10]",
"at org.elasticsearch.xpack.security.authz.AuthorizationService$1.onResponse(AuthorizationService.java:568) [x-pack-security-7.17.10.jar:7.17.10]",
"at org.elasticsearch.xpack.security.authz.interceptor.FieldAndDocumentLevelSecurityRequestInterceptor.intercept(FieldAndDocumentLevelSecurityRequestInterceptor.java:85) [x-pack-security-7.17.10.jar:7.17.10]",
"at org.elasticsearch.xpack.security.authz.interceptor.SearchRequestInterceptor.intercept(SearchRequestInterceptor.java:26) [x-pack-security-7.17.10.jar:7.17.10]",
"at org.elasticsearch.xpack.security.authz.AuthorizationService$1.onResponse(AuthorizationService.java:572) [x-pack-security-7.17.10.jar:7.17.10]",
"at org.elasticsearch.xpack.security.authz.AuthorizationService$1.onResponse(AuthorizationService.java:568) [x-pack-security-7.17.10.jar:7.17.10]",
"at org.elasticsearch.xpack.security.authz.interceptor.FieldAndDocumentLevelSecurityRequestInterceptor.intercept(FieldAndDocumentLevelSecurityRequestInterceptor.java:85) [x-pack-security-7.17.10.jar:7.17.10]",
"at org.elasticsearch.xpack.security.authz.interceptor.UpdateRequestInterceptor.intercept(UpdateRequestInterceptor.java:27) [x-pack-security-7.17.10.jar:7.17.10]",
"at org.elasticsearch.xpack.security.authz.AuthorizationService$1.onResponse(AuthorizationService.java:572) [x-pack-security-7.17.10.jar:7.17.10]",
"at org.elasticsearch.xpack.security.authz.AuthorizationService$1.onResponse(AuthorizationService.java:568) [x-pack-security-7.17.10.jar:7.17.10]",
"at org.elasticsearch.xpack.security.authz.interceptor.FieldAndDocumentLevelSecurityRequestInterceptor.intercept(FieldAndDocumentLevelSecurityRequestInterceptor.java:85) [x-pack-security-7.17.10.jar:7.17.10]",
"at org.elasticsearch.xpack.security.authz.interceptor.ShardSearchRequestInterceptor.intercept(ShardSearchRequestInterceptor.java:26) [x-pack-security-7.17.10.jar:7.17.10]",
"at org.elasticsearch.xpack.security.authz.AuthorizationService$1.onResponse(AuthorizationService.java:572) [x-pack-security-7.17.10.jar:7.17.10]",
"at org.elasticsearch.xpack.security.authz.AuthorizationService$1.onResponse(AuthorizationService.java:568) [x-pack-security-7.17.10.jar:7.17.10]",
"at org.elasticsearch.xpack.security.authz.interceptor.BulkShardRequestInterceptor.intercept(BulkShardRequestInterceptor.java:87) [x-pack-security-7.17.10.jar:7.17.10]",
"at org.elasticsearch.xpack.security.authz.AuthorizationService$1.onResponse(AuthorizationService.java:572) [x-pack-security-7.17.10.jar:7.17.10]",
"at org.elasticsearch.xpack.security.authz.AuthorizationService$1.onResponse(AuthorizationService.java:568) [x-pack-security-7.17.10.jar:7.17.10]",
"at org.elasticsearch.xpack.security.authz.interceptor.IndicesAliasesRequestInterceptor.intercept(IndicesAliasesRequestInterceptor.java:128) [x-pack-security-7.17.10.jar:7.17.10]",
"at org.elasticsearch.xpack.security.authz.AuthorizationService$1.onResponse(AuthorizationService.java:572) [x-pack-security-7.17.10.jar:7.17.10]",
"at org.elasticsearch.xpack.security.authz.AuthorizationService$1.onResponse(AuthorizationService.java:568) [x-pack-security-7.17.10.jar:7.17.10]",
"at org.elasticsearch.xpack.security.authz.interceptor.ResizeRequestInterceptor.intercept(ResizeRequestInterceptor.java:103) [x-pack-security-7.17.10.jar:7.17.10]",
"at org.elasticsearch.xpack.security.authz.AuthorizationService.runRequestInterceptors(AuthorizationService.java:568) [x-pack-security-7.17.10.jar:7.17.10]",
"at org.elasticsearch.xpack.security.authz.AuthorizationService.handleIndexActionAuthorizationResult(AuthorizationService.java:553) [x-pack-security-7.17.10.jar:7.17.10]",
"at org.elasticsearch.xpack.security.authz.AuthorizationService.lambda$authorizeAction$9(AuthorizationService.java:447) [x-pack-security-7.17.10.jar:7.17.10]",
"at org.elasticsearch.xpack.security.authz.AuthorizationService$AuthorizationResultListener.onResponse(AuthorizationService.java:964) [x-pack-security-7.17.10.jar:7.17.10]",
"at org.elasticsearch.xpack.security.authz.AuthorizationService$AuthorizationResultListener.onResponse(AuthorizationService.java:928) [x-pack-security-7.17.10.jar:7.17.10]",
"at org.elasticsearch.action.support.ContextPreservingActionListener.onResponse(ContextPreservingActionListener.java:31) [elasticsearch-7.17.10.jar:7.17.10]",
"at org.elasticsearch.xpack.security.authz.RBACEngine.lambda$authorizeIndexAction$3(RBACEngine.java:362) [x-pack-security-7.17.10.jar:7.17.10]",
"at org.elasticsearch.action.ActionListener$1.onResponse(ActionListener.java:136) [elasticsearch-7.17.10.jar:7.17.10]",
"at org.elasticsearch.common.util.concurrent.ListenableFuture.notifyListenerDirectly(ListenableFuture.java:113) [elasticsearch-7.17.10.jar:7.17.10]",
"at org.elasticsearch.common.util.concurrent.ListenableFuture.addListener(ListenableFuture.java:55) [elasticsearch-7.17.10.jar:7.17.10]",
"at org.elasticsearch.common.util.concurrent.ListenableFuture.addListener(ListenableFuture.java:41) [elasticsearch-7.17.10.jar:7.17.10]",
"at org.elasticsearch.xpack.security.authz.AuthorizationService$CachingAsyncSupplier.getAsync(AuthorizationService.java:1012) [x-pack-security-7.17.10.jar:7.17.10]",
"at org.elasticsearch.xpack.security.authz.RBACEngine.authorizeIndexAction(RBACEngine.java:353) [x-pack-security-7.17.10.jar:7.17.10]",
"at org.elasticsearch.xpack.security.authz.AuthorizationService.authorizeAction(AuthorizationService.java:440) [x-pack-security-7.17.10.jar:7.17.10]",
"at org.elasticsearch.xpack.security.authz.AuthorizationService.maybeAuthorizeRunAs(AuthorizationService.java:377) [x-pack-security-7.17.10.jar:7.17.10]",
"at org.elasticsearch.xpack.security.authz.AuthorizationService.lambda$authorize$1(AuthorizationService.java:262) [x-pack-security-7.17.10.jar:7.17.10]",
"at org.elasticsearch.action.ActionListener$1.onResponse(ActionListener.java:136) [elasticsearch-7.17.10.jar:7.17.10]",
"at org.elasticsearch.action.support.ContextPreservingActionListener.onResponse(ContextPreservingActionListener.java:31) [elasticsearch-7.17.10.jar:7.17.10]",
"at org.elasticsearch.xpack.security.authz.RBACEngine.lambda$resolveAuthorizationInfo$1(RBACEngine.java:148) [x-pack-security-7.17.10.jar:7.17.10]",
"at org.elasticsearch.action.ActionListener$1.onResponse(ActionListener.java:136) [elasticsearch-7.17.10.jar:7.17.10]",
"at org.elasticsearch.xpack.security.authz.store.CompositeRolesStore.getRoles(CompositeRolesStore.java:277) [x-pack-security-7.17.10.jar:7.17.10]",
"at org.elasticsearch.xpack.security.authz.RBACEngine.getRoles(RBACEngine.java:154) [x-pack-security-7.17.10.jar:7.17.10]",
"at org.elasticsearch.xpack.security.authz.RBACEngine.resolveAuthorizationInfo(RBACEngine.java:137) [x-pack-security-7.17.10.jar:7.17.10]",
"at org.elasticsearch.xpack.security.authz.AuthorizationService.authorize(AuthorizationService.java:264) [x-pack-security-7.17.10.jar:7.17.10]",
"at org.elasticsearch.xpack.security.action.filter.SecurityActionFilter.lambda$applyInternal$4(SecurityActionFilter.java:186) [x-pack-security-7.17.10.jar:7.17.10]",
"at org.elasticsearch.action.ActionListener$1.onResponse(ActionListener.java:136) [elasticsearch-7.17.10.jar:7.17.10]",
"at org.elasticsearch.action.ActionListener$MappedActionListener.onResponse(ActionListener.java:101) [elasticsearch-7.17.10.jar:7.17.10]",
"at org.elasticsearch.xpack.security.authc.AuthenticatorChain.authenticateAsync(AuthenticatorChain.java:102) [x-pack-security-7.17.10.jar:7.17.10]",
"at org.elasticsearch.xpack.security.authc.AuthenticationService.authenticate(AuthenticationService.java:171) [x-pack-security-7.17.10.jar:7.17.10]",
"at org.elasticsearch.xpack.security.action.filter.SecurityActionFilter.applyInternal(SecurityActionFilter.java:182) [x-pack-security-7.17.10.jar:7.17.10]",
"at org.elasticsearch.xpack.security.action.filter.SecurityActionFilter.apply(SecurityActionFilter.java:124) [x-pack-security-7.17.10.jar:7.17.10]",
"at org.elasticsearch.action.support.TransportAction$RequestFilterChain.proceed(TransportAction.java:184) [elasticsearch-7.17.10.jar:7.17.10]",
"at org.elasticsearch.action.support.TransportAction.execute(TransportAction.java:161) [elasticsearch-7.17.10.jar:7.17.10]",
"at org.elasticsearch.action.support.TransportAction.execute(TransportAction.java:82) [elasticsearch-7.17.10.jar:7.17.10]",
"at org.elasticsearch.client.node.NodeClient.executeLocally(NodeClient.java:95) [elasticsearch-7.17.10.jar:7.17.10]",
"at org.elasticsearch.client.node.NodeClient.doExecute(NodeClient.java:73) [elasticsearch-7.17.10.jar:7.17.10]",
"at org.elasticsearch.client.support.AbstractClient.execute(AbstractClient.java:407) [elasticsearch-7.17.10.jar:7.17.10]",
"at org.elasticsearch.action.search.RestOpenPointInTimeAction.lambda$prepareRequest$0(RestOpenPointInTimeAction.java:45) [elasticsearch-7.17.10.jar:7.17.10]",
"at org.elasticsearch.rest.BaseRestHandler.handleRequest(BaseRestHandler.java:109) [elasticsearch-7.17.10.jar:7.17.10]",
"at org.elasticsearch.xpack.security.rest.SecurityRestFilter.lambda$handleRequest$0(SecurityRestFilter.java:90) [x-pack-security-7.17.10.jar:7.17.10]",
"at org.elasticsearch.action.ActionListener$1.onResponse(ActionListener.java:136) [elasticsearch-7.17.10.jar:7.17.10]",
"at org.elasticsearch.xpack.security.authc.support.SecondaryAuthenticator.lambda$authenticateAndAttachToContext$2(SecondaryAuthenticator.java:84) [x-pack-security-7.17.10.jar:7.17.10]",
"at org.elasticsearch.action.ActionListener$1.onResponse(ActionListener.java:136) [elasticsearch-7.17.10.jar:7.17.10]",
"at org.elasticsearch.xpack.security.authc.support.SecondaryAuthenticator.authenticate(SecondaryAuthenticator.java:94) [x-pack-security-7.17.10.jar:7.17.10]",
"at org.elasticsearch.xpack.security.authc.support.SecondaryAuthenticator.authenticateAndAttachToContext(SecondaryAuthenticator.java:78) [x-pack-security-7.17.10.jar:7.17.10]",
"at org.elasticsearch.xpack.security.rest.SecurityRestFilter.lambda$handleRequest$2(SecurityRestFilter.java:85) [x-pack-security-7.17.10.jar:7.17.10]",
"at org.elasticsearch.action.ActionListener$1.onResponse(ActionListener.java:136) [elasticsearch-7.17.10.jar:7.17.10]",
"at org.elasticsearch.action.ActionListener$MappedActionListener.onResponse(ActionListener.java:101) [elasticsearch-7.17.10.jar:7.17.10]",
"at org.elasticsearch.action.ActionListener$RunBeforeActionListener.onResponse(ActionListener.java:389) [elasticsearch-7.17.10.jar:7.17.10]",
"at org.elasticsearch.xpack.security.authc.AuthenticatorChain.writeAuthToContext(AuthenticatorChain.java:376) [x-pack-security-7.17.10.jar:7.17.10]",
"at org.elasticsearch.xpack.security.authc.AuthenticatorChain.finishAuthentication(AuthenticatorChain.java:352) [x-pack-security-7.17.10.jar:7.17.10]",
"at org.elasticsearch.xpack.security.authc.AuthenticatorChain.maybeLookupRunAsUser(AuthenticatorChain.java:205) [x-pack-security-7.17.10.jar:7.17.10]",
"at org.elasticsearch.xpack.security.authc.AuthenticatorChain.lambda$doAuthenticate$1(AuthenticatorChain.java:128) [x-pack-security-7.17.10.jar:7.17.10]",
"at org.elasticsearch.action.ActionListener$1.onResponse(ActionListener.java:136) [elasticsearch-7.17.10.jar:7.17.10]",
"at org.elasticsearch.xpack.core.common.IteratingActionListener.onResponse(IteratingActionListener.java:141) [x-pack-core-7.17.10.jar:7.17.10]",
"at org.elasticsearch.xpack.security.authc.AuthenticatorChain.lambda$getAuthenticatorConsumer$3(AuthenticatorChain.java:175) [x-pack-security-7.17.10.jar:7.17.10]",
"at org.elasticsearch.action.ActionListener$1.onResponse(ActionListener.java:136) [elasticsearch-7.17.10.jar:7.17.10]",
"at org.elasticsearch.xpack.security.authc.RealmsAuthenticator.lambda$consumeToken$3(RealmsAuthenticator.java:219) [x-pack-security-7.17.10.jar:7.17.10]",
"at org.elasticsearch.action.ActionListener$1.onResponse(ActionListener.java:136) [elasticsearch-7.17.10.jar:7.17.10]",
"at org.elasticsearch.action.support.ContextPreservingActionListener.onResponse(ContextPreservingActionListener.java:31) [elasticsearch-7.17.10.jar:7.17.10]",
"at org.elasticsearch.xpack.core.common.IteratingActionListener.onResponse(IteratingActionListener.java:141) [x-pack-core-7.17.10.jar:7.17.10]",
"at org.elasticsearch.xpack.security.authc.RealmsAuthenticator.lambda$consumeToken$0(RealmsAuthenticator.java:164) [x-pack-security-7.17.10.jar:7.17.10]",
"at org.elasticsearch.action.ActionListener$1.onResponse(ActionListener.java:136) [elasticsearch-7.17.10.jar:7.17.10]",
"at org.elasticsearch.xpack.security.authc.support.CachingUsernamePasswordRealm.lambda$authenticateWithCache$1(CachingUsernamePasswordRealm.java:155) [x-pack-security-7.17.10.jar:7.17.10]",
"at org.elasticsearch.action.ActionListener$1.onResponse(ActionListener.java:136) [elasticsearch-7.17.10.jar:7.17.10]",
"at org.elasticsearch.xpack.security.authc.support.CachingUsernamePasswordRealm.handleCachedAuthentication(CachingUsernamePasswordRealm.java:242) [x-pack-security-7.17.10.jar:7.17.10]",
"at org.elasticsearch.xpack.security.authc.support.CachingUsernamePasswordRealm.lambda$authenticateWithCache$2(CachingUsernamePasswordRealm.java:139) [x-pack-security-7.17.10.jar:7.17.10]",
"at org.elasticsearch.action.ActionListener$1.onResponse(ActionListener.java:136) [elasticsearch-7.17.10.jar:7.17.10]",
"at org.elasticsearch.common.util.concurrent.ListenableFuture.notifyListenerDirectly(ListenableFuture.java:113) [elasticsearch-7.17.10.jar:7.17.10]",
"at org.elasticsearch.common.util.concurrent.ListenableFuture.addListener(ListenableFuture.java:55) [elasticsearch-7.17.10.jar:7.17.10]",
"at org.elasticsearch.xpack.security.authc.support.CachingUsernamePasswordRealm.authenticateWithCache(CachingUsernamePasswordRealm.java:134) [x-pack-security-7.17.10.jar:7.17.10]",
"at org.elasticsearch.xpack.security.authc.support.CachingUsernamePasswordRealm.authenticate(CachingUsernamePasswordRealm.java:105) [x-pack-security-7.17.10.jar:7.17.10]",
"at org.elasticsearch.xpack.security.authc.RealmsAuthenticator.lambda$consumeToken$2(RealmsAuthenticator.java:148) [x-pack-security-7.17.10.jar:7.17.10]",
"at org.elasticsearch.xpack.core.common.IteratingActionListener.run(IteratingActionListener.java:117) [x-pack-core-7.17.10.jar:7.17.10]",
"at org.elasticsearch.xpack.security.authc.RealmsAuthenticator.consumeToken(RealmsAuthenticator.java:233) [x-pack-security-7.17.10.jar:7.17.10]",
"at org.elasticsearch.xpack.security.authc.RealmsAuthenticator.authenticate(RealmsAuthenticator.java:84) [x-pack-security-7.17.10.jar:7.17.10]",
"at org.elasticsearch.xpack.security.authc.AuthenticatorChain.lambda$getAuthenticatorConsumer$5(AuthenticatorChain.java:171) [x-pack-security-7.17.10.jar:7.17.10]",
"at org.elasticsearch.xpack.core.common.IteratingActionListener.onResponse(IteratingActionListener.java:135) [x-pack-core-7.17.10.jar:7.17.10]",
"at org.elasticsearch.xpack.security.authc.AuthenticatorChain.lambda$getAuthenticatorConsumer$5(AuthenticatorChain.java:165) [x-pack-security-7.17.10.jar:7.17.10]",
"at org.elasticsearch.xpack.core.common.IteratingActionListener.onResponse(IteratingActionListener.java:135) [x-pack-core-7.17.10.jar:7.17.10]",
"at org.elasticsearch.xpack.security.authc.AuthenticatorChain.lambda$getAuthenticatorConsumer$5(AuthenticatorChain.java:165) [x-pack-security-7.17.10.jar:7.17.10]",
"at org.elasticsearch.xpack.core.common.IteratingActionListener.onResponse(IteratingActionListener.java:135) [x-pack-core-7.17.10.jar:7.17.10]",
"at org.elasticsearch.xpack.security.authc.AuthenticatorChain.lambda$getAuthenticatorConsumer$5(AuthenticatorChain.java:165) [x-pack-security-7.17.10.jar:7.17.10]",
"at org.elasticsearch.xpack.core.common.IteratingActionListener.run(IteratingActionListener.java:117) [x-pack-core-7.17.10.jar:7.17.10]",
"at org.elasticsearch.xpack.security.authc.AuthenticatorChain.doAuthenticate(AuthenticatorChain.java:143) [x-pack-security-7.17.10.jar:7.17.10]",
"at org.elasticsearch.xpack.security.authc.AuthenticatorChain.authenticateAsync(AuthenticatorChain.java:104) [x-pack-security-7.17.10.jar:7.17.10]",
"at org.elasticsearch.xpack.security.authc.AuthenticationService.authenticate(AuthenticationService.java:149) [x-pack-security-7.17.10.jar:7.17.10]",
"at org.elasticsearch.xpack.security.authc.AuthenticationService.authenticate(AuthenticationService.java:127) [x-pack-security-7.17.10.jar:7.17.10]",
"at org.elasticsearch.xpack.security.rest.SecurityRestFilter.handleRequest(SecurityRestFilter.java:79) [x-pack-security-7.17.10.jar:7.17.10]",
"at org.elasticsearch.rest.RestController.dispatchRequest(RestController.java:337) [elasticsearch-7.17.10.jar:7.17.10]",
"at org.elasticsearch.rest.RestController.tryAllHandlers(RestController.java:403) [elasticsearch-7.17.10.jar:7.17.10]",
"at org.elasticsearch.rest.RestController.dispatchRequest(RestController.java:255) [elasticsearch-7.17.10.jar:7.17.10]",
"at org.elasticsearch.http.AbstractHttpServerTransport.dispatchRequest(AbstractHttpServerTransport.java:382) [elasticsearch-7.17.10.jar:7.17.10]",
"at org.elasticsearch.http.AbstractHttpServerTransport.handleIncomingRequest(AbstractHttpServerTransport.java:461) [elasticsearch-7.17.10.jar:7.17.10]",
"at org.elasticsearch.http.AbstractHttpServerTransport.incomingRequest(AbstractHttpServerTransport.java:357) [elasticsearch-7.17.10.jar:7.17.10]",
"at org.elasticsearch.http.netty4.Netty4HttpRequestHandler.channelRead0(Netty4HttpRequestHandler.java:35) [transport-netty4-client-7.17.10.jar:7.17.10]",
"at org.elasticsearch.http.netty4.Netty4HttpRequestHandler.channelRead0(Netty4HttpRequestHandler.java:19) [transport-netty4-client-7.17.10.jar:7.17.10]",
"at io.netty.channel.SimpleChannelInboundHandler.channelRead(SimpleChannelInboundHandler.java:99) [netty-transport-4.1.66.Final.jar:4.1.66.Final]",
"at io.netty.channel.AbstractChannelHandlerContext.invokeChannelRead(AbstractChannelHandlerContext.java:379) [netty-transport-4.1.66.Final.jar:4.1.66.Final]",
"at io.netty.channel.AbstractChannelHandlerContext.invokeChannelRead(AbstractChannelHandlerContext.java:365) [netty-transport-4.1.66.Final.jar:4.1.66.Final]",
"at io.netty.channel.AbstractChannelHandlerContext.fireChannelRead(AbstractChannelHandlerContext.java:357) [netty-transport-4.1.66.Final.jar:4.1.66.Final]",
"at org.elasticsearch.http.netty4.Netty4HttpPipeliningHandler.channelRead(Netty4HttpPipeliningHandler.java:48) [transport-netty4-client-7.17.10.jar:7.17.10]",
"at io.netty.channel.AbstractChannelHandlerContext.invokeChannelRead(AbstractChannelHandlerContext.java:379) [netty-transport-4.1.66.Final.jar:4.1.66.Final]",
"at io.netty.channel.AbstractChannelHandlerContext.invokeChannelRead(AbstractChannelHandlerContext.java:365) [netty-transport-4.1.66.Final.jar:4.1.66.Final]",
"at io.netty.channel.AbstractChannelHandlerContext.fireChannelRead(AbstractChannelHandlerContext.java:357) [netty-transport-4.1.66.Final.jar:4.1.66.Final]",
"at io.netty.handler.codec.MessageToMessageDecoder.channelRead(MessageToMessageDecoder.java:103) [netty-codec-4.1.66.Final.jar:4.1.66.Final]",
"at io.netty.channel.AbstractChannelHandlerContext.invokeChannelRead(AbstractChannelHandlerContext.java:379) [netty-transport-4.1.66.Final.jar:4.1.66.Final]",
"at io.netty.channel.AbstractChannelHandlerContext.invokeChannelRead(AbstractChannelHandlerContext.java:365) [netty-transport-4.1.66.Final.jar:4.1.66.Final]",
"at io.netty.channel.AbstractChannelHandlerContext.fireChannelRead(AbstractChannelHandlerContext.java:357) [netty-transport-4.1.66.Final.jar:4.1.66.Final]",
"at io.netty.handler.codec.MessageToMessageDecoder.channelRead(MessageToMessageDecoder.java:103) [netty-codec-4.1.66.Final.jar:4.1.66.Final]",
"at io.netty.handler.codec.MessageToMessageCodec.channelRead(MessageToMessageCodec.java:111) [netty-codec-4.1.66.Final.jar:4.1.66.Final]",
"at io.netty.channel.AbstractChannelHandlerContext.invokeChannelRead(AbstractChannelHandlerContext.java:379) [netty-transport-4.1.66.Final.jar:4.1.66.Final]",
"at io.netty.channel.AbstractChannelHandlerContext.invokeChannelRead(AbstractChannelHandlerContext.java:365) [netty-transport-4.1.66.Final.jar:4.1.66.Final]",
"at io.netty.channel.AbstractChannelHandlerContext.fireChannelRead(AbstractChannelHandlerContext.java:357) [netty-transport-4.1.66.Final.jar:4.1.66.Final]",
"at io.netty.handler.codec.MessageToMessageDecoder.channelRead(MessageToMessageDecoder.java:103) [netty-codec-4.1.66.Final.jar:4.1.66.Final]",
"at io.netty.channel.AbstractChannelHandlerContext.invokeChannelRead(AbstractChannelHandlerContext.java:379) [netty-transport-4.1.66.Final.jar:4.1.66.Final]",
"at io.netty.channel.AbstractChannelHandlerContext.invokeChannelRead(AbstractChannelHandlerContext.java:365) [netty-transport-4.1.66.Final.jar:4.1.66.Final]",
"at io.netty.channel.AbstractChannelHandlerContext.fireChannelRead(AbstractChannelHandlerContext.java:357) [netty-transport-4.1.66.Final.jar:4.1.66.Final]",
"at io.netty.handler.codec.MessageToMessageDecoder.channelRead(MessageToMessageDecoder.java:103) [netty-codec-4.1.66.Final.jar:4.1.66.Final]",
"at io.netty.channel.AbstractChannelHandlerContext.invokeChannelRead(AbstractChannelHandlerContext.java:379) [netty-transport-4.1.66.Final.jar:4.1.66.Final]",
"at io.netty.channel.AbstractChannelHandlerContext.invokeChannelRead(AbstractChannelHandlerContext.java:365) [netty-transport-4.1.66.Final.jar:4.1.66.Final]",
"at io.netty.channel.AbstractChannelHandlerContext.fireChannelRead(AbstractChannelHandlerContext.java:357) [netty-transport-4.1.66.Final.jar:4.1.66.Final]",
"at io.netty.handler.codec.ByteToMessageDecoder.fireChannelRead(ByteToMessageDecoder.java:324) [netty-codec-4.1.66.Final.jar:4.1.66.Final]",
"at io.netty.handler.codec.ByteToMessageDecoder.channelRead(ByteToMessageDecoder.java:296) [netty-codec-4.1.66.Final.jar:4.1.66.Final]",
"at io.netty.channel.AbstractChannelHandlerContext.invokeChannelRead(AbstractChannelHandlerContext.java:379) [netty-transport-4.1.66.Final.jar:4.1.66.Final]",
"at io.netty.channel.AbstractChannelHandlerContext.invokeChannelRead(AbstractChannelHandlerContext.java:365) [netty-transport-4.1.66.Final.jar:4.1.66.Final]",
"at io.netty.channel.AbstractChannelHandlerContext.fireChannelRead(AbstractChannelHandlerContext.java:357) [netty-transport-4.1.66.Final.jar:4.1.66.Final]",
"at io.netty.handler.timeout.IdleStateHandler.channelRead(IdleStateHandler.java:286) [netty-handler-4.1.66.Final.jar:4.1.66.Final]",
"at io.netty.channel.AbstractChannelHandlerContext.invokeChannelRead(AbstractChannelHandlerContext.java:379) [netty-transport-4.1.66.Final.jar:4.1.66.Final]",
"at io.netty.channel.AbstractChannelHandlerContext.invokeChannelRead(AbstractChannelHandlerContext.java:365) [netty-transport-4.1.66.Final.jar:4.1.66.Final]",
"at io.netty.channel.AbstractChannelHandlerContext.fireChannelRead(AbstractChannelHandlerContext.java:357) [netty-transport-4.1.66.Final.jar:4.1.66.Final]",
"at io.netty.handler.codec.MessageToMessageDecoder.channelRead(MessageToMessageDecoder.java:103) [netty-codec-4.1.66.Final.jar:4.1.66.Final]",
"at io.netty.channel.AbstractChannelHandlerContext.invokeChannelRead(AbstractChannelHandlerContext.java:379) [netty-transport-4.1.66.Final.jar:4.1.66.Final]",
"at io.netty.channel.AbstractChannelHandlerContext.invokeChannelRead(AbstractChannelHandlerContext.java:365) [netty-transport-4.1.66.Final.jar:4.1.66.Final]",
"at io.netty.channel.AbstractChannelHandlerContext.fireChannelRead(AbstractChannelHandlerContext.java:357) [netty-transport-4.1.66.Final.jar:4.1.66.Final]",
"at io.netty.channel.DefaultChannelPipeline$HeadContext.channelRead(DefaultChannelPipeline.java:1410) [netty-transport-4.1.66.Final.jar:4.1.66.Final]",
"at io.netty.channel.AbstractChannelHandlerContext.invokeChannelRead(AbstractChannelHandlerContext.java:379) [netty-transport-4.1.66.Final.jar:4.1.66.Final]",
"at io.netty.channel.AbstractChannelHandlerContext.invokeChannelRead(AbstractChannelHandlerContext.java:365) [netty-transport-4.1.66.Final.jar:4.1.66.Final]",
"at io.netty.channel.DefaultChannelPipeline.fireChannelRead(DefaultChannelPipeline.java:919) [netty-transport-4.1.66.Final.jar:4.1.66.Final]",
"at io.netty.channel.nio.AbstractNioByteChannel$NioByteUnsafe.read(AbstractNioByteChannel.java:166) [netty-transport-4.1.66.Final.jar:4.1.66.Final]",
"at io.netty.channel.nio.NioEventLoop.processSelectedKey(NioEventLoop.java:719) [netty-transport-4.1.66.Final.jar:4.1.66.Final]",
"at io.netty.channel.nio.NioEventLoop.processSelectedKeysPlain(NioEventLoop.java:620) [netty-transport-4.1.66.Final.jar:4.1.66.Final]",
"at io.netty.channel.nio.NioEventLoop.processSelectedKeys(NioEventLoop.java:583) [netty-transport-4.1.66.Final.jar:4.1.66.Final]",
"at io.netty.channel.nio.NioEventLoop.run(NioEventLoop.java:493) [netty-transport-4.1.66.Final.jar:4.1.66.Final]",
"at io.netty.util.concurrent.SingleThreadEventExecutor$4.run(SingleThreadEventExecutor.java:986) [netty-common-4.1.66.Final.jar:4.1.66.Final]",
"at io.netty.util.internal.ThreadExecutorMap$2.run(ThreadExecutorMap.java:74) [netty-common-4.1.66.Final.jar:4.1.66.Final]",
"at java.lang.Thread.run(Thread.java:1623) [?:?]",
"Caused by: org.elasticsearch.action.NoShardAvailableActionException: [da38f2874e84][172.20.0.5:9300][indices:data/read/open_reader_context]",
"at org.elasticsearch.action.search.AbstractSearchAsyncAction.onShardFailure(AbstractSearchAsyncAction.java:532) ~[elasticsearch-7.17.10.jar:7.17.10]",
"at org.elasticsearch.action.search.AbstractSearchAsyncAction.onShardFailure(AbstractSearchAsyncAction.java:479) [elasticsearch-7.17.10.jar:7.17.10]",
"... 277 more"] }
{"type": "server", "timestamp": "2025-06-22T05:37:50,531Z", "level": "WARN", "component": "r.suppressed", "cluster.name": "docker-cluster", "node.name": "da38f2874e84", "message": "path: /.kibana_task_manager_7.17.10_001/_pit, params: {index=.kibana_task_manager_7.17.10_001, keep_alive=10m}", "cluster.uuid": "_K2lvHSSRx68TrSozPU3JA", "node.id": "rY5VrnGrTy6qVpywgTf0Ug" , 
"stacktrace": ["org.elasticsearch.action.search.SearchPhaseExecutionException: all shards failed",
"at org.elasticsearch.action.search.AbstractSearchAsyncAction.onPhaseFailure(AbstractSearchAsyncAction.java:713) [elasticsearch-7.17.10.jar:7.17.10]",
"at org.elasticsearch.action.search.AbstractSearchAsyncAction.executeNextPhase(AbstractSearchAsyncAction.java:400) [elasticsearch-7.17.10.jar:7.17.10]",
"at org.elasticsearch.action.search.AbstractSearchAsyncAction.onPhaseDone(AbstractSearchAsyncAction.java:745) [elasticsearch-7.17.10.jar:7.17.10]",
"at org.elasticsearch.action.search.AbstractSearchAsyncAction.onShardFailure(AbstractSearchAsyncAction.java:497) [elasticsearch-7.17.10.jar:7.17.10]",
"at org.elasticsearch.action.search.AbstractSearchAsyncAction.access$000(AbstractSearchAsyncAction.java:64) [elasticsearch-7.17.10.jar:7.17.10]",
"at org.elasticsearch.action.search.AbstractSearchAsyncAction$1.onFailure(AbstractSearchAsyncAction.java:331) [elasticsearch-7.17.10.jar:7.17.10]",
"at org.elasticsearch.action.ActionListenerResponseHandler.handleException(ActionListenerResponseHandler.java:48) [elasticsearch-7.17.10.jar:7.17.10]",
"at org.elasticsearch.transport.TransportService$4.handleException(TransportService.java:853) [elasticsearch-7.17.10.jar:7.17.10]",
"at org.elasticsearch.transport.TransportService$ContextRestoreResponseHandler.handleException(TransportService.java:1481) [elasticsearch-7.17.10.jar:7.17.10]",
"at org.elasticsearch.transport.TransportService$DirectResponseChannel.processException(TransportService.java:1607) [elasticsearch-7.17.10.jar:7.17.10]",
"at org.elasticsearch.transport.TransportService$DirectResponseChannel.sendResponse(TransportService.java:1581) [elasticsearch-7.17.10.jar:7.17.10]",
"at org.elasticsearch.transport.TaskTransportChannel.sendResponse(TaskTransportChannel.java:50) [elasticsearch-7.17.10.jar:7.17.10]",
"at org.elasticsearch.transport.TransportChannel.sendErrorResponse(TransportChannel.java:45) [elasticsearch-7.17.10.jar:7.17.10]",
"at org.elasticsearch.action.support.ChannelActionListener.onFailure(ChannelActionListener.java:41) [elasticsearch-7.17.10.jar:7.17.10]",
"at org.elasticsearch.action.ActionListener$Delegating.onFailure(ActionListener.java:66) [elasticsearch-7.17.10.jar:7.17.10]",
"at org.elasticsearch.search.SearchService.lambda$openReaderContext$10(SearchService.java:965) [elasticsearch-7.17.10.jar:7.17.10]",
"at org.elasticsearch.index.shard.IndexShard.awaitShardSearchActive(IndexShard.java:4005) [elasticsearch-7.17.10.jar:7.17.10]",
"at org.elasticsearch.search.SearchService.openReaderContext(SearchService.java:945) [elasticsearch-7.17.10.jar:7.17.10]",
"at org.elasticsearch.action.search.TransportOpenPointInTimeAction$ShardOpenReaderRequestHandler.messageReceived(TransportOpenPointInTimeAction.java:177) [elasticsearch-7.17.10.jar:7.17.10]",
"at org.elasticsearch.action.search.TransportOpenPointInTimeAction$ShardOpenReaderRequestHandler.messageReceived(TransportOpenPointInTimeAction.java:174) [elasticsearch-7.17.10.jar:7.17.10]",
"at org.elasticsearch.xpack.security.transport.SecurityServerTransportInterceptor$ProfileSecuredRequestHandler$1.doRun(SecurityServerTransportInterceptor.java:341) [x-pack-security-7.17.10.jar:7.17.10]",
"at org.elasticsearch.common.util.concurrent.AbstractRunnable.run(AbstractRunnable.java:26) [elasticsearch-7.17.10.jar:7.17.10]",
"at org.elasticsearch.xpack.security.transport.SecurityServerTransportInterceptor$ProfileSecuredRequestHandler$2.onResponse(SecurityServerTransportInterceptor.java:389) [x-pack-security-7.17.10.jar:7.17.10]",
"at org.elasticsearch.xpack.security.transport.SecurityServerTransportInterceptor$ProfileSecuredRequestHandler$2.onResponse(SecurityServerTransportInterceptor.java:386) [x-pack-security-7.17.10.jar:7.17.10]",
"at org.elasticsearch.xpack.security.authz.AuthorizationService$1.onResponse(AuthorizationService.java:574) [x-pack-security-7.17.10.jar:7.17.10]",
"at org.elasticsearch.xpack.security.authz.AuthorizationService$1.onResponse(AuthorizationService.java:568) [x-pack-security-7.17.10.jar:7.17.10]",
"at org.elasticsearch.xpack.security.authz.interceptor.DlsFlsLicenseRequestInterceptor.intercept(DlsFlsLicenseRequestInterceptor.java:100) [x-pack-security-7.17.10.jar:7.17.10]",
"at org.elasticsearch.xpack.security.authz.AuthorizationService$1.onResponse(AuthorizationService.java:572) [x-pack-security-7.17.10.jar:7.17.10]",
"at org.elasticsearch.xpack.security.authz.AuthorizationService$1.onResponse(AuthorizationService.java:568) [x-pack-security-7.17.10.jar:7.17.10]",
"at org.elasticsearch.xpack.security.authz.interceptor.FieldAndDocumentLevelSecurityRequestInterceptor.intercept(FieldAndDocumentLevelSecurityRequestInterceptor.java:85) [x-pack-security-7.17.10.jar:7.17.10]",
"at org.elasticsearch.xpack.security.authz.interceptor.SearchRequestInterceptor.intercept(SearchRequestInterceptor.java:26) [x-pack-security-7.17.10.jar:7.17.10]",
"at org.elasticsearch.xpack.security.authz.AuthorizationService$1.onResponse(AuthorizationService.java:572) [x-pack-security-7.17.10.jar:7.17.10]",
"at org.elasticsearch.xpack.security.authz.AuthorizationService$1.onResponse(AuthorizationService.java:568) [x-pack-security-7.17.10.jar:7.17.10]",
"at org.elasticsearch.xpack.security.authz.interceptor.FieldAndDocumentLevelSecurityRequestInterceptor.intercept(FieldAndDocumentLevelSecurityRequestInterceptor.java:85) [x-pack-security-7.17.10.jar:7.17.10]",
"at org.elasticsearch.xpack.security.authz.interceptor.UpdateRequestInterceptor.intercept(UpdateRequestInterceptor.java:27) [x-pack-security-7.17.10.jar:7.17.10]",
"at org.elasticsearch.xpack.security.authz.AuthorizationService$1.onResponse(AuthorizationService.java:572) [x-pack-security-7.17.10.jar:7.17.10]",
"at org.elasticsearch.xpack.security.authz.AuthorizationService$1.onResponse(AuthorizationService.java:568) [x-pack-security-7.17.10.jar:7.17.10]",
"at org.elasticsearch.xpack.security.authz.interceptor.FieldAndDocumentLevelSecurityRequestInterceptor.intercept(FieldAndDocumentLevelSecurityRequestInterceptor.java:85) [x-pack-security-7.17.10.jar:7.17.10]",
"at org.elasticsearch.xpack.security.authz.interceptor.ShardSearchRequestInterceptor.intercept(ShardSearchRequestInterceptor.java:26) [x-pack-security-7.17.10.jar:7.17.10]",
"at org.elasticsearch.xpack.security.authz.AuthorizationService$1.onResponse(AuthorizationService.java:572) [x-pack-security-7.17.10.jar:7.17.10]",
"at org.elasticsearch.xpack.security.authz.AuthorizationService$1.onResponse(AuthorizationService.java:568) [x-pack-security-7.17.10.jar:7.17.10]",
"at org.elasticsearch.xpack.security.authz.interceptor.BulkShardRequestInterceptor.intercept(BulkShardRequestInterceptor.java:87) [x-pack-security-7.17.10.jar:7.17.10]",
"at org.elasticsearch.xpack.security.authz.AuthorizationService$1.onResponse(AuthorizationService.java:572) [x-pack-security-7.17.10.jar:7.17.10]",
"at org.elasticsearch.xpack.security.authz.AuthorizationService$1.onResponse(AuthorizationService.java:568) [x-pack-security-7.17.10.jar:7.17.10]",
"at org.elasticsearch.xpack.security.authz.interceptor.IndicesAliasesRequestInterceptor.intercept(IndicesAliasesRequestInterceptor.java:128) [x-pack-security-7.17.10.jar:7.17.10]",
"at org.elasticsearch.xpack.security.authz.AuthorizationService$1.onResponse(AuthorizationService.java:572) [x-pack-security-7.17.10.jar:7.17.10]",
"at org.elasticsearch.xpack.security.authz.AuthorizationService$1.onResponse(AuthorizationService.java:568) [x-pack-security-7.17.10.jar:7.17.10]",
"at org.elasticsearch.xpack.security.authz.interceptor.ResizeRequestInterceptor.intercept(ResizeRequestInterceptor.java:103) [x-pack-security-7.17.10.jar:7.17.10]",
"at org.elasticsearch.xpack.security.authz.AuthorizationService.runRequestInterceptors(AuthorizationService.java:568) [x-pack-security-7.17.10.jar:7.17.10]",
"at org.elasticsearch.xpack.security.authz.AuthorizationService.handleIndexActionAuthorizationResult(AuthorizationService.java:553) [x-pack-security-7.17.10.jar:7.17.10]",
"at org.elasticsearch.xpack.security.authz.AuthorizationService.lambda$authorizeAction$9(AuthorizationService.java:447) [x-pack-security-7.17.10.jar:7.17.10]",
"at org.elasticsearch.xpack.security.authz.AuthorizationService$AuthorizationResultListener.onResponse(AuthorizationService.java:964) [x-pack-security-7.17.10.jar:7.17.10]",
"at org.elasticsearch.xpack.security.authz.AuthorizationService$AuthorizationResultListener.onResponse(AuthorizationService.java:928) [x-pack-security-7.17.10.jar:7.17.10]",
"at org.elasticsearch.action.support.ContextPreservingActionListener.onResponse(ContextPreservingActionListener.java:31) [elasticsearch-7.17.10.jar:7.17.10]",
"at org.elasticsearch.xpack.security.authz.RBACEngine.lambda$authorizeIndexAction$4(RBACEngine.java:388) [x-pack-security-7.17.10.jar:7.17.10]",
"at org.elasticsearch.action.ActionListener$1.onResponse(ActionListener.java:136) [elasticsearch-7.17.10.jar:7.17.10]",
"at org.elasticsearch.common.util.concurrent.ListenableFuture.notifyListenerDirectly(ListenableFuture.java:113) [elasticsearch-7.17.10.jar:7.17.10]",
"at org.elasticsearch.common.util.concurrent.ListenableFuture.addListener(ListenableFuture.java:55) [elasticsearch-7.17.10.jar:7.17.10]",
"at org.elasticsearch.common.util.concurrent.ListenableFuture.addListener(ListenableFuture.java:41) [elasticsearch-7.17.10.jar:7.17.10]",
"at org.elasticsearch.xpack.security.authz.AuthorizationService$CachingAsyncSupplier.getAsync(AuthorizationService.java:1012) [x-pack-security-7.17.10.jar:7.17.10]",
"at org.elasticsearch.xpack.security.authz.RBACEngine.authorizeIndexAction(RBACEngine.java:380) [x-pack-security-7.17.10.jar:7.17.10]",
"at org.elasticsearch.xpack.security.authz.AuthorizationService.authorizeAction(AuthorizationService.java:440) [x-pack-security-7.17.10.jar:7.17.10]",
"at org.elasticsearch.xpack.security.authz.AuthorizationService.maybeAuthorizeRunAs(AuthorizationService.java:377) [x-pack-security-7.17.10.jar:7.17.10]",
"at org.elasticsearch.xpack.security.authz.AuthorizationService.lambda$authorize$1(AuthorizationService.java:262) [x-pack-security-7.17.10.jar:7.17.10]",
"at org.elasticsearch.action.ActionListener$1.onResponse(ActionListener.java:136) [elasticsearch-7.17.10.jar:7.17.10]",
"at org.elasticsearch.action.support.ContextPreservingActionListener.onResponse(ContextPreservingActionListener.java:31) [elasticsearch-7.17.10.jar:7.17.10]",
"at org.elasticsearch.xpack.security.authz.RBACEngine.lambda$resolveAuthorizationInfo$1(RBACEngine.java:148) [x-pack-security-7.17.10.jar:7.17.10]",
"at org.elasticsearch.action.ActionListener$1.onResponse(ActionListener.java:136) [elasticsearch-7.17.10.jar:7.17.10]",
"at org.elasticsearch.xpack.security.authz.store.CompositeRolesStore.getRoles(CompositeRolesStore.java:277) [x-pack-security-7.17.10.jar:7.17.10]",
"at org.elasticsearch.xpack.security.authz.RBACEngine.getRoles(RBACEngine.java:154) [x-pack-security-7.17.10.jar:7.17.10]",
"at org.elasticsearch.xpack.security.authz.RBACEngine.resolveAuthorizationInfo(RBACEngine.java:137) [x-pack-security-7.17.10.jar:7.17.10]",
"at org.elasticsearch.xpack.security.authz.AuthorizationService.authorize(AuthorizationService.java:264) [x-pack-security-7.17.10.jar:7.17.10]",
"at org.elasticsearch.xpack.security.transport.ServerTransportFilter$NodeProfile.lambda$inbound$1(ServerTransportFilter.java:136) [x-pack-security-7.17.10.jar:7.17.10]",
"at org.elasticsearch.action.ActionListener$1.onResponse(ActionListener.java:136) [elasticsearch-7.17.10.jar:7.17.10]",
"at org.elasticsearch.action.ActionListener$MappedActionListener.onResponse(ActionListener.java:101) [elasticsearch-7.17.10.jar:7.17.10]",
"at org.elasticsearch.xpack.security.authc.AuthenticatorChain.authenticateAsync(AuthenticatorChain.java:102) [x-pack-security-7.17.10.jar:7.17.10]",
"at org.elasticsearch.xpack.security.authc.AuthenticationService.authenticate(AuthenticationService.java:199) [x-pack-security-7.17.10.jar:7.17.10]",
"at org.elasticsearch.xpack.security.transport.ServerTransportFilter$NodeProfile.inbound(ServerTransportFilter.java:128) [x-pack-security-7.17.10.jar:7.17.10]",
"at org.elasticsearch.xpack.security.transport.SecurityServerTransportInterceptor$ProfileSecuredRequestHandler.messageReceived(SecurityServerTransportInterceptor.java:415) [x-pack-security-7.17.10.jar:7.17.10]",
"at org.elasticsearch.transport.RequestHandlerRegistry.processMessageReceived(RequestHandlerRegistry.java:67) [elasticsearch-7.17.10.jar:7.17.10]",
"at org.elasticsearch.transport.TransportService.sendLocalRequest(TransportService.java:1037) [elasticsearch-7.17.10.jar:7.17.10]",
"at org.elasticsearch.transport.TransportService.access$100(TransportService.java:66) [elasticsearch-7.17.10.jar:7.17.10]",
"at org.elasticsearch.transport.TransportService$3.sendRequest(TransportService.java:143) [elasticsearch-7.17.10.jar:7.17.10]",
"at org.elasticsearch.transport.TransportService.sendRequestInternal(TransportService.java:975) [elasticsearch-7.17.10.jar:7.17.10]",
"at org.elasticsearch.xpack.security.transport.SecurityServerTransportInterceptor.sendWithUser(SecurityServerTransportInterceptor.java:206) [x-pack-security-7.17.10.jar:7.17.10]",
"at org.elasticsearch.xpack.security.transport.SecurityServerTransportInterceptor.access$300(SecurityServerTransportInterceptor.java:53) [x-pack-security-7.17.10.jar:7.17.10]",
"at org.elasticsearch.xpack.security.transport.SecurityServerTransportInterceptor$1.sendRequest(SecurityServerTransportInterceptor.java:167) [x-pack-security-7.17.10.jar:7.17.10]",
"at org.elasticsearch.transport.TransportService.sendRequest(TransportService.java:874) [elasticsearch-7.17.10.jar:7.17.10]",
"at org.elasticsearch.transport.TransportService.sendChildRequest(TransportService.java:937) [elasticsearch-7.17.10.jar:7.17.10]",
"at org.elasticsearch.transport.TransportService.sendChildRequest(TransportService.java:925) [elasticsearch-7.17.10.jar:7.17.10]",
"at org.elasticsearch.action.search.TransportOpenPointInTimeAction.lambda$doExecute$0(TransportOpenPointInTimeAction.java:102) [elasticsearch-7.17.10.jar:7.17.10]",
"at org.elasticsearch.action.search.TransportSearchAction$1$1.executePhaseOnShard(TransportSearchAction.java:347) [elasticsearch-7.17.10.jar:7.17.10]",
"at org.elasticsearch.action.search.AbstractSearchAsyncAction.lambda$performPhaseOnShard$3(AbstractSearchAsyncAction.java:316) [elasticsearch-7.17.10.jar:7.17.10]",
"at org.elasticsearch.action.search.AbstractSearchAsyncAction.performPhaseOnShard(AbstractSearchAsyncAction.java:352) [elasticsearch-7.17.10.jar:7.17.10]",
"at org.elasticsearch.action.search.AbstractSearchAsyncAction.run(AbstractSearchAsyncAction.java:244) [elasticsearch-7.17.10.jar:7.17.10]",
"at org.elasticsearch.action.search.AbstractSearchAsyncAction.executePhase(AbstractSearchAsyncAction.java:454) [elasticsearch-7.17.10.jar:7.17.10]",
"at org.elasticsearch.action.search.AbstractSearchAsyncAction.start(AbstractSearchAsyncAction.java:199) [elasticsearch-7.17.10.jar:7.17.10]",
"at org.elasticsearch.action.search.TransportSearchAction.executeSearch(TransportSearchAction.java:1048) [elasticsearch-7.17.10.jar:7.17.10]",
"at org.elasticsearch.action.search.TransportSearchAction.executeLocalSearch(TransportSearchAction.java:763) [elasticsearch-7.17.10.jar:7.17.10]",
"at org.elasticsearch.action.search.TransportSearchAction.lambda$executeRequest$6(TransportSearchAction.java:399) [elasticsearch-7.17.10.jar:7.17.10]",
"at org.elasticsearch.action.ActionListener$1.onResponse(ActionListener.java:136) [elasticsearch-7.17.10.jar:7.17.10]",
"at org.elasticsearch.index.query.Rewriteable.rewriteAndFetch(Rewriteable.java:112) [elasticsearch-7.17.10.jar:7.17.10]",
"at org.elasticsearch.index.query.Rewriteable.rewriteAndFetch(Rewriteable.java:77) [elasticsearch-7.17.10.jar:7.17.10]",
"at org.elasticsearch.action.search.TransportSearchAction.executeRequest(TransportSearchAction.java:487) [elasticsearch-7.17.10.jar:7.17.10]",
"at org.elasticsearch.action.search.TransportSearchAction.executeRequest(TransportSearchAction.java:305) [elasticsearch-7.17.10.jar:7.17.10]",
"at org.elasticsearch.action.search.TransportOpenPointInTimeAction.doExecute(TransportOpenPointInTimeAction.java:91) [elasticsearch-7.17.10.jar:7.17.10]",
"at org.elasticsearch.action.search.TransportOpenPointInTimeAction.doExecute(TransportOpenPointInTimeAction.java:39) [elasticsearch-7.17.10.jar:7.17.10]",
"at org.elasticsearch.action.support.TransportAction$RequestFilterChain.proceed(TransportAction.java:186) [elasticsearch-7.17.10.jar:7.17.10]",
"at org.elasticsearch.xpack.security.action.filter.SecurityActionFilter.lambda$applyInternal$3(SecurityActionFilter.java:190) [x-pack-security-7.17.10.jar:7.17.10]",
"at org.elasticsearch.action.ActionListener$DelegatingFailureActionListener.onResponse(ActionListener.java:219) [elasticsearch-7.17.10.jar:7.17.10]",
"at org.elasticsearch.xpack.security.authz.AuthorizationService$1.onResponse(AuthorizationService.java:574) [x-pack-security-7.17.10.jar:7.17.10]",
"at org.elasticsearch.xpack.security.authz.AuthorizationService$1.onResponse(AuthorizationService.java:568) [x-pack-security-7.17.10.jar:7.17.10]",
"at org.elasticsearch.xpack.security.authz.interceptor.DlsFlsLicenseRequestInterceptor.intercept(DlsFlsLicenseRequestInterceptor.java:100) [x-pack-security-7.17.10.jar:7.17.10]",
"at org.elasticsearch.xpack.security.authz.AuthorizationService$1.onResponse(AuthorizationService.java:572) [x-pack-security-7.17.10.jar:7.17.10]",
"at org.elasticsearch.xpack.security.authz.AuthorizationService$1.onResponse(AuthorizationService.java:568) [x-pack-security-7.17.10.jar:7.17.10]",
"at org.elasticsearch.xpack.security.authz.interceptor.FieldAndDocumentLevelSecurityRequestInterceptor.intercept(FieldAndDocumentLevelSecurityRequestInterceptor.java:85) [x-pack-security-7.17.10.jar:7.17.10]",
"at org.elasticsearch.xpack.security.authz.interceptor.SearchRequestInterceptor.intercept(SearchRequestInterceptor.java:26) [x-pack-security-7.17.10.jar:7.17.10]",
"at org.elasticsearch.xpack.security.authz.AuthorizationService$1.onResponse(AuthorizationService.java:572) [x-pack-security-7.17.10.jar:7.17.10]",
"at org.elasticsearch.xpack.security.authz.AuthorizationService$1.onResponse(AuthorizationService.java:568) [x-pack-security-7.17.10.jar:7.17.10]",
"at org.elasticsearch.xpack.security.authz.interceptor.FieldAndDocumentLevelSecurityRequestInterceptor.intercept(FieldAndDocumentLevelSecurityRequestInterceptor.java:85) [x-pack-security-7.17.10.jar:7.17.10]",
"at org.elasticsearch.xpack.security.authz.interceptor.UpdateRequestInterceptor.intercept(UpdateRequestInterceptor.java:27) [x-pack-security-7.17.10.jar:7.17.10]",
"at org.elasticsearch.xpack.security.authz.AuthorizationService$1.onResponse(AuthorizationService.java:572) [x-pack-security-7.17.10.jar:7.17.10]",
"at org.elasticsearch.xpack.security.authz.AuthorizationService$1.onResponse(AuthorizationService.java:568) [x-pack-security-7.17.10.jar:7.17.10]",
"at org.elasticsearch.xpack.security.authz.interceptor.FieldAndDocumentLevelSecurityRequestInterceptor.intercept(FieldAndDocumentLevelSecurityRequestInterceptor.java:85) [x-pack-security-7.17.10.jar:7.17.10]",
"at org.elasticsearch.xpack.security.authz.interceptor.ShardSearchRequestInterceptor.intercept(ShardSearchRequestInterceptor.java:26) [x-pack-security-7.17.10.jar:7.17.10]",
"at org.elasticsearch.xpack.security.authz.AuthorizationService$1.onResponse(AuthorizationService.java:572) [x-pack-security-7.17.10.jar:7.17.10]",
"at org.elasticsearch.xpack.security.authz.AuthorizationService$1.onResponse(AuthorizationService.java:568) [x-pack-security-7.17.10.jar:7.17.10]",
"at org.elasticsearch.xpack.security.authz.interceptor.BulkShardRequestInterceptor.intercept(BulkShardRequestInterceptor.java:87) [x-pack-security-7.17.10.jar:7.17.10]",
"at org.elasticsearch.xpack.security.authz.AuthorizationService$1.onResponse(AuthorizationService.java:572) [x-pack-security-7.17.10.jar:7.17.10]",
"at org.elasticsearch.xpack.security.authz.AuthorizationService$1.onResponse(AuthorizationService.java:568) [x-pack-security-7.17.10.jar:7.17.10]",
"at org.elasticsearch.xpack.security.authz.interceptor.IndicesAliasesRequestInterceptor.intercept(IndicesAliasesRequestInterceptor.java:128) [x-pack-security-7.17.10.jar:7.17.10]",
"at org.elasticsearch.xpack.security.authz.AuthorizationService$1.onResponse(AuthorizationService.java:572) [x-pack-security-7.17.10.jar:7.17.10]",
"at org.elasticsearch.xpack.security.authz.AuthorizationService$1.onResponse(AuthorizationService.java:568) [x-pack-security-7.17.10.jar:7.17.10]",
"at org.elasticsearch.xpack.security.authz.interceptor.ResizeRequestInterceptor.intercept(ResizeRequestInterceptor.java:103) [x-pack-security-7.17.10.jar:7.17.10]",
"at org.elasticsearch.xpack.security.authz.AuthorizationService.runRequestInterceptors(AuthorizationService.java:568) [x-pack-security-7.17.10.jar:7.17.10]",
"at org.elasticsearch.xpack.security.authz.AuthorizationService.handleIndexActionAuthorizationResult(AuthorizationService.java:553) [x-pack-security-7.17.10.jar:7.17.10]",
"at org.elasticsearch.xpack.security.authz.AuthorizationService.lambda$authorizeAction$9(AuthorizationService.java:447) [x-pack-security-7.17.10.jar:7.17.10]",
"at org.elasticsearch.xpack.security.authz.AuthorizationService$AuthorizationResultListener.onResponse(AuthorizationService.java:964) [x-pack-security-7.17.10.jar:7.17.10]",
"at org.elasticsearch.xpack.security.authz.AuthorizationService$AuthorizationResultListener.onResponse(AuthorizationService.java:928) [x-pack-security-7.17.10.jar:7.17.10]",
"at org.elasticsearch.action.support.ContextPreservingActionListener.onResponse(ContextPreservingActionListener.java:31) [elasticsearch-7.17.10.jar:7.17.10]",
"at org.elasticsearch.xpack.security.authz.RBACEngine.lambda$authorizeIndexAction$3(RBACEngine.java:362) [x-pack-security-7.17.10.jar:7.17.10]",
"at org.elasticsearch.action.ActionListener$1.onResponse(ActionListener.java:136) [elasticsearch-7.17.10.jar:7.17.10]",
"at org.elasticsearch.common.util.concurrent.ListenableFuture.notifyListenerDirectly(ListenableFuture.java:113) [elasticsearch-7.17.10.jar:7.17.10]",
"at org.elasticsearch.common.util.concurrent.ListenableFuture.addListener(ListenableFuture.java:55) [elasticsearch-7.17.10.jar:7.17.10]",
"at org.elasticsearch.common.util.concurrent.ListenableFuture.addListener(ListenableFuture.java:41) [elasticsearch-7.17.10.jar:7.17.10]",
"at org.elasticsearch.xpack.security.authz.AuthorizationService$CachingAsyncSupplier.getAsync(AuthorizationService.java:1012) [x-pack-security-7.17.10.jar:7.17.10]",
"at org.elasticsearch.xpack.security.authz.RBACEngine.authorizeIndexAction(RBACEngine.java:353) [x-pack-security-7.17.10.jar:7.17.10]",
"at org.elasticsearch.xpack.security.authz.AuthorizationService.authorizeAction(AuthorizationService.java:440) [x-pack-security-7.17.10.jar:7.17.10]",
"at org.elasticsearch.xpack.security.authz.AuthorizationService.maybeAuthorizeRunAs(AuthorizationService.java:377) [x-pack-security-7.17.10.jar:7.17.10]",
"at org.elasticsearch.xpack.security.authz.AuthorizationService.lambda$authorize$1(AuthorizationService.java:262) [x-pack-security-7.17.10.jar:7.17.10]",
"at org.elasticsearch.action.ActionListener$1.onResponse(ActionListener.java:136) [elasticsearch-7.17.10.jar:7.17.10]",
"at org.elasticsearch.action.support.ContextPreservingActionListener.onResponse(ContextPreservingActionListener.java:31) [elasticsearch-7.17.10.jar:7.17.10]",
"at org.elasticsearch.xpack.security.authz.RBACEngine.lambda$resolveAuthorizationInfo$1(RBACEngine.java:148) [x-pack-security-7.17.10.jar:7.17.10]",
"at org.elasticsearch.action.ActionListener$1.onResponse(ActionListener.java:136) [elasticsearch-7.17.10.jar:7.17.10]",
"at org.elasticsearch.xpack.security.authz.store.CompositeRolesStore.getRoles(CompositeRolesStore.java:277) [x-pack-security-7.17.10.jar:7.17.10]",
"at org.elasticsearch.xpack.security.authz.RBACEngine.getRoles(RBACEngine.java:154) [x-pack-security-7.17.10.jar:7.17.10]",
"at org.elasticsearch.xpack.security.authz.RBACEngine.resolveAuthorizationInfo(RBACEngine.java:137) [x-pack-security-7.17.10.jar:7.17.10]",
"at org.elasticsearch.xpack.security.authz.AuthorizationService.authorize(AuthorizationService.java:264) [x-pack-security-7.17.10.jar:7.17.10]",
"at org.elasticsearch.xpack.security.action.filter.SecurityActionFilter.lambda$applyInternal$4(SecurityActionFilter.java:186) [x-pack-security-7.17.10.jar:7.17.10]",
"at org.elasticsearch.action.ActionListener$1.onResponse(ActionListener.java:136) [elasticsearch-7.17.10.jar:7.17.10]",
"at org.elasticsearch.action.ActionListener$MappedActionListener.onResponse(ActionListener.java:101) [elasticsearch-7.17.10.jar:7.17.10]",
"at org.elasticsearch.xpack.security.authc.AuthenticatorChain.authenticateAsync(AuthenticatorChain.java:102) [x-pack-security-7.17.10.jar:7.17.10]",
"at org.elasticsearch.xpack.security.authc.AuthenticationService.authenticate(AuthenticationService.java:171) [x-pack-security-7.17.10.jar:7.17.10]",
"at org.elasticsearch.xpack.security.action.filter.SecurityActionFilter.applyInternal(SecurityActionFilter.java:182) [x-pack-security-7.17.10.jar:7.17.10]",
"at org.elasticsearch.xpack.security.action.filter.SecurityActionFilter.apply(SecurityActionFilter.java:124) [x-pack-security-7.17.10.jar:7.17.10]",
"at org.elasticsearch.action.support.TransportAction$RequestFilterChain.proceed(TransportAction.java:184) [elasticsearch-7.17.10.jar:7.17.10]",
"at org.elasticsearch.action.support.TransportAction.execute(TransportAction.java:161) [elasticsearch-7.17.10.jar:7.17.10]",
"at org.elasticsearch.action.support.TransportAction.execute(TransportAction.java:82) [elasticsearch-7.17.10.jar:7.17.10]",
"at org.elasticsearch.client.node.NodeClient.executeLocally(NodeClient.java:95) [elasticsearch-7.17.10.jar:7.17.10]",
"at org.elasticsearch.client.node.NodeClient.doExecute(NodeClient.java:73) [elasticsearch-7.17.10.jar:7.17.10]",
"at org.elasticsearch.client.support.AbstractClient.execute(AbstractClient.java:407) [elasticsearch-7.17.10.jar:7.17.10]",
"at org.elasticsearch.action.search.RestOpenPointInTimeAction.lambda$prepareRequest$0(RestOpenPointInTimeAction.java:45) [elasticsearch-7.17.10.jar:7.17.10]",
"at org.elasticsearch.rest.BaseRestHandler.handleRequest(BaseRestHandler.java:109) [elasticsearch-7.17.10.jar:7.17.10]",
"at org.elasticsearch.xpack.security.rest.SecurityRestFilter.lambda$handleRequest$0(SecurityRestFilter.java:90) [x-pack-security-7.17.10.jar:7.17.10]",
"at org.elasticsearch.action.ActionListener$1.onResponse(ActionListener.java:136) [elasticsearch-7.17.10.jar:7.17.10]",
"at org.elasticsearch.xpack.security.authc.support.SecondaryAuthenticator.lambda$authenticateAndAttachToContext$2(SecondaryAuthenticator.java:84) [x-pack-security-7.17.10.jar:7.17.10]",
"at org.elasticsearch.action.ActionListener$1.onResponse(ActionListener.java:136) [elasticsearch-7.17.10.jar:7.17.10]",
"at org.elasticsearch.xpack.security.authc.support.SecondaryAuthenticator.authenticate(SecondaryAuthenticator.java:94) [x-pack-security-7.17.10.jar:7.17.10]",
"at org.elasticsearch.xpack.security.authc.support.SecondaryAuthenticator.authenticateAndAttachToContext(SecondaryAuthenticator.java:78) [x-pack-security-7.17.10.jar:7.17.10]",
"at org.elasticsearch.xpack.security.rest.SecurityRestFilter.lambda$handleRequest$2(SecurityRestFilter.java:85) [x-pack-security-7.17.10.jar:7.17.10]",
"at org.elasticsearch.action.ActionListener$1.onResponse(ActionListener.java:136) [elasticsearch-7.17.10.jar:7.17.10]",
"at org.elasticsearch.action.ActionListener$MappedActionListener.onResponse(ActionListener.java:101) [elasticsearch-7.17.10.jar:7.17.10]",
"at org.elasticsearch.action.ActionListener$RunBeforeActionListener.onResponse(ActionListener.java:389) [elasticsearch-7.17.10.jar:7.17.10]",
"at org.elasticsearch.xpack.security.authc.AuthenticatorChain.writeAuthToContext(AuthenticatorChain.java:376) [x-pack-security-7.17.10.jar:7.17.10]",
"at org.elasticsearch.xpack.security.authc.AuthenticatorChain.finishAuthentication(AuthenticatorChain.java:352) [x-pack-security-7.17.10.jar:7.17.10]",
"at org.elasticsearch.xpack.security.authc.AuthenticatorChain.maybeLookupRunAsUser(AuthenticatorChain.java:205) [x-pack-security-7.17.10.jar:7.17.10]",
"at org.elasticsearch.xpack.security.authc.AuthenticatorChain.lambda$doAuthenticate$1(AuthenticatorChain.java:128) [x-pack-security-7.17.10.jar:7.17.10]",
"at org.elasticsearch.action.ActionListener$1.onResponse(ActionListener.java:136) [elasticsearch-7.17.10.jar:7.17.10]",
"at org.elasticsearch.xpack.core.common.IteratingActionListener.onResponse(IteratingActionListener.java:141) [x-pack-core-7.17.10.jar:7.17.10]",
"at org.elasticsearch.xpack.security.authc.AuthenticatorChain.lambda$getAuthenticatorConsumer$3(AuthenticatorChain.java:175) [x-pack-security-7.17.10.jar:7.17.10]",
"at org.elasticsearch.action.ActionListener$1.onResponse(ActionListener.java:136) [elasticsearch-7.17.10.jar:7.17.10]",
"at org.elasticsearch.xpack.security.authc.RealmsAuthenticator.lambda$consumeToken$3(RealmsAuthenticator.java:219) [x-pack-security-7.17.10.jar:7.17.10]",
"at org.elasticsearch.action.ActionListener$1.onResponse(ActionListener.java:136) [elasticsearch-7.17.10.jar:7.17.10]",
"at org.elasticsearch.action.support.ContextPreservingActionListener.onResponse(ContextPreservingActionListener.java:31) [elasticsearch-7.17.10.jar:7.17.10]",
"at org.elasticsearch.xpack.core.common.IteratingActionListener.onResponse(IteratingActionListener.java:141) [x-pack-core-7.17.10.jar:7.17.10]",
"at org.elasticsearch.xpack.security.authc.RealmsAuthenticator.lambda$consumeToken$0(RealmsAuthenticator.java:164) [x-pack-security-7.17.10.jar:7.17.10]",
"at org.elasticsearch.action.ActionListener$1.onResponse(ActionListener.java:136) [elasticsearch-7.17.10.jar:7.17.10]",
"at org.elasticsearch.xpack.security.authc.support.CachingUsernamePasswordRealm.lambda$authenticateWithCache$1(CachingUsernamePasswordRealm.java:155) [x-pack-security-7.17.10.jar:7.17.10]",
"at org.elasticsearch.action.ActionListener$1.onResponse(ActionListener.java:136) [elasticsearch-7.17.10.jar:7.17.10]",
"at org.elasticsearch.xpack.security.authc.support.CachingUsernamePasswordRealm.handleCachedAuthentication(CachingUsernamePasswordRealm.java:242) [x-pack-security-7.17.10.jar:7.17.10]",
"at org.elasticsearch.xpack.security.authc.support.CachingUsernamePasswordRealm.lambda$authenticateWithCache$2(CachingUsernamePasswordRealm.java:139) [x-pack-security-7.17.10.jar:7.17.10]",
"at org.elasticsearch.action.ActionListener$1.onResponse(ActionListener.java:136) [elasticsearch-7.17.10.jar:7.17.10]",
"at org.elasticsearch.common.util.concurrent.ListenableFuture.notifyListenerDirectly(ListenableFuture.java:113) [elasticsearch-7.17.10.jar:7.17.10]",
"at org.elasticsearch.common.util.concurrent.ListenableFuture.addListener(ListenableFuture.java:55) [elasticsearch-7.17.10.jar:7.17.10]",
"at org.elasticsearch.xpack.security.authc.support.CachingUsernamePasswordRealm.authenticateWithCache(CachingUsernamePasswordRealm.java:134) [x-pack-security-7.17.10.jar:7.17.10]",
"at org.elasticsearch.xpack.security.authc.support.CachingUsernamePasswordRealm.authenticate(CachingUsernamePasswordRealm.java:105) [x-pack-security-7.17.10.jar:7.17.10]",
"at org.elasticsearch.xpack.security.authc.RealmsAuthenticator.lambda$consumeToken$2(RealmsAuthenticator.java:148) [x-pack-security-7.17.10.jar:7.17.10]",
"at org.elasticsearch.xpack.core.common.IteratingActionListener.run(IteratingActionListener.java:117) [x-pack-core-7.17.10.jar:7.17.10]",
"at org.elasticsearch.xpack.security.authc.RealmsAuthenticator.consumeToken(RealmsAuthenticator.java:233) [x-pack-security-7.17.10.jar:7.17.10]",
"at org.elasticsearch.xpack.security.authc.RealmsAuthenticator.authenticate(RealmsAuthenticator.java:84) [x-pack-security-7.17.10.jar:7.17.10]",
"at org.elasticsearch.xpack.security.authc.AuthenticatorChain.lambda$getAuthenticatorConsumer$5(AuthenticatorChain.java:171) [x-pack-security-7.17.10.jar:7.17.10]",
"at org.elasticsearch.xpack.core.common.IteratingActionListener.onResponse(IteratingActionListener.java:135) [x-pack-core-7.17.10.jar:7.17.10]",
"at org.elasticsearch.xpack.security.authc.AuthenticatorChain.lambda$getAuthenticatorConsumer$5(AuthenticatorChain.java:165) [x-pack-security-7.17.10.jar:7.17.10]",
"at org.elasticsearch.xpack.core.common.IteratingActionListener.onResponse(IteratingActionListener.java:135) [x-pack-core-7.17.10.jar:7.17.10]",
"at org.elasticsearch.xpack.security.authc.AuthenticatorChain.lambda$getAuthenticatorConsumer$5(AuthenticatorChain.java:165) [x-pack-security-7.17.10.jar:7.17.10]",
"at org.elasticsearch.xpack.core.common.IteratingActionListener.onResponse(IteratingActionListener.java:135) [x-pack-core-7.17.10.jar:7.17.10]",
"at org.elasticsearch.xpack.security.authc.AuthenticatorChain.lambda$getAuthenticatorConsumer$5(AuthenticatorChain.java:165) [x-pack-security-7.17.10.jar:7.17.10]",
"at org.elasticsearch.xpack.core.common.IteratingActionListener.run(IteratingActionListener.java:117) [x-pack-core-7.17.10.jar:7.17.10]",
"at org.elasticsearch.xpack.security.authc.AuthenticatorChain.doAuthenticate(AuthenticatorChain.java:143) [x-pack-security-7.17.10.jar:7.17.10]",
"at org.elasticsearch.xpack.security.authc.AuthenticatorChain.authenticateAsync(AuthenticatorChain.java:104) [x-pack-security-7.17.10.jar:7.17.10]",
"at org.elasticsearch.xpack.security.authc.AuthenticationService.authenticate(AuthenticationService.java:149) [x-pack-security-7.17.10.jar:7.17.10]",
"at org.elasticsearch.xpack.security.authc.AuthenticationService.authenticate(AuthenticationService.java:127) [x-pack-security-7.17.10.jar:7.17.10]",
"at org.elasticsearch.xpack.security.rest.SecurityRestFilter.handleRequest(SecurityRestFilter.java:79) [x-pack-security-7.17.10.jar:7.17.10]",
"at org.elasticsearch.rest.RestController.dispatchRequest(RestController.java:337) [elasticsearch-7.17.10.jar:7.17.10]",
"at org.elasticsearch.rest.RestController.tryAllHandlers(RestController.java:403) [elasticsearch-7.17.10.jar:7.17.10]",
"at org.elasticsearch.rest.RestController.dispatchRequest(RestController.java:255) [elasticsearch-7.17.10.jar:7.17.10]",
"at org.elasticsearch.http.AbstractHttpServerTransport.dispatchRequest(AbstractHttpServerTransport.java:382) [elasticsearch-7.17.10.jar:7.17.10]",
"at org.elasticsearch.http.AbstractHttpServerTransport.handleIncomingRequest(AbstractHttpServerTransport.java:461) [elasticsearch-7.17.10.jar:7.17.10]",
"at org.elasticsearch.http.AbstractHttpServerTransport.incomingRequest(AbstractHttpServerTransport.java:357) [elasticsearch-7.17.10.jar:7.17.10]",
"at org.elasticsearch.http.netty4.Netty4HttpRequestHandler.channelRead0(Netty4HttpRequestHandler.java:35) [transport-netty4-client-7.17.10.jar:7.17.10]",
"at org.elasticsearch.http.netty4.Netty4HttpRequestHandler.channelRead0(Netty4HttpRequestHandler.java:19) [transport-netty4-client-7.17.10.jar:7.17.10]",
"at io.netty.channel.SimpleChannelInboundHandler.channelRead(SimpleChannelInboundHandler.java:99) [netty-transport-4.1.66.Final.jar:4.1.66.Final]",
"at io.netty.channel.AbstractChannelHandlerContext.invokeChannelRead(AbstractChannelHandlerContext.java:379) [netty-transport-4.1.66.Final.jar:4.1.66.Final]",
"at io.netty.channel.AbstractChannelHandlerContext.invokeChannelRead(AbstractChannelHandlerContext.java:365) [netty-transport-4.1.66.Final.jar:4.1.66.Final]",
"at io.netty.channel.AbstractChannelHandlerContext.fireChannelRead(AbstractChannelHandlerContext.java:357) [netty-transport-4.1.66.Final.jar:4.1.66.Final]",
"at org.elasticsearch.http.netty4.Netty4HttpPipeliningHandler.channelRead(Netty4HttpPipeliningHandler.java:48) [transport-netty4-client-7.17.10.jar:7.17.10]",
"at io.netty.channel.AbstractChannelHandlerContext.invokeChannelRead(AbstractChannelHandlerContext.java:379) [netty-transport-4.1.66.Final.jar:4.1.66.Final]",
"at io.netty.channel.AbstractChannelHandlerContext.invokeChannelRead(AbstractChannelHandlerContext.java:365) [netty-transport-4.1.66.Final.jar:4.1.66.Final]",
"at io.netty.channel.AbstractChannelHandlerContext.fireChannelRead(AbstractChannelHandlerContext.java:357) [netty-transport-4.1.66.Final.jar:4.1.66.Final]",
"at io.netty.handler.codec.MessageToMessageDecoder.channelRead(MessageToMessageDecoder.java:103) [netty-codec-4.1.66.Final.jar:4.1.66.Final]",
"at io.netty.channel.AbstractChannelHandlerContext.invokeChannelRead(AbstractChannelHandlerContext.java:379) [netty-transport-4.1.66.Final.jar:4.1.66.Final]",
"at io.netty.channel.AbstractChannelHandlerContext.invokeChannelRead(AbstractChannelHandlerContext.java:365) [netty-transport-4.1.66.Final.jar:4.1.66.Final]",
"at io.netty.channel.AbstractChannelHandlerContext.fireChannelRead(AbstractChannelHandlerContext.java:357) [netty-transport-4.1.66.Final.jar:4.1.66.Final]",
"at io.netty.handler.codec.MessageToMessageDecoder.channelRead(MessageToMessageDecoder.java:103) [netty-codec-4.1.66.Final.jar:4.1.66.Final]",
"at io.netty.handler.codec.MessageToMessageCodec.channelRead(MessageToMessageCodec.java:111) [netty-codec-4.1.66.Final.jar:4.1.66.Final]",
"at io.netty.channel.AbstractChannelHandlerContext.invokeChannelRead(AbstractChannelHandlerContext.java:379) [netty-transport-4.1.66.Final.jar:4.1.66.Final]",
"at io.netty.channel.AbstractChannelHandlerContext.invokeChannelRead(AbstractChannelHandlerContext.java:365) [netty-transport-4.1.66.Final.jar:4.1.66.Final]",
"at io.netty.channel.AbstractChannelHandlerContext.fireChannelRead(AbstractChannelHandlerContext.java:357) [netty-transport-4.1.66.Final.jar:4.1.66.Final]",
"at io.netty.handler.codec.MessageToMessageDecoder.channelRead(MessageToMessageDecoder.java:103) [netty-codec-4.1.66.Final.jar:4.1.66.Final]",
"at io.netty.channel.AbstractChannelHandlerContext.invokeChannelRead(AbstractChannelHandlerContext.java:379) [netty-transport-4.1.66.Final.jar:4.1.66.Final]",
"at io.netty.channel.AbstractChannelHandlerContext.invokeChannelRead(AbstractChannelHandlerContext.java:365) [netty-transport-4.1.66.Final.jar:4.1.66.Final]",
"at io.netty.channel.AbstractChannelHandlerContext.fireChannelRead(AbstractChannelHandlerContext.java:357) [netty-transport-4.1.66.Final.jar:4.1.66.Final]",
"at io.netty.handler.codec.MessageToMessageDecoder.channelRead(MessageToMessageDecoder.java:103) [netty-codec-4.1.66.Final.jar:4.1.66.Final]",
"at io.netty.channel.AbstractChannelHandlerContext.invokeChannelRead(AbstractChannelHandlerContext.java:379) [netty-transport-4.1.66.Final.jar:4.1.66.Final]",
"at io.netty.channel.AbstractChannelHandlerContext.invokeChannelRead(AbstractChannelHandlerContext.java:365) [netty-transport-4.1.66.Final.jar:4.1.66.Final]",
"at io.netty.channel.AbstractChannelHandlerContext.fireChannelRead(AbstractChannelHandlerContext.java:357) [netty-transport-4.1.66.Final.jar:4.1.66.Final]",
"at io.netty.handler.codec.ByteToMessageDecoder.fireChannelRead(ByteToMessageDecoder.java:324) [netty-codec-4.1.66.Final.jar:4.1.66.Final]",
"at io.netty.handler.codec.ByteToMessageDecoder.channelRead(ByteToMessageDecoder.java:296) [netty-codec-4.1.66.Final.jar:4.1.66.Final]",
"at io.netty.channel.AbstractChannelHandlerContext.invokeChannelRead(AbstractChannelHandlerContext.java:379) [netty-transport-4.1.66.Final.jar:4.1.66.Final]",
"at io.netty.channel.AbstractChannelHandlerContext.invokeChannelRead(AbstractChannelHandlerContext.java:365) [netty-transport-4.1.66.Final.jar:4.1.66.Final]",
"at io.netty.channel.AbstractChannelHandlerContext.fireChannelRead(AbstractChannelHandlerContext.java:357) [netty-transport-4.1.66.Final.jar:4.1.66.Final]",
"at io.netty.handler.timeout.IdleStateHandler.channelRead(IdleStateHandler.java:286) [netty-handler-4.1.66.Final.jar:4.1.66.Final]",
"at io.netty.channel.AbstractChannelHandlerContext.invokeChannelRead(AbstractChannelHandlerContext.java:379) [netty-transport-4.1.66.Final.jar:4.1.66.Final]",
"at io.netty.channel.AbstractChannelHandlerContext.invokeChannelRead(AbstractChannelHandlerContext.java:365) [netty-transport-4.1.66.Final.jar:4.1.66.Final]",
"at io.netty.channel.AbstractChannelHandlerContext.fireChannelRead(AbstractChannelHandlerContext.java:357) [netty-transport-4.1.66.Final.jar:4.1.66.Final]",
"at io.netty.handler.codec.MessageToMessageDecoder.channelRead(MessageToMessageDecoder.java:103) [netty-codec-4.1.66.Final.jar:4.1.66.Final]",
"at io.netty.channel.AbstractChannelHandlerContext.invokeChannelRead(AbstractChannelHandlerContext.java:379) [netty-transport-4.1.66.Final.jar:4.1.66.Final]",
"at io.netty.channel.AbstractChannelHandlerContext.invokeChannelRead(AbstractChannelHandlerContext.java:365) [netty-transport-4.1.66.Final.jar:4.1.66.Final]",
"at io.netty.channel.AbstractChannelHandlerContext.fireChannelRead(AbstractChannelHandlerContext.java:357) [netty-transport-4.1.66.Final.jar:4.1.66.Final]",
"at io.netty.channel.DefaultChannelPipeline$HeadContext.channelRead(DefaultChannelPipeline.java:1410) [netty-transport-4.1.66.Final.jar:4.1.66.Final]",
"at io.netty.channel.AbstractChannelHandlerContext.invokeChannelRead(AbstractChannelHandlerContext.java:379) [netty-transport-4.1.66.Final.jar:4.1.66.Final]",
"at io.netty.channel.AbstractChannelHandlerContext.invokeChannelRead(AbstractChannelHandlerContext.java:365) [netty-transport-4.1.66.Final.jar:4.1.66.Final]",
"at io.netty.channel.DefaultChannelPipeline.fireChannelRead(DefaultChannelPipeline.java:919) [netty-transport-4.1.66.Final.jar:4.1.66.Final]",
"at io.netty.channel.nio.AbstractNioByteChannel$NioByteUnsafe.read(AbstractNioByteChannel.java:166) [netty-transport-4.1.66.Final.jar:4.1.66.Final]",
"at io.netty.channel.nio.NioEventLoop.processSelectedKey(NioEventLoop.java:719) [netty-transport-4.1.66.Final.jar:4.1.66.Final]",
"at io.netty.channel.nio.NioEventLoop.processSelectedKeysPlain(NioEventLoop.java:620) [netty-transport-4.1.66.Final.jar:4.1.66.Final]",
"at io.netty.channel.nio.NioEventLoop.processSelectedKeys(NioEventLoop.java:583) [netty-transport-4.1.66.Final.jar:4.1.66.Final]",
"at io.netty.channel.nio.NioEventLoop.run(NioEventLoop.java:493) [netty-transport-4.1.66.Final.jar:4.1.66.Final]",
"at io.netty.util.concurrent.SingleThreadEventExecutor$4.run(SingleThreadEventExecutor.java:986) [netty-common-4.1.66.Final.jar:4.1.66.Final]",
"at io.netty.util.internal.ThreadExecutorMap$2.run(ThreadExecutorMap.java:74) [netty-common-4.1.66.Final.jar:4.1.66.Final]",
"at java.lang.Thread.run(Thread.java:1623) [?:?]",
"Caused by: org.elasticsearch.action.NoShardAvailableActionException: [da38f2874e84][172.20.0.5:9300][indices:data/read/open_reader_context]",
"at org.elasticsearch.action.search.AbstractSearchAsyncAction.onShardFailure(AbstractSearchAsyncAction.java:532) ~[elasticsearch-7.17.10.jar:7.17.10]",
"at org.elasticsearch.action.search.AbstractSearchAsyncAction.onShardFailure(AbstractSearchAsyncAction.java:479) [elasticsearch-7.17.10.jar:7.17.10]",
"... 277 more"] }
{"type": "server", "timestamp": "2025-06-22T05:37:50,633Z", "level": "WARN", "component": "r.suppressed", "cluster.name": "docker-cluster", "node.name": "da38f2874e84", "message": "path: /.kibana_task_manager_7.17.10_001/_pit, params: {index=.kibana_task_manager_7.17.10_001, keep_alive=10m}", "cluster.uuid": "_K2lvHSSRx68TrSozPU3JA", "node.id": "rY5VrnGrTy6qVpywgTf0Ug" , 
"stacktrace": ["org.elasticsearch.action.search.SearchPhaseExecutionException: all shards failed",
"at org.elasticsearch.action.search.AbstractSearchAsyncAction.onPhaseFailure(AbstractSearchAsyncAction.java:713) [elasticsearch-7.17.10.jar:7.17.10]",
"at org.elasticsearch.action.search.AbstractSearchAsyncAction.executeNextPhase(AbstractSearchAsyncAction.java:400) [elasticsearch-7.17.10.jar:7.17.10]",
"at org.elasticsearch.action.search.AbstractSearchAsyncAction.onPhaseDone(AbstractSearchAsyncAction.java:745) [elasticsearch-7.17.10.jar:7.17.10]",
"at org.elasticsearch.action.search.AbstractSearchAsyncAction.onShardFailure(AbstractSearchAsyncAction.java:497) [elasticsearch-7.17.10.jar:7.17.10]",
"at org.elasticsearch.action.search.AbstractSearchAsyncAction.access$000(AbstractSearchAsyncAction.java:64) [elasticsearch-7.17.10.jar:7.17.10]",
"at org.elasticsearch.action.search.AbstractSearchAsyncAction$1.onFailure(AbstractSearchAsyncAction.java:331) [elasticsearch-7.17.10.jar:7.17.10]",
"at org.elasticsearch.action.ActionListenerResponseHandler.handleException(ActionListenerResponseHandler.java:48) [elasticsearch-7.17.10.jar:7.17.10]",
"at org.elasticsearch.transport.TransportService$4.handleException(TransportService.java:853) [elasticsearch-7.17.10.jar:7.17.10]",
"at org.elasticsearch.transport.TransportService$ContextRestoreResponseHandler.handleException(TransportService.java:1481) [elasticsearch-7.17.10.jar:7.17.10]",
"at org.elasticsearch.transport.TransportService$DirectResponseChannel.processException(TransportService.java:1607) [elasticsearch-7.17.10.jar:7.17.10]",
"at org.elasticsearch.transport.TransportService$DirectResponseChannel.sendResponse(TransportService.java:1581) [elasticsearch-7.17.10.jar:7.17.10]",
"at org.elasticsearch.transport.TaskTransportChannel.sendResponse(TaskTransportChannel.java:50) [elasticsearch-7.17.10.jar:7.17.10]",
"at org.elasticsearch.transport.TransportChannel.sendErrorResponse(TransportChannel.java:45) [elasticsearch-7.17.10.jar:7.17.10]",
"at org.elasticsearch.action.support.ChannelActionListener.onFailure(ChannelActionListener.java:41) [elasticsearch-7.17.10.jar:7.17.10]",
"at org.elasticsearch.action.ActionListener$Delegating.onFailure(ActionListener.java:66) [elasticsearch-7.17.10.jar:7.17.10]",
"at org.elasticsearch.search.SearchService.lambda$openReaderContext$10(SearchService.java:965) [elasticsearch-7.17.10.jar:7.17.10]",
"at org.elasticsearch.index.shard.IndexShard.awaitShardSearchActive(IndexShard.java:4005) [elasticsearch-7.17.10.jar:7.17.10]",
"at org.elasticsearch.search.SearchService.openReaderContext(SearchService.java:945) [elasticsearch-7.17.10.jar:7.17.10]",
"at org.elasticsearch.action.search.TransportOpenPointInTimeAction$ShardOpenReaderRequestHandler.messageReceived(TransportOpenPointInTimeAction.java:177) [elasticsearch-7.17.10.jar:7.17.10]",
"at org.elasticsearch.action.search.TransportOpenPointInTimeAction$ShardOpenReaderRequestHandler.messageReceived(TransportOpenPointInTimeAction.java:174) [elasticsearch-7.17.10.jar:7.17.10]",
"at org.elasticsearch.xpack.security.transport.SecurityServerTransportInterceptor$ProfileSecuredRequestHandler$1.doRun(SecurityServerTransportInterceptor.java:341) [x-pack-security-7.17.10.jar:7.17.10]",
"at org.elasticsearch.common.util.concurrent.AbstractRunnable.run(AbstractRunnable.java:26) [elasticsearch-7.17.10.jar:7.17.10]",
"at org.elasticsearch.xpack.security.transport.SecurityServerTransportInterceptor$ProfileSecuredRequestHandler$2.onResponse(SecurityServerTransportInterceptor.java:389) [x-pack-security-7.17.10.jar:7.17.10]",
"at org.elasticsearch.xpack.security.transport.SecurityServerTransportInterceptor$ProfileSecuredRequestHandler$2.onResponse(SecurityServerTransportInterceptor.java:386) [x-pack-security-7.17.10.jar:7.17.10]",
"at org.elasticsearch.xpack.security.authz.AuthorizationService$1.onResponse(AuthorizationService.java:574) [x-pack-security-7.17.10.jar:7.17.10]",
"at org.elasticsearch.xpack.security.authz.AuthorizationService$1.onResponse(AuthorizationService.java:568) [x-pack-security-7.17.10.jar:7.17.10]",
"at org.elasticsearch.xpack.security.authz.interceptor.DlsFlsLicenseRequestInterceptor.intercept(DlsFlsLicenseRequestInterceptor.java:100) [x-pack-security-7.17.10.jar:7.17.10]",
"at org.elasticsearch.xpack.security.authz.AuthorizationService$1.onResponse(AuthorizationService.java:572) [x-pack-security-7.17.10.jar:7.17.10]",
"at org.elasticsearch.xpack.security.authz.AuthorizationService$1.onResponse(AuthorizationService.java:568) [x-pack-security-7.17.10.jar:7.17.10]",
"at org.elasticsearch.xpack.security.authz.interceptor.FieldAndDocumentLevelSecurityRequestInterceptor.intercept(FieldAndDocumentLevelSecurityRequestInterceptor.java:85) [x-pack-security-7.17.10.jar:7.17.10]",
"at org.elasticsearch.xpack.security.authz.interceptor.SearchRequestInterceptor.intercept(SearchRequestInterceptor.java:26) [x-pack-security-7.17.10.jar:7.17.10]",
"at org.elasticsearch.xpack.security.authz.AuthorizationService$1.onResponse(AuthorizationService.java:572) [x-pack-security-7.17.10.jar:7.17.10]",
"at org.elasticsearch.xpack.security.authz.AuthorizationService$1.onResponse(AuthorizationService.java:568) [x-pack-security-7.17.10.jar:7.17.10]",
"at org.elasticsearch.xpack.security.authz.interceptor.FieldAndDocumentLevelSecurityRequestInterceptor.intercept(FieldAndDocumentLevelSecurityRequestInterceptor.java:85) [x-pack-security-7.17.10.jar:7.17.10]",
"at org.elasticsearch.xpack.security.authz.interceptor.UpdateRequestInterceptor.intercept(UpdateRequestInterceptor.java:27) [x-pack-security-7.17.10.jar:7.17.10]",
"at org.elasticsearch.xpack.security.authz.AuthorizationService$1.onResponse(AuthorizationService.java:572) [x-pack-security-7.17.10.jar:7.17.10]",
"at org.elasticsearch.xpack.security.authz.AuthorizationService$1.onResponse(AuthorizationService.java:568) [x-pack-security-7.17.10.jar:7.17.10]",
"at org.elasticsearch.xpack.security.authz.interceptor.FieldAndDocumentLevelSecurityRequestInterceptor.intercept(FieldAndDocumentLevelSecurityRequestInterceptor.java:85) [x-pack-security-7.17.10.jar:7.17.10]",
"at org.elasticsearch.xpack.security.authz.interceptor.ShardSearchRequestInterceptor.intercept(ShardSearchRequestInterceptor.java:26) [x-pack-security-7.17.10.jar:7.17.10]",
"at org.elasticsearch.xpack.security.authz.AuthorizationService$1.onResponse(AuthorizationService.java:572) [x-pack-security-7.17.10.jar:7.17.10]",
"at org.elasticsearch.xpack.security.authz.AuthorizationService$1.onResponse(AuthorizationService.java:568) [x-pack-security-7.17.10.jar:7.17.10]",
"at org.elasticsearch.xpack.security.authz.interceptor.BulkShardRequestInterceptor.intercept(BulkShardRequestInterceptor.java:87) [x-pack-security-7.17.10.jar:7.17.10]",
"at org.elasticsearch.xpack.security.authz.AuthorizationService$1.onResponse(AuthorizationService.java:572) [x-pack-security-7.17.10.jar:7.17.10]",
"at org.elasticsearch.xpack.security.authz.AuthorizationService$1.onResponse(AuthorizationService.java:568) [x-pack-security-7.17.10.jar:7.17.10]",
"at org.elasticsearch.xpack.security.authz.interceptor.IndicesAliasesRequestInterceptor.intercept(IndicesAliasesRequestInterceptor.java:128) [x-pack-security-7.17.10.jar:7.17.10]",
"at org.elasticsearch.xpack.security.authz.AuthorizationService$1.onResponse(AuthorizationService.java:572) [x-pack-security-7.17.10.jar:7.17.10]",
"at org.elasticsearch.xpack.security.authz.AuthorizationService$1.onResponse(AuthorizationService.java:568) [x-pack-security-7.17.10.jar:7.17.10]",
"at org.elasticsearch.xpack.security.authz.interceptor.ResizeRequestInterceptor.intercept(ResizeRequestInterceptor.java:103) [x-pack-security-7.17.10.jar:7.17.10]",
"at org.elasticsearch.xpack.security.authz.AuthorizationService.runRequestInterceptors(AuthorizationService.java:568) [x-pack-security-7.17.10.jar:7.17.10]",
"at org.elasticsearch.xpack.security.authz.AuthorizationService.handleIndexActionAuthorizationResult(AuthorizationService.java:553) [x-pack-security-7.17.10.jar:7.17.10]",
"at org.elasticsearch.xpack.security.authz.AuthorizationService.lambda$authorizeAction$9(AuthorizationService.java:447) [x-pack-security-7.17.10.jar:7.17.10]",
"at org.elasticsearch.xpack.security.authz.AuthorizationService$AuthorizationResultListener.onResponse(AuthorizationService.java:964) [x-pack-security-7.17.10.jar:7.17.10]",
"at org.elasticsearch.xpack.security.authz.AuthorizationService$AuthorizationResultListener.onResponse(AuthorizationService.java:928) [x-pack-security-7.17.10.jar:7.17.10]",
"at org.elasticsearch.action.support.ContextPreservingActionListener.onResponse(ContextPreservingActionListener.java:31) [elasticsearch-7.17.10.jar:7.17.10]",
"at org.elasticsearch.xpack.security.authz.RBACEngine.lambda$authorizeIndexAction$4(RBACEngine.java:388) [x-pack-security-7.17.10.jar:7.17.10]",
"at org.elasticsearch.action.ActionListener$1.onResponse(ActionListener.java:136) [elasticsearch-7.17.10.jar:7.17.10]",
"at org.elasticsearch.common.util.concurrent.ListenableFuture.notifyListenerDirectly(ListenableFuture.java:113) [elasticsearch-7.17.10.jar:7.17.10]",
"at org.elasticsearch.common.util.concurrent.ListenableFuture.addListener(ListenableFuture.java:55) [elasticsearch-7.17.10.jar:7.17.10]",
"at org.elasticsearch.common.util.concurrent.ListenableFuture.addListener(ListenableFuture.java:41) [elasticsearch-7.17.10.jar:7.17.10]",
"at org.elasticsearch.xpack.security.authz.AuthorizationService$CachingAsyncSupplier.getAsync(AuthorizationService.java:1012) [x-pack-security-7.17.10.jar:7.17.10]",
"at org.elasticsearch.xpack.security.authz.RBACEngine.authorizeIndexAction(RBACEngine.java:380) [x-pack-security-7.17.10.jar:7.17.10]",
"at org.elasticsearch.xpack.security.authz.AuthorizationService.authorizeAction(AuthorizationService.java:440) [x-pack-security-7.17.10.jar:7.17.10]",
"at org.elasticsearch.xpack.security.authz.AuthorizationService.maybeAuthorizeRunAs(AuthorizationService.java:377) [x-pack-security-7.17.10.jar:7.17.10]",
"at org.elasticsearch.xpack.security.authz.AuthorizationService.lambda$authorize$1(AuthorizationService.java:262) [x-pack-security-7.17.10.jar:7.17.10]",
"at org.elasticsearch.action.ActionListener$1.onResponse(ActionListener.java:136) [elasticsearch-7.17.10.jar:7.17.10]",
"at org.elasticsearch.action.support.ContextPreservingActionListener.onResponse(ContextPreservingActionListener.java:31) [elasticsearch-7.17.10.jar:7.17.10]",
"at org.elasticsearch.xpack.security.authz.RBACEngine.lambda$resolveAuthorizationInfo$1(RBACEngine.java:148) [x-pack-security-7.17.10.jar:7.17.10]",
"at org.elasticsearch.action.ActionListener$1.onResponse(ActionListener.java:136) [elasticsearch-7.17.10.jar:7.17.10]",
"at org.elasticsearch.xpack.security.authz.store.CompositeRolesStore.getRoles(CompositeRolesStore.java:277) [x-pack-security-7.17.10.jar:7.17.10]",
"at org.elasticsearch.xpack.security.authz.RBACEngine.getRoles(RBACEngine.java:154) [x-pack-security-7.17.10.jar:7.17.10]",
"at org.elasticsearch.xpack.security.authz.RBACEngine.resolveAuthorizationInfo(RBACEngine.java:137) [x-pack-security-7.17.10.jar:7.17.10]",
"at org.elasticsearch.xpack.security.authz.AuthorizationService.authorize(AuthorizationService.java:264) [x-pack-security-7.17.10.jar:7.17.10]",
"at org.elasticsearch.xpack.security.transport.ServerTransportFilter$NodeProfile.lambda$inbound$1(ServerTransportFilter.java:136) [x-pack-security-7.17.10.jar:7.17.10]",
"at org.elasticsearch.action.ActionListener$1.onResponse(ActionListener.java:136) [elasticsearch-7.17.10.jar:7.17.10]",
"at org.elasticsearch.action.ActionListener$MappedActionListener.onResponse(ActionListener.java:101) [elasticsearch-7.17.10.jar:7.17.10]",
"at org.elasticsearch.xpack.security.authc.AuthenticatorChain.authenticateAsync(AuthenticatorChain.java:102) [x-pack-security-7.17.10.jar:7.17.10]",
"at org.elasticsearch.xpack.security.authc.AuthenticationService.authenticate(AuthenticationService.java:199) [x-pack-security-7.17.10.jar:7.17.10]",
"at org.elasticsearch.xpack.security.transport.ServerTransportFilter$NodeProfile.inbound(ServerTransportFilter.java:128) [x-pack-security-7.17.10.jar:7.17.10]",
"at org.elasticsearch.xpack.security.transport.SecurityServerTransportInterceptor$ProfileSecuredRequestHandler.messageReceived(SecurityServerTransportInterceptor.java:415) [x-pack-security-7.17.10.jar:7.17.10]",
"at org.elasticsearch.transport.RequestHandlerRegistry.processMessageReceived(RequestHandlerRegistry.java:67) [elasticsearch-7.17.10.jar:7.17.10]",
"at org.elasticsearch.transport.TransportService.sendLocalRequest(TransportService.java:1037) [elasticsearch-7.17.10.jar:7.17.10]",
"at org.elasticsearch.transport.TransportService.access$100(TransportService.java:66) [elasticsearch-7.17.10.jar:7.17.10]",
"at org.elasticsearch.transport.TransportService$3.sendRequest(TransportService.java:143) [elasticsearch-7.17.10.jar:7.17.10]",
"at org.elasticsearch.transport.TransportService.sendRequestInternal(TransportService.java:975) [elasticsearch-7.17.10.jar:7.17.10]",
"at org.elasticsearch.xpack.security.transport.SecurityServerTransportInterceptor.sendWithUser(SecurityServerTransportInterceptor.java:206) [x-pack-security-7.17.10.jar:7.17.10]",
"at org.elasticsearch.xpack.security.transport.SecurityServerTransportInterceptor.access$300(SecurityServerTransportInterceptor.java:53) [x-pack-security-7.17.10.jar:7.17.10]",
"at org.elasticsearch.xpack.security.transport.SecurityServerTransportInterceptor$1.sendRequest(SecurityServerTransportInterceptor.java:167) [x-pack-security-7.17.10.jar:7.17.10]",
"at org.elasticsearch.transport.TransportService.sendRequest(TransportService.java:874) [elasticsearch-7.17.10.jar:7.17.10]",
"at org.elasticsearch.transport.TransportService.sendChildRequest(TransportService.java:937) [elasticsearch-7.17.10.jar:7.17.10]",
"at org.elasticsearch.transport.TransportService.sendChildRequest(TransportService.java:925) [elasticsearch-7.17.10.jar:7.17.10]",
"at org.elasticsearch.action.search.TransportOpenPointInTimeAction.lambda$doExecute$0(TransportOpenPointInTimeAction.java:102) [elasticsearch-7.17.10.jar:7.17.10]",
"at org.elasticsearch.action.search.TransportSearchAction$1$1.executePhaseOnShard(TransportSearchAction.java:347) [elasticsearch-7.17.10.jar:7.17.10]",
"at org.elasticsearch.action.search.AbstractSearchAsyncAction.lambda$performPhaseOnShard$3(AbstractSearchAsyncAction.java:316) [elasticsearch-7.17.10.jar:7.17.10]",
"at org.elasticsearch.action.search.AbstractSearchAsyncAction.performPhaseOnShard(AbstractSearchAsyncAction.java:352) [elasticsearch-7.17.10.jar:7.17.10]",
"at org.elasticsearch.action.search.AbstractSearchAsyncAction.run(AbstractSearchAsyncAction.java:244) [elasticsearch-7.17.10.jar:7.17.10]",
"at org.elasticsearch.action.search.AbstractSearchAsyncAction.executePhase(AbstractSearchAsyncAction.java:454) [elasticsearch-7.17.10.jar:7.17.10]",
"at org.elasticsearch.action.search.AbstractSearchAsyncAction.start(AbstractSearchAsyncAction.java:199) [elasticsearch-7.17.10.jar:7.17.10]",
"at org.elasticsearch.action.search.TransportSearchAction.executeSearch(TransportSearchAction.java:1048) [elasticsearch-7.17.10.jar:7.17.10]",
"at org.elasticsearch.action.search.TransportSearchAction.executeLocalSearch(TransportSearchAction.java:763) [elasticsearch-7.17.10.jar:7.17.10]",
"at org.elasticsearch.action.search.TransportSearchAction.lambda$executeRequest$6(TransportSearchAction.java:399) [elasticsearch-7.17.10.jar:7.17.10]",
"at org.elasticsearch.action.ActionListener$1.onResponse(ActionListener.java:136) [elasticsearch-7.17.10.jar:7.17.10]",
"at org.elasticsearch.index.query.Rewriteable.rewriteAndFetch(Rewriteable.java:112) [elasticsearch-7.17.10.jar:7.17.10]",
"at org.elasticsearch.index.query.Rewriteable.rewriteAndFetch(Rewriteable.java:77) [elasticsearch-7.17.10.jar:7.17.10]",
"at org.elasticsearch.action.search.TransportSearchAction.executeRequest(TransportSearchAction.java:487) [elasticsearch-7.17.10.jar:7.17.10]",
"at org.elasticsearch.action.search.TransportSearchAction.executeRequest(TransportSearchAction.java:305) [elasticsearch-7.17.10.jar:7.17.10]",
"at org.elasticsearch.action.search.TransportOpenPointInTimeAction.doExecute(TransportOpenPointInTimeAction.java:91) [elasticsearch-7.17.10.jar:7.17.10]",
"at org.elasticsearch.action.search.TransportOpenPointInTimeAction.doExecute(TransportOpenPointInTimeAction.java:39) [elasticsearch-7.17.10.jar:7.17.10]",
"at org.elasticsearch.action.support.TransportAction$RequestFilterChain.proceed(TransportAction.java:186) [elasticsearch-7.17.10.jar:7.17.10]",
"at org.elasticsearch.xpack.security.action.filter.SecurityActionFilter.lambda$applyInternal$3(SecurityActionFilter.java:190) [x-pack-security-7.17.10.jar:7.17.10]",
"at org.elasticsearch.action.ActionListener$DelegatingFailureActionListener.onResponse(ActionListener.java:219) [elasticsearch-7.17.10.jar:7.17.10]",
"at org.elasticsearch.xpack.security.authz.AuthorizationService$1.onResponse(AuthorizationService.java:574) [x-pack-security-7.17.10.jar:7.17.10]",
"at org.elasticsearch.xpack.security.authz.AuthorizationService$1.onResponse(AuthorizationService.java:568) [x-pack-security-7.17.10.jar:7.17.10]",
"at org.elasticsearch.xpack.security.authz.interceptor.DlsFlsLicenseRequestInterceptor.intercept(DlsFlsLicenseRequestInterceptor.java:100) [x-pack-security-7.17.10.jar:7.17.10]",
"at org.elasticsearch.xpack.security.authz.AuthorizationService$1.onResponse(AuthorizationService.java:572) [x-pack-security-7.17.10.jar:7.17.10]",
"at org.elasticsearch.xpack.security.authz.AuthorizationService$1.onResponse(AuthorizationService.java:568) [x-pack-security-7.17.10.jar:7.17.10]",
"at org.elasticsearch.xpack.security.authz.interceptor.FieldAndDocumentLevelSecurityRequestInterceptor.intercept(FieldAndDocumentLevelSecurityRequestInterceptor.java:85) [x-pack-security-7.17.10.jar:7.17.10]",
"at org.elasticsearch.xpack.security.authz.interceptor.SearchRequestInterceptor.intercept(SearchRequestInterceptor.java:26) [x-pack-security-7.17.10.jar:7.17.10]",
"at org.elasticsearch.xpack.security.authz.AuthorizationService$1.onResponse(AuthorizationService.java:572) [x-pack-security-7.17.10.jar:7.17.10]",
"at org.elasticsearch.xpack.security.authz.AuthorizationService$1.onResponse(AuthorizationService.java:568) [x-pack-security-7.17.10.jar:7.17.10]",
"at org.elasticsearch.xpack.security.authz.interceptor.FieldAndDocumentLevelSecurityRequestInterceptor.intercept(FieldAndDocumentLevelSecurityRequestInterceptor.java:85) [x-pack-security-7.17.10.jar:7.17.10]",
"at org.elasticsearch.xpack.security.authz.interceptor.UpdateRequestInterceptor.intercept(UpdateRequestInterceptor.java:27) [x-pack-security-7.17.10.jar:7.17.10]",
"at org.elasticsearch.xpack.security.authz.AuthorizationService$1.onResponse(AuthorizationService.java:572) [x-pack-security-7.17.10.jar:7.17.10]",
"at org.elasticsearch.xpack.security.authz.AuthorizationService$1.onResponse(AuthorizationService.java:568) [x-pack-security-7.17.10.jar:7.17.10]",
"at org.elasticsearch.xpack.security.authz.interceptor.FieldAndDocumentLevelSecurityRequestInterceptor.intercept(FieldAndDocumentLevelSecurityRequestInterceptor.java:85) [x-pack-security-7.17.10.jar:7.17.10]",
"at org.elasticsearch.xpack.security.authz.interceptor.ShardSearchRequestInterceptor.intercept(ShardSearchRequestInterceptor.java:26) [x-pack-security-7.17.10.jar:7.17.10]",
"at org.elasticsearch.xpack.security.authz.AuthorizationService$1.onResponse(AuthorizationService.java:572) [x-pack-security-7.17.10.jar:7.17.10]",
"at org.elasticsearch.xpack.security.authz.AuthorizationService$1.onResponse(AuthorizationService.java:568) [x-pack-security-7.17.10.jar:7.17.10]",
"at org.elasticsearch.xpack.security.authz.interceptor.BulkShardRequestInterceptor.intercept(BulkShardRequestInterceptor.java:87) [x-pack-security-7.17.10.jar:7.17.10]",
"at org.elasticsearch.xpack.security.authz.AuthorizationService$1.onResponse(AuthorizationService.java:572) [x-pack-security-7.17.10.jar:7.17.10]",
"at org.elasticsearch.xpack.security.authz.AuthorizationService$1.onResponse(AuthorizationService.java:568) [x-pack-security-7.17.10.jar:7.17.10]",
"at org.elasticsearch.xpack.security.authz.interceptor.IndicesAliasesRequestInterceptor.intercept(IndicesAliasesRequestInterceptor.java:128) [x-pack-security-7.17.10.jar:7.17.10]",
"at org.elasticsearch.xpack.security.authz.AuthorizationService$1.onResponse(AuthorizationService.java:572) [x-pack-security-7.17.10.jar:7.17.10]",
"at org.elasticsearch.xpack.security.authz.AuthorizationService$1.onResponse(AuthorizationService.java:568) [x-pack-security-7.17.10.jar:7.17.10]",
"at org.elasticsearch.xpack.security.authz.interceptor.ResizeRequestInterceptor.intercept(ResizeRequestInterceptor.java:103) [x-pack-security-7.17.10.jar:7.17.10]",
"at org.elasticsearch.xpack.security.authz.AuthorizationService.runRequestInterceptors(AuthorizationService.java:568) [x-pack-security-7.17.10.jar:7.17.10]",
"at org.elasticsearch.xpack.security.authz.AuthorizationService.handleIndexActionAuthorizationResult(AuthorizationService.java:553) [x-pack-security-7.17.10.jar:7.17.10]",
"at org.elasticsearch.xpack.security.authz.AuthorizationService.lambda$authorizeAction$9(AuthorizationService.java:447) [x-pack-security-7.17.10.jar:7.17.10]",
"at org.elasticsearch.xpack.security.authz.AuthorizationService$AuthorizationResultListener.onResponse(AuthorizationService.java:964) [x-pack-security-7.17.10.jar:7.17.10]",
"at org.elasticsearch.xpack.security.authz.AuthorizationService$AuthorizationResultListener.onResponse(AuthorizationService.java:928) [x-pack-security-7.17.10.jar:7.17.10]",
"at org.elasticsearch.action.support.ContextPreservingActionListener.onResponse(ContextPreservingActionListener.java:31) [elasticsearch-7.17.10.jar:7.17.10]",
"at org.elasticsearch.xpack.security.authz.RBACEngine.lambda$authorizeIndexAction$3(RBACEngine.java:362) [x-pack-security-7.17.10.jar:7.17.10]",
"at org.elasticsearch.action.ActionListener$1.onResponse(ActionListener.java:136) [elasticsearch-7.17.10.jar:7.17.10]",
"at org.elasticsearch.common.util.concurrent.ListenableFuture.notifyListenerDirectly(ListenableFuture.java:113) [elasticsearch-7.17.10.jar:7.17.10]",
"at org.elasticsearch.common.util.concurrent.ListenableFuture.addListener(ListenableFuture.java:55) [elasticsearch-7.17.10.jar:7.17.10]",
"at org.elasticsearch.common.util.concurrent.ListenableFuture.addListener(ListenableFuture.java:41) [elasticsearch-7.17.10.jar:7.17.10]",
"at org.elasticsearch.xpack.security.authz.AuthorizationService$CachingAsyncSupplier.getAsync(AuthorizationService.java:1012) [x-pack-security-7.17.10.jar:7.17.10]",
"at org.elasticsearch.xpack.security.authz.RBACEngine.authorizeIndexAction(RBACEngine.java:353) [x-pack-security-7.17.10.jar:7.17.10]",
"at org.elasticsearch.xpack.security.authz.AuthorizationService.authorizeAction(AuthorizationService.java:440) [x-pack-security-7.17.10.jar:7.17.10]",
"at org.elasticsearch.xpack.security.authz.AuthorizationService.maybeAuthorizeRunAs(AuthorizationService.java:377) [x-pack-security-7.17.10.jar:7.17.10]",
"at org.elasticsearch.xpack.security.authz.AuthorizationService.lambda$authorize$1(AuthorizationService.java:262) [x-pack-security-7.17.10.jar:7.17.10]",
"at org.elasticsearch.action.ActionListener$1.onResponse(ActionListener.java:136) [elasticsearch-7.17.10.jar:7.17.10]",
"at org.elasticsearch.action.support.ContextPreservingActionListener.onResponse(ContextPreservingActionListener.java:31) [elasticsearch-7.17.10.jar:7.17.10]",
"at org.elasticsearch.xpack.security.authz.RBACEngine.lambda$resolveAuthorizationInfo$1(RBACEngine.java:148) [x-pack-security-7.17.10.jar:7.17.10]",
"at org.elasticsearch.action.ActionListener$1.onResponse(ActionListener.java:136) [elasticsearch-7.17.10.jar:7.17.10]",
"at org.elasticsearch.xpack.security.authz.store.CompositeRolesStore.getRoles(CompositeRolesStore.java:277) [x-pack-security-7.17.10.jar:7.17.10]",
"at org.elasticsearch.xpack.security.authz.RBACEngine.getRoles(RBACEngine.java:154) [x-pack-security-7.17.10.jar:7.17.10]",
"at org.elasticsearch.xpack.security.authz.RBACEngine.resolveAuthorizationInfo(RBACEngine.java:137) [x-pack-security-7.17.10.jar:7.17.10]",
"at org.elasticsearch.xpack.security.authz.AuthorizationService.authorize(AuthorizationService.java:264) [x-pack-security-7.17.10.jar:7.17.10]",
"at org.elasticsearch.xpack.security.action.filter.SecurityActionFilter.lambda$applyInternal$4(SecurityActionFilter.java:186) [x-pack-security-7.17.10.jar:7.17.10]",
"at org.elasticsearch.action.ActionListener$1.onResponse(ActionListener.java:136) [elasticsearch-7.17.10.jar:7.17.10]",
"at org.elasticsearch.action.ActionListener$MappedActionListener.onResponse(ActionListener.java:101) [elasticsearch-7.17.10.jar:7.17.10]",
"at org.elasticsearch.xpack.security.authc.AuthenticatorChain.authenticateAsync(AuthenticatorChain.java:102) [x-pack-security-7.17.10.jar:7.17.10]",
"at org.elasticsearch.xpack.security.authc.AuthenticationService.authenticate(AuthenticationService.java:171) [x-pack-security-7.17.10.jar:7.17.10]",
"at org.elasticsearch.xpack.security.action.filter.SecurityActionFilter.applyInternal(SecurityActionFilter.java:182) [x-pack-security-7.17.10.jar:7.17.10]",
"at org.elasticsearch.xpack.security.action.filter.SecurityActionFilter.apply(SecurityActionFilter.java:124) [x-pack-security-7.17.10.jar:7.17.10]",
"at org.elasticsearch.action.support.TransportAction$RequestFilterChain.proceed(TransportAction.java:184) [elasticsearch-7.17.10.jar:7.17.10]",
"at org.elasticsearch.action.support.TransportAction.execute(TransportAction.java:161) [elasticsearch-7.17.10.jar:7.17.10]",
"at org.elasticsearch.action.support.TransportAction.execute(TransportAction.java:82) [elasticsearch-7.17.10.jar:7.17.10]",
"at org.elasticsearch.client.node.NodeClient.executeLocally(NodeClient.java:95) [elasticsearch-7.17.10.jar:7.17.10]",
"at org.elasticsearch.client.node.NodeClient.doExecute(NodeClient.java:73) [elasticsearch-7.17.10.jar:7.17.10]",
"at org.elasticsearch.client.support.AbstractClient.execute(AbstractClient.java:407) [elasticsearch-7.17.10.jar:7.17.10]",
"at org.elasticsearch.action.search.RestOpenPointInTimeAction.lambda$prepareRequest$0(RestOpenPointInTimeAction.java:45) [elasticsearch-7.17.10.jar:7.17.10]",
"at org.elasticsearch.rest.BaseRestHandler.handleRequest(BaseRestHandler.java:109) [elasticsearch-7.17.10.jar:7.17.10]",
"at org.elasticsearch.xpack.security.rest.SecurityRestFilter.lambda$handleRequest$0(SecurityRestFilter.java:90) [x-pack-security-7.17.10.jar:7.17.10]",
"at org.elasticsearch.action.ActionListener$1.onResponse(ActionListener.java:136) [elasticsearch-7.17.10.jar:7.17.10]",
"at org.elasticsearch.xpack.security.authc.support.SecondaryAuthenticator.lambda$authenticateAndAttachToContext$2(SecondaryAuthenticator.java:84) [x-pack-security-7.17.10.jar:7.17.10]",
"at org.elasticsearch.action.ActionListener$1.onResponse(ActionListener.java:136) [elasticsearch-7.17.10.jar:7.17.10]",
"at org.elasticsearch.xpack.security.authc.support.SecondaryAuthenticator.authenticate(SecondaryAuthenticator.java:94) [x-pack-security-7.17.10.jar:7.17.10]",
"at org.elasticsearch.xpack.security.authc.support.SecondaryAuthenticator.authenticateAndAttachToContext(SecondaryAuthenticator.java:78) [x-pack-security-7.17.10.jar:7.17.10]",
"at org.elasticsearch.xpack.security.rest.SecurityRestFilter.lambda$handleRequest$2(SecurityRestFilter.java:85) [x-pack-security-7.17.10.jar:7.17.10]",
"at org.elasticsearch.action.ActionListener$1.onResponse(ActionListener.java:136) [elasticsearch-7.17.10.jar:7.17.10]",
"at org.elasticsearch.action.ActionListener$MappedActionListener.onResponse(ActionListener.java:101) [elasticsearch-7.17.10.jar:7.17.10]",
"at org.elasticsearch.action.ActionListener$RunBeforeActionListener.onResponse(ActionListener.java:389) [elasticsearch-7.17.10.jar:7.17.10]",
"at org.elasticsearch.xpack.security.authc.AuthenticatorChain.writeAuthToContext(AuthenticatorChain.java:376) [x-pack-security-7.17.10.jar:7.17.10]",
"at org.elasticsearch.xpack.security.authc.AuthenticatorChain.finishAuthentication(AuthenticatorChain.java:352) [x-pack-security-7.17.10.jar:7.17.10]",
"at org.elasticsearch.xpack.security.authc.AuthenticatorChain.maybeLookupRunAsUser(AuthenticatorChain.java:205) [x-pack-security-7.17.10.jar:7.17.10]",
"at org.elasticsearch.xpack.security.authc.AuthenticatorChain.lambda$doAuthenticate$1(AuthenticatorChain.java:128) [x-pack-security-7.17.10.jar:7.17.10]",
"at org.elasticsearch.action.ActionListener$1.onResponse(ActionListener.java:136) [elasticsearch-7.17.10.jar:7.17.10]",
"at org.elasticsearch.xpack.core.common.IteratingActionListener.onResponse(IteratingActionListener.java:141) [x-pack-core-7.17.10.jar:7.17.10]",
"at org.elasticsearch.xpack.security.authc.AuthenticatorChain.lambda$getAuthenticatorConsumer$3(AuthenticatorChain.java:175) [x-pack-security-7.17.10.jar:7.17.10]",
"at org.elasticsearch.action.ActionListener$1.onResponse(ActionListener.java:136) [elasticsearch-7.17.10.jar:7.17.10]",
"at org.elasticsearch.xpack.security.authc.RealmsAuthenticator.lambda$consumeToken$3(RealmsAuthenticator.java:219) [x-pack-security-7.17.10.jar:7.17.10]",
"at org.elasticsearch.action.ActionListener$1.onResponse(ActionListener.java:136) [elasticsearch-7.17.10.jar:7.17.10]",
"at org.elasticsearch.action.support.ContextPreservingActionListener.onResponse(ContextPreservingActionListener.java:31) [elasticsearch-7.17.10.jar:7.17.10]",
"at org.elasticsearch.xpack.core.common.IteratingActionListener.onResponse(IteratingActionListener.java:141) [x-pack-core-7.17.10.jar:7.17.10]",
"at org.elasticsearch.xpack.security.authc.RealmsAuthenticator.lambda$consumeToken$0(RealmsAuthenticator.java:164) [x-pack-security-7.17.10.jar:7.17.10]",
"at org.elasticsearch.action.ActionListener$1.onResponse(ActionListener.java:136) [elasticsearch-7.17.10.jar:7.17.10]",
"at org.elasticsearch.xpack.security.authc.support.CachingUsernamePasswordRealm.lambda$authenticateWithCache$1(CachingUsernamePasswordRealm.java:155) [x-pack-security-7.17.10.jar:7.17.10]",
"at org.elasticsearch.action.ActionListener$1.onResponse(ActionListener.java:136) [elasticsearch-7.17.10.jar:7.17.10]",
"at org.elasticsearch.xpack.security.authc.support.CachingUsernamePasswordRealm.handleCachedAuthentication(CachingUsernamePasswordRealm.java:242) [x-pack-security-7.17.10.jar:7.17.10]",
"at org.elasticsearch.xpack.security.authc.support.CachingUsernamePasswordRealm.lambda$authenticateWithCache$2(CachingUsernamePasswordRealm.java:139) [x-pack-security-7.17.10.jar:7.17.10]",
"at org.elasticsearch.action.ActionListener$1.onResponse(ActionListener.java:136) [elasticsearch-7.17.10.jar:7.17.10]",
"at org.elasticsearch.common.util.concurrent.ListenableFuture.notifyListenerDirectly(ListenableFuture.java:113) [elasticsearch-7.17.10.jar:7.17.10]",
"at org.elasticsearch.common.util.concurrent.ListenableFuture.addListener(ListenableFuture.java:55) [elasticsearch-7.17.10.jar:7.17.10]",
"at org.elasticsearch.xpack.security.authc.support.CachingUsernamePasswordRealm.authenticateWithCache(CachingUsernamePasswordRealm.java:134) [x-pack-security-7.17.10.jar:7.17.10]",
"at org.elasticsearch.xpack.security.authc.support.CachingUsernamePasswordRealm.authenticate(CachingUsernamePasswordRealm.java:105) [x-pack-security-7.17.10.jar:7.17.10]",
"at org.elasticsearch.xpack.security.authc.RealmsAuthenticator.lambda$consumeToken$2(RealmsAuthenticator.java:148) [x-pack-security-7.17.10.jar:7.17.10]",
"at org.elasticsearch.xpack.core.common.IteratingActionListener.run(IteratingActionListener.java:117) [x-pack-core-7.17.10.jar:7.17.10]",
"at org.elasticsearch.xpack.security.authc.RealmsAuthenticator.consumeToken(RealmsAuthenticator.java:233) [x-pack-security-7.17.10.jar:7.17.10]",
"at org.elasticsearch.xpack.security.authc.RealmsAuthenticator.authenticate(RealmsAuthenticator.java:84) [x-pack-security-7.17.10.jar:7.17.10]",
"at org.elasticsearch.xpack.security.authc.AuthenticatorChain.lambda$getAuthenticatorConsumer$5(AuthenticatorChain.java:171) [x-pack-security-7.17.10.jar:7.17.10]",
"at org.elasticsearch.xpack.core.common.IteratingActionListener.onResponse(IteratingActionListener.java:135) [x-pack-core-7.17.10.jar:7.17.10]",
"at org.elasticsearch.xpack.security.authc.AuthenticatorChain.lambda$getAuthenticatorConsumer$5(AuthenticatorChain.java:165) [x-pack-security-7.17.10.jar:7.17.10]",
"at org.elasticsearch.xpack.core.common.IteratingActionListener.onResponse(IteratingActionListener.java:135) [x-pack-core-7.17.10.jar:7.17.10]",
"at org.elasticsearch.xpack.security.authc.AuthenticatorChain.lambda$getAuthenticatorConsumer$5(AuthenticatorChain.java:165) [x-pack-security-7.17.10.jar:7.17.10]",
"at org.elasticsearch.xpack.core.common.IteratingActionListener.onResponse(IteratingActionListener.java:135) [x-pack-core-7.17.10.jar:7.17.10]",
"at org.elasticsearch.xpack.security.authc.AuthenticatorChain.lambda$getAuthenticatorConsumer$5(AuthenticatorChain.java:165) [x-pack-security-7.17.10.jar:7.17.10]",
"at org.elasticsearch.xpack.core.common.IteratingActionListener.run(IteratingActionListener.java:117) [x-pack-core-7.17.10.jar:7.17.10]",
"at org.elasticsearch.xpack.security.authc.AuthenticatorChain.doAuthenticate(AuthenticatorChain.java:143) [x-pack-security-7.17.10.jar:7.17.10]",
"at org.elasticsearch.xpack.security.authc.AuthenticatorChain.authenticateAsync(AuthenticatorChain.java:104) [x-pack-security-7.17.10.jar:7.17.10]",
"at org.elasticsearch.xpack.security.authc.AuthenticationService.authenticate(AuthenticationService.java:149) [x-pack-security-7.17.10.jar:7.17.10]",
"at org.elasticsearch.xpack.security.authc.AuthenticationService.authenticate(AuthenticationService.java:127) [x-pack-security-7.17.10.jar:7.17.10]",
"at org.elasticsearch.xpack.security.rest.SecurityRestFilter.handleRequest(SecurityRestFilter.java:79) [x-pack-security-7.17.10.jar:7.17.10]",
"at org.elasticsearch.rest.RestController.dispatchRequest(RestController.java:337) [elasticsearch-7.17.10.jar:7.17.10]",
"at org.elasticsearch.rest.RestController.tryAllHandlers(RestController.java:403) [elasticsearch-7.17.10.jar:7.17.10]",
"at org.elasticsearch.rest.RestController.dispatchRequest(RestController.java:255) [elasticsearch-7.17.10.jar:7.17.10]",
"at org.elasticsearch.http.AbstractHttpServerTransport.dispatchRequest(AbstractHttpServerTransport.java:382) [elasticsearch-7.17.10.jar:7.17.10]",
"at org.elasticsearch.http.AbstractHttpServerTransport.handleIncomingRequest(AbstractHttpServerTransport.java:461) [elasticsearch-7.17.10.jar:7.17.10]",
"at org.elasticsearch.http.AbstractHttpServerTransport.incomingRequest(AbstractHttpServerTransport.java:357) [elasticsearch-7.17.10.jar:7.17.10]",
"at org.elasticsearch.http.netty4.Netty4HttpRequestHandler.channelRead0(Netty4HttpRequestHandler.java:35) [transport-netty4-client-7.17.10.jar:7.17.10]",
"at org.elasticsearch.http.netty4.Netty4HttpRequestHandler.channelRead0(Netty4HttpRequestHandler.java:19) [transport-netty4-client-7.17.10.jar:7.17.10]",
"at io.netty.channel.SimpleChannelInboundHandler.channelRead(SimpleChannelInboundHandler.java:99) [netty-transport-4.1.66.Final.jar:4.1.66.Final]",
"at io.netty.channel.AbstractChannelHandlerContext.invokeChannelRead(AbstractChannelHandlerContext.java:379) [netty-transport-4.1.66.Final.jar:4.1.66.Final]",
"at io.netty.channel.AbstractChannelHandlerContext.invokeChannelRead(AbstractChannelHandlerContext.java:365) [netty-transport-4.1.66.Final.jar:4.1.66.Final]",
"at io.netty.channel.AbstractChannelHandlerContext.fireChannelRead(AbstractChannelHandlerContext.java:357) [netty-transport-4.1.66.Final.jar:4.1.66.Final]",
"at org.elasticsearch.http.netty4.Netty4HttpPipeliningHandler.channelRead(Netty4HttpPipeliningHandler.java:48) [transport-netty4-client-7.17.10.jar:7.17.10]",
"at io.netty.channel.AbstractChannelHandlerContext.invokeChannelRead(AbstractChannelHandlerContext.java:379) [netty-transport-4.1.66.Final.jar:4.1.66.Final]",
"at io.netty.channel.AbstractChannelHandlerContext.invokeChannelRead(AbstractChannelHandlerContext.java:365) [netty-transport-4.1.66.Final.jar:4.1.66.Final]",
"at io.netty.channel.AbstractChannelHandlerContext.fireChannelRead(AbstractChannelHandlerContext.java:357) [netty-transport-4.1.66.Final.jar:4.1.66.Final]",
"at io.netty.handler.codec.MessageToMessageDecoder.channelRead(MessageToMessageDecoder.java:103) [netty-codec-4.1.66.Final.jar:4.1.66.Final]",
"at io.netty.channel.AbstractChannelHandlerContext.invokeChannelRead(AbstractChannelHandlerContext.java:379) [netty-transport-4.1.66.Final.jar:4.1.66.Final]",
"at io.netty.channel.AbstractChannelHandlerContext.invokeChannelRead(AbstractChannelHandlerContext.java:365) [netty-transport-4.1.66.Final.jar:4.1.66.Final]",
"at io.netty.channel.AbstractChannelHandlerContext.fireChannelRead(AbstractChannelHandlerContext.java:357) [netty-transport-4.1.66.Final.jar:4.1.66.Final]",
"at io.netty.handler.codec.MessageToMessageDecoder.channelRead(MessageToMessageDecoder.java:103) [netty-codec-4.1.66.Final.jar:4.1.66.Final]",
"at io.netty.handler.codec.MessageToMessageCodec.channelRead(MessageToMessageCodec.java:111) [netty-codec-4.1.66.Final.jar:4.1.66.Final]",
"at io.netty.channel.AbstractChannelHandlerContext.invokeChannelRead(AbstractChannelHandlerContext.java:379) [netty-transport-4.1.66.Final.jar:4.1.66.Final]",
"at io.netty.channel.AbstractChannelHandlerContext.invokeChannelRead(AbstractChannelHandlerContext.java:365) [netty-transport-4.1.66.Final.jar:4.1.66.Final]",
"at io.netty.channel.AbstractChannelHandlerContext.fireChannelRead(AbstractChannelHandlerContext.java:357) [netty-transport-4.1.66.Final.jar:4.1.66.Final]",
"at io.netty.handler.codec.MessageToMessageDecoder.channelRead(MessageToMessageDecoder.java:103) [netty-codec-4.1.66.Final.jar:4.1.66.Final]",
"at io.netty.channel.AbstractChannelHandlerContext.invokeChannelRead(AbstractChannelHandlerContext.java:379) [netty-transport-4.1.66.Final.jar:4.1.66.Final]",
"at io.netty.channel.AbstractChannelHandlerContext.invokeChannelRead(AbstractChannelHandlerContext.java:365) [netty-transport-4.1.66.Final.jar:4.1.66.Final]",
"at io.netty.channel.AbstractChannelHandlerContext.fireChannelRead(AbstractChannelHandlerContext.java:357) [netty-transport-4.1.66.Final.jar:4.1.66.Final]",
"at io.netty.handler.codec.MessageToMessageDecoder.channelRead(MessageToMessageDecoder.java:103) [netty-codec-4.1.66.Final.jar:4.1.66.Final]",
"at io.netty.channel.AbstractChannelHandlerContext.invokeChannelRead(AbstractChannelHandlerContext.java:379) [netty-transport-4.1.66.Final.jar:4.1.66.Final]",
"at io.netty.channel.AbstractChannelHandlerContext.invokeChannelRead(AbstractChannelHandlerContext.java:365) [netty-transport-4.1.66.Final.jar:4.1.66.Final]",
"at io.netty.channel.AbstractChannelHandlerContext.fireChannelRead(AbstractChannelHandlerContext.java:357) [netty-transport-4.1.66.Final.jar:4.1.66.Final]",
"at io.netty.handler.codec.ByteToMessageDecoder.fireChannelRead(ByteToMessageDecoder.java:324) [netty-codec-4.1.66.Final.jar:4.1.66.Final]",
"at io.netty.handler.codec.ByteToMessageDecoder.channelRead(ByteToMessageDecoder.java:296) [netty-codec-4.1.66.Final.jar:4.1.66.Final]",
"at io.netty.channel.AbstractChannelHandlerContext.invokeChannelRead(AbstractChannelHandlerContext.java:379) [netty-transport-4.1.66.Final.jar:4.1.66.Final]",
"at io.netty.channel.AbstractChannelHandlerContext.invokeChannelRead(AbstractChannelHandlerContext.java:365) [netty-transport-4.1.66.Final.jar:4.1.66.Final]",
"at io.netty.channel.AbstractChannelHandlerContext.fireChannelRead(AbstractChannelHandlerContext.java:357) [netty-transport-4.1.66.Final.jar:4.1.66.Final]",
"at io.netty.handler.timeout.IdleStateHandler.channelRead(IdleStateHandler.java:286) [netty-handler-4.1.66.Final.jar:4.1.66.Final]",
"at io.netty.channel.AbstractChannelHandlerContext.invokeChannelRead(AbstractChannelHandlerContext.java:379) [netty-transport-4.1.66.Final.jar:4.1.66.Final]",
"at io.netty.channel.AbstractChannelHandlerContext.invokeChannelRead(AbstractChannelHandlerContext.java:365) [netty-transport-4.1.66.Final.jar:4.1.66.Final]",
"at io.netty.channel.AbstractChannelHandlerContext.fireChannelRead(AbstractChannelHandlerContext.java:357) [netty-transport-4.1.66.Final.jar:4.1.66.Final]",
"at io.netty.handler.codec.MessageToMessageDecoder.channelRead(MessageToMessageDecoder.java:103) [netty-codec-4.1.66.Final.jar:4.1.66.Final]",
"at io.netty.channel.AbstractChannelHandlerContext.invokeChannelRead(AbstractChannelHandlerContext.java:379) [netty-transport-4.1.66.Final.jar:4.1.66.Final]",
"at io.netty.channel.AbstractChannelHandlerContext.invokeChannelRead(AbstractChannelHandlerContext.java:365) [netty-transport-4.1.66.Final.jar:4.1.66.Final]",
"at io.netty.channel.AbstractChannelHandlerContext.fireChannelRead(AbstractChannelHandlerContext.java:357) [netty-transport-4.1.66.Final.jar:4.1.66.Final]",
"at io.netty.channel.DefaultChannelPipeline$HeadContext.channelRead(DefaultChannelPipeline.java:1410) [netty-transport-4.1.66.Final.jar:4.1.66.Final]",
"at io.netty.channel.AbstractChannelHandlerContext.invokeChannelRead(AbstractChannelHandlerContext.java:379) [netty-transport-4.1.66.Final.jar:4.1.66.Final]",
"at io.netty.channel.AbstractChannelHandlerContext.invokeChannelRead(AbstractChannelHandlerContext.java:365) [netty-transport-4.1.66.Final.jar:4.1.66.Final]",
"at io.netty.channel.DefaultChannelPipeline.fireChannelRead(DefaultChannelPipeline.java:919) [netty-transport-4.1.66.Final.jar:4.1.66.Final]",
"at io.netty.channel.nio.AbstractNioByteChannel$NioByteUnsafe.read(AbstractNioByteChannel.java:166) [netty-transport-4.1.66.Final.jar:4.1.66.Final]",
"at io.netty.channel.nio.NioEventLoop.processSelectedKey(NioEventLoop.java:719) [netty-transport-4.1.66.Final.jar:4.1.66.Final]",
"at io.netty.channel.nio.NioEventLoop.processSelectedKeysPlain(NioEventLoop.java:620) [netty-transport-4.1.66.Final.jar:4.1.66.Final]",
"at io.netty.channel.nio.NioEventLoop.processSelectedKeys(NioEventLoop.java:583) [netty-transport-4.1.66.Final.jar:4.1.66.Final]",
"at io.netty.channel.nio.NioEventLoop.run(NioEventLoop.java:493) [netty-transport-4.1.66.Final.jar:4.1.66.Final]",
"at io.netty.util.concurrent.SingleThreadEventExecutor$4.run(SingleThreadEventExecutor.java:986) [netty-common-4.1.66.Final.jar:4.1.66.Final]",
"at io.netty.util.internal.ThreadExecutorMap$2.run(ThreadExecutorMap.java:74) [netty-common-4.1.66.Final.jar:4.1.66.Final]",
"at java.lang.Thread.run(Thread.java:1623) [?:?]",
"Caused by: org.elasticsearch.action.NoShardAvailableActionException: [da38f2874e84][172.20.0.5:9300][indices:data/read/open_reader_context]",
"at org.elasticsearch.action.search.AbstractSearchAsyncAction.onShardFailure(AbstractSearchAsyncAction.java:532) ~[elasticsearch-7.17.10.jar:7.17.10]",
"at org.elasticsearch.action.search.AbstractSearchAsyncAction.onShardFailure(AbstractSearchAsyncAction.java:479) [elasticsearch-7.17.10.jar:7.17.10]",
"... 277 more"] }
{"type": "server", "timestamp": "2025-06-22T05:37:50,790Z", "level": "WARN", "component": "r.suppressed", "cluster.name": "docker-cluster", "node.name": "da38f2874e84", "message": "path: /.kibana_task_manager_7.17.10_001/_pit, params: {index=.kibana_task_manager_7.17.10_001, keep_alive=10m}", "cluster.uuid": "_K2lvHSSRx68TrSozPU3JA", "node.id": "rY5VrnGrTy6qVpywgTf0Ug" , 
"stacktrace": ["org.elasticsearch.action.search.SearchPhaseExecutionException: all shards failed",
"at org.elasticsearch.action.search.AbstractSearchAsyncAction.onPhaseFailure(AbstractSearchAsyncAction.java:713) [elasticsearch-7.17.10.jar:7.17.10]",
"at org.elasticsearch.action.search.AbstractSearchAsyncAction.executeNextPhase(AbstractSearchAsyncAction.java:400) [elasticsearch-7.17.10.jar:7.17.10]",
"at org.elasticsearch.action.search.AbstractSearchAsyncAction.onPhaseDone(AbstractSearchAsyncAction.java:745) [elasticsearch-7.17.10.jar:7.17.10]",
"at org.elasticsearch.action.search.AbstractSearchAsyncAction.onShardFailure(AbstractSearchAsyncAction.java:497) [elasticsearch-7.17.10.jar:7.17.10]",
"at org.elasticsearch.action.search.AbstractSearchAsyncAction.access$000(AbstractSearchAsyncAction.java:64) [elasticsearch-7.17.10.jar:7.17.10]",
"at org.elasticsearch.action.search.AbstractSearchAsyncAction$1.onFailure(AbstractSearchAsyncAction.java:331) [elasticsearch-7.17.10.jar:7.17.10]",
"at org.elasticsearch.action.ActionListenerResponseHandler.handleException(ActionListenerResponseHandler.java:48) [elasticsearch-7.17.10.jar:7.17.10]",
"at org.elasticsearch.transport.TransportService$4.handleException(TransportService.java:853) [elasticsearch-7.17.10.jar:7.17.10]",
"at org.elasticsearch.transport.TransportService$ContextRestoreResponseHandler.handleException(TransportService.java:1481) [elasticsearch-7.17.10.jar:7.17.10]",
"at org.elasticsearch.transport.TransportService$DirectResponseChannel.processException(TransportService.java:1607) [elasticsearch-7.17.10.jar:7.17.10]",
"at org.elasticsearch.transport.TransportService$DirectResponseChannel.sendResponse(TransportService.java:1581) [elasticsearch-7.17.10.jar:7.17.10]",
"at org.elasticsearch.transport.TaskTransportChannel.sendResponse(TaskTransportChannel.java:50) [elasticsearch-7.17.10.jar:7.17.10]",
"at org.elasticsearch.transport.TransportChannel.sendErrorResponse(TransportChannel.java:45) [elasticsearch-7.17.10.jar:7.17.10]",
"at org.elasticsearch.action.support.ChannelActionListener.onFailure(ChannelActionListener.java:41) [elasticsearch-7.17.10.jar:7.17.10]",
"at org.elasticsearch.action.ActionListener$Delegating.onFailure(ActionListener.java:66) [elasticsearch-7.17.10.jar:7.17.10]",
"at org.elasticsearch.search.SearchService.lambda$openReaderContext$10(SearchService.java:965) [elasticsearch-7.17.10.jar:7.17.10]",
"at org.elasticsearch.index.shard.IndexShard.awaitShardSearchActive(IndexShard.java:4005) [elasticsearch-7.17.10.jar:7.17.10]",
"at org.elasticsearch.search.SearchService.openReaderContext(SearchService.java:945) [elasticsearch-7.17.10.jar:7.17.10]",
"at org.elasticsearch.action.search.TransportOpenPointInTimeAction$ShardOpenReaderRequestHandler.messageReceived(TransportOpenPointInTimeAction.java:177) [elasticsearch-7.17.10.jar:7.17.10]",
"at org.elasticsearch.action.search.TransportOpenPointInTimeAction$ShardOpenReaderRequestHandler.messageReceived(TransportOpenPointInTimeAction.java:174) [elasticsearch-7.17.10.jar:7.17.10]",
"at org.elasticsearch.xpack.security.transport.SecurityServerTransportInterceptor$ProfileSecuredRequestHandler$1.doRun(SecurityServerTransportInterceptor.java:341) [x-pack-security-7.17.10.jar:7.17.10]",
"at org.elasticsearch.common.util.concurrent.AbstractRunnable.run(AbstractRunnable.java:26) [elasticsearch-7.17.10.jar:7.17.10]",
"at org.elasticsearch.xpack.security.transport.SecurityServerTransportInterceptor$ProfileSecuredRequestHandler$2.onResponse(SecurityServerTransportInterceptor.java:389) [x-pack-security-7.17.10.jar:7.17.10]",
"at org.elasticsearch.xpack.security.transport.SecurityServerTransportInterceptor$ProfileSecuredRequestHandler$2.onResponse(SecurityServerTransportInterceptor.java:386) [x-pack-security-7.17.10.jar:7.17.10]",
"at org.elasticsearch.xpack.security.authz.AuthorizationService$1.onResponse(AuthorizationService.java:574) [x-pack-security-7.17.10.jar:7.17.10]",
"at org.elasticsearch.xpack.security.authz.AuthorizationService$1.onResponse(AuthorizationService.java:568) [x-pack-security-7.17.10.jar:7.17.10]",
"at org.elasticsearch.xpack.security.authz.interceptor.DlsFlsLicenseRequestInterceptor.intercept(DlsFlsLicenseRequestInterceptor.java:100) [x-pack-security-7.17.10.jar:7.17.10]",
"at org.elasticsearch.xpack.security.authz.AuthorizationService$1.onResponse(AuthorizationService.java:572) [x-pack-security-7.17.10.jar:7.17.10]",
"at org.elasticsearch.xpack.security.authz.AuthorizationService$1.onResponse(AuthorizationService.java:568) [x-pack-security-7.17.10.jar:7.17.10]",
"at org.elasticsearch.xpack.security.authz.interceptor.FieldAndDocumentLevelSecurityRequestInterceptor.intercept(FieldAndDocumentLevelSecurityRequestInterceptor.java:85) [x-pack-security-7.17.10.jar:7.17.10]",
"at org.elasticsearch.xpack.security.authz.interceptor.SearchRequestInterceptor.intercept(SearchRequestInterceptor.java:26) [x-pack-security-7.17.10.jar:7.17.10]",
"at org.elasticsearch.xpack.security.authz.AuthorizationService$1.onResponse(AuthorizationService.java:572) [x-pack-security-7.17.10.jar:7.17.10]",
"at org.elasticsearch.xpack.security.authz.AuthorizationService$1.onResponse(AuthorizationService.java:568) [x-pack-security-7.17.10.jar:7.17.10]",
"at org.elasticsearch.xpack.security.authz.interceptor.FieldAndDocumentLevelSecurityRequestInterceptor.intercept(FieldAndDocumentLevelSecurityRequestInterceptor.java:85) [x-pack-security-7.17.10.jar:7.17.10]",
"at org.elasticsearch.xpack.security.authz.interceptor.UpdateRequestInterceptor.intercept(UpdateRequestInterceptor.java:27) [x-pack-security-7.17.10.jar:7.17.10]",
"at org.elasticsearch.xpack.security.authz.AuthorizationService$1.onResponse(AuthorizationService.java:572) [x-pack-security-7.17.10.jar:7.17.10]",
"at org.elasticsearch.xpack.security.authz.AuthorizationService$1.onResponse(AuthorizationService.java:568) [x-pack-security-7.17.10.jar:7.17.10]",
"at org.elasticsearch.xpack.security.authz.interceptor.FieldAndDocumentLevelSecurityRequestInterceptor.intercept(FieldAndDocumentLevelSecurityRequestInterceptor.java:85) [x-pack-security-7.17.10.jar:7.17.10]",
"at org.elasticsearch.xpack.security.authz.interceptor.ShardSearchRequestInterceptor.intercept(ShardSearchRequestInterceptor.java:26) [x-pack-security-7.17.10.jar:7.17.10]",
"at org.elasticsearch.xpack.security.authz.AuthorizationService$1.onResponse(AuthorizationService.java:572) [x-pack-security-7.17.10.jar:7.17.10]",
"at org.elasticsearch.xpack.security.authz.AuthorizationService$1.onResponse(AuthorizationService.java:568) [x-pack-security-7.17.10.jar:7.17.10]",
"at org.elasticsearch.xpack.security.authz.interceptor.BulkShardRequestInterceptor.intercept(BulkShardRequestInterceptor.java:87) [x-pack-security-7.17.10.jar:7.17.10]",
"at org.elasticsearch.xpack.security.authz.AuthorizationService$1.onResponse(AuthorizationService.java:572) [x-pack-security-7.17.10.jar:7.17.10]",
"at org.elasticsearch.xpack.security.authz.AuthorizationService$1.onResponse(AuthorizationService.java:568) [x-pack-security-7.17.10.jar:7.17.10]",
"at org.elasticsearch.xpack.security.authz.interceptor.IndicesAliasesRequestInterceptor.intercept(IndicesAliasesRequestInterceptor.java:128) [x-pack-security-7.17.10.jar:7.17.10]",
"at org.elasticsearch.xpack.security.authz.AuthorizationService$1.onResponse(AuthorizationService.java:572) [x-pack-security-7.17.10.jar:7.17.10]",
"at org.elasticsearch.xpack.security.authz.AuthorizationService$1.onResponse(AuthorizationService.java:568) [x-pack-security-7.17.10.jar:7.17.10]",
"at org.elasticsearch.xpack.security.authz.interceptor.ResizeRequestInterceptor.intercept(ResizeRequestInterceptor.java:103) [x-pack-security-7.17.10.jar:7.17.10]",
"at org.elasticsearch.xpack.security.authz.AuthorizationService.runRequestInterceptors(AuthorizationService.java:568) [x-pack-security-7.17.10.jar:7.17.10]",
"at org.elasticsearch.xpack.security.authz.AuthorizationService.handleIndexActionAuthorizationResult(AuthorizationService.java:553) [x-pack-security-7.17.10.jar:7.17.10]",
"at org.elasticsearch.xpack.security.authz.AuthorizationService.lambda$authorizeAction$9(AuthorizationService.java:447) [x-pack-security-7.17.10.jar:7.17.10]",
"at org.elasticsearch.xpack.security.authz.AuthorizationService$AuthorizationResultListener.onResponse(AuthorizationService.java:964) [x-pack-security-7.17.10.jar:7.17.10]",
"at org.elasticsearch.xpack.security.authz.AuthorizationService$AuthorizationResultListener.onResponse(AuthorizationService.java:928) [x-pack-security-7.17.10.jar:7.17.10]",
"at org.elasticsearch.action.support.ContextPreservingActionListener.onResponse(ContextPreservingActionListener.java:31) [elasticsearch-7.17.10.jar:7.17.10]",
"at org.elasticsearch.xpack.security.authz.RBACEngine.lambda$authorizeIndexAction$4(RBACEngine.java:388) [x-pack-security-7.17.10.jar:7.17.10]",
"at org.elasticsearch.action.ActionListener$1.onResponse(ActionListener.java:136) [elasticsearch-7.17.10.jar:7.17.10]",
"at org.elasticsearch.common.util.concurrent.ListenableFuture.notifyListenerDirectly(ListenableFuture.java:113) [elasticsearch-7.17.10.jar:7.17.10]",
"at org.elasticsearch.common.util.concurrent.ListenableFuture.addListener(ListenableFuture.java:55) [elasticsearch-7.17.10.jar:7.17.10]",
"at org.elasticsearch.common.util.concurrent.ListenableFuture.addListener(ListenableFuture.java:41) [elasticsearch-7.17.10.jar:7.17.10]",
"at org.elasticsearch.xpack.security.authz.AuthorizationService$CachingAsyncSupplier.getAsync(AuthorizationService.java:1012) [x-pack-security-7.17.10.jar:7.17.10]",
"at org.elasticsearch.xpack.security.authz.RBACEngine.authorizeIndexAction(RBACEngine.java:380) [x-pack-security-7.17.10.jar:7.17.10]",
"at org.elasticsearch.xpack.security.authz.AuthorizationService.authorizeAction(AuthorizationService.java:440) [x-pack-security-7.17.10.jar:7.17.10]",
"at org.elasticsearch.xpack.security.authz.AuthorizationService.maybeAuthorizeRunAs(AuthorizationService.java:377) [x-pack-security-7.17.10.jar:7.17.10]",
"at org.elasticsearch.xpack.security.authz.AuthorizationService.lambda$authorize$1(AuthorizationService.java:262) [x-pack-security-7.17.10.jar:7.17.10]",
"at org.elasticsearch.action.ActionListener$1.onResponse(ActionListener.java:136) [elasticsearch-7.17.10.jar:7.17.10]",
"at org.elasticsearch.action.support.ContextPreservingActionListener.onResponse(ContextPreservingActionListener.java:31) [elasticsearch-7.17.10.jar:7.17.10]",
"at org.elasticsearch.xpack.security.authz.RBACEngine.lambda$resolveAuthorizationInfo$1(RBACEngine.java:148) [x-pack-security-7.17.10.jar:7.17.10]",
"at org.elasticsearch.action.ActionListener$1.onResponse(ActionListener.java:136) [elasticsearch-7.17.10.jar:7.17.10]",
"at org.elasticsearch.xpack.security.authz.store.CompositeRolesStore.getRoles(CompositeRolesStore.java:277) [x-pack-security-7.17.10.jar:7.17.10]",
"at org.elasticsearch.xpack.security.authz.RBACEngine.getRoles(RBACEngine.java:154) [x-pack-security-7.17.10.jar:7.17.10]",
"at org.elasticsearch.xpack.security.authz.RBACEngine.resolveAuthorizationInfo(RBACEngine.java:137) [x-pack-security-7.17.10.jar:7.17.10]",
"at org.elasticsearch.xpack.security.authz.AuthorizationService.authorize(AuthorizationService.java:264) [x-pack-security-7.17.10.jar:7.17.10]",
"at org.elasticsearch.xpack.security.transport.ServerTransportFilter$NodeProfile.lambda$inbound$1(ServerTransportFilter.java:136) [x-pack-security-7.17.10.jar:7.17.10]",
"at org.elasticsearch.action.ActionListener$1.onResponse(ActionListener.java:136) [elasticsearch-7.17.10.jar:7.17.10]",
"at org.elasticsearch.action.ActionListener$MappedActionListener.onResponse(ActionListener.java:101) [elasticsearch-7.17.10.jar:7.17.10]",
"at org.elasticsearch.xpack.security.authc.AuthenticatorChain.authenticateAsync(AuthenticatorChain.java:102) [x-pack-security-7.17.10.jar:7.17.10]",
"at org.elasticsearch.xpack.security.authc.AuthenticationService.authenticate(AuthenticationService.java:199) [x-pack-security-7.17.10.jar:7.17.10]",
"at org.elasticsearch.xpack.security.transport.ServerTransportFilter$NodeProfile.inbound(ServerTransportFilter.java:128) [x-pack-security-7.17.10.jar:7.17.10]",
"at org.elasticsearch.xpack.security.transport.SecurityServerTransportInterceptor$ProfileSecuredRequestHandler.messageReceived(SecurityServerTransportInterceptor.java:415) [x-pack-security-7.17.10.jar:7.17.10]",
"at org.elasticsearch.transport.RequestHandlerRegistry.processMessageReceived(RequestHandlerRegistry.java:67) [elasticsearch-7.17.10.jar:7.17.10]",
"at org.elasticsearch.transport.TransportService.sendLocalRequest(TransportService.java:1037) [elasticsearch-7.17.10.jar:7.17.10]",
"at org.elasticsearch.transport.TransportService.access$100(TransportService.java:66) [elasticsearch-7.17.10.jar:7.17.10]",
"at org.elasticsearch.transport.TransportService$3.sendRequest(TransportService.java:143) [elasticsearch-7.17.10.jar:7.17.10]",
"at org.elasticsearch.transport.TransportService.sendRequestInternal(TransportService.java:975) [elasticsearch-7.17.10.jar:7.17.10]",
"at org.elasticsearch.xpack.security.transport.SecurityServerTransportInterceptor.sendWithUser(SecurityServerTransportInterceptor.java:206) [x-pack-security-7.17.10.jar:7.17.10]",
"at org.elasticsearch.xpack.security.transport.SecurityServerTransportInterceptor.access$300(SecurityServerTransportInterceptor.java:53) [x-pack-security-7.17.10.jar:7.17.10]",
"at org.elasticsearch.xpack.security.transport.SecurityServerTransportInterceptor$1.sendRequest(SecurityServerTransportInterceptor.java:167) [x-pack-security-7.17.10.jar:7.17.10]",
"at org.elasticsearch.transport.TransportService.sendRequest(TransportService.java:874) [elasticsearch-7.17.10.jar:7.17.10]",
"at org.elasticsearch.transport.TransportService.sendChildRequest(TransportService.java:937) [elasticsearch-7.17.10.jar:7.17.10]",
"at org.elasticsearch.transport.TransportService.sendChildRequest(TransportService.java:925) [elasticsearch-7.17.10.jar:7.17.10]",
"at org.elasticsearch.action.search.TransportOpenPointInTimeAction.lambda$doExecute$0(TransportOpenPointInTimeAction.java:102) [elasticsearch-7.17.10.jar:7.17.10]",
"at org.elasticsearch.action.search.TransportSearchAction$1$1.executePhaseOnShard(TransportSearchAction.java:347) [elasticsearch-7.17.10.jar:7.17.10]",
"at org.elasticsearch.action.search.AbstractSearchAsyncAction.lambda$performPhaseOnShard$3(AbstractSearchAsyncAction.java:316) [elasticsearch-7.17.10.jar:7.17.10]",
"at org.elasticsearch.action.search.AbstractSearchAsyncAction.performPhaseOnShard(AbstractSearchAsyncAction.java:352) [elasticsearch-7.17.10.jar:7.17.10]",
"at org.elasticsearch.action.search.AbstractSearchAsyncAction.run(AbstractSearchAsyncAction.java:244) [elasticsearch-7.17.10.jar:7.17.10]",
"at org.elasticsearch.action.search.AbstractSearchAsyncAction.executePhase(AbstractSearchAsyncAction.java:454) [elasticsearch-7.17.10.jar:7.17.10]",
"at org.elasticsearch.action.search.AbstractSearchAsyncAction.start(AbstractSearchAsyncAction.java:199) [elasticsearch-7.17.10.jar:7.17.10]",
"at org.elasticsearch.action.search.TransportSearchAction.executeSearch(TransportSearchAction.java:1048) [elasticsearch-7.17.10.jar:7.17.10]",
"at org.elasticsearch.action.search.TransportSearchAction.executeLocalSearch(TransportSearchAction.java:763) [elasticsearch-7.17.10.jar:7.17.10]",
"at org.elasticsearch.action.search.TransportSearchAction.lambda$executeRequest$6(TransportSearchAction.java:399) [elasticsearch-7.17.10.jar:7.17.10]",
"at org.elasticsearch.action.ActionListener$1.onResponse(ActionListener.java:136) [elasticsearch-7.17.10.jar:7.17.10]",
"at org.elasticsearch.index.query.Rewriteable.rewriteAndFetch(Rewriteable.java:112) [elasticsearch-7.17.10.jar:7.17.10]",
"at org.elasticsearch.index.query.Rewriteable.rewriteAndFetch(Rewriteable.java:77) [elasticsearch-7.17.10.jar:7.17.10]",
"at org.elasticsearch.action.search.TransportSearchAction.executeRequest(TransportSearchAction.java:487) [elasticsearch-7.17.10.jar:7.17.10]",
"at org.elasticsearch.action.search.TransportSearchAction.executeRequest(TransportSearchAction.java:305) [elasticsearch-7.17.10.jar:7.17.10]",
"at org.elasticsearch.action.search.TransportOpenPointInTimeAction.doExecute(TransportOpenPointInTimeAction.java:91) [elasticsearch-7.17.10.jar:7.17.10]",
"at org.elasticsearch.action.search.TransportOpenPointInTimeAction.doExecute(TransportOpenPointInTimeAction.java:39) [elasticsearch-7.17.10.jar:7.17.10]",
"at org.elasticsearch.action.support.TransportAction$RequestFilterChain.proceed(TransportAction.java:186) [elasticsearch-7.17.10.jar:7.17.10]",
"at org.elasticsearch.xpack.security.action.filter.SecurityActionFilter.lambda$applyInternal$3(SecurityActionFilter.java:190) [x-pack-security-7.17.10.jar:7.17.10]",
"at org.elasticsearch.action.ActionListener$DelegatingFailureActionListener.onResponse(ActionListener.java:219) [elasticsearch-7.17.10.jar:7.17.10]",
"at org.elasticsearch.xpack.security.authz.AuthorizationService$1.onResponse(AuthorizationService.java:574) [x-pack-security-7.17.10.jar:7.17.10]",
"at org.elasticsearch.xpack.security.authz.AuthorizationService$1.onResponse(AuthorizationService.java:568) [x-pack-security-7.17.10.jar:7.17.10]",
"at org.elasticsearch.xpack.security.authz.interceptor.DlsFlsLicenseRequestInterceptor.intercept(DlsFlsLicenseRequestInterceptor.java:100) [x-pack-security-7.17.10.jar:7.17.10]",
"at org.elasticsearch.xpack.security.authz.AuthorizationService$1.onResponse(AuthorizationService.java:572) [x-pack-security-7.17.10.jar:7.17.10]",
"at org.elasticsearch.xpack.security.authz.AuthorizationService$1.onResponse(AuthorizationService.java:568) [x-pack-security-7.17.10.jar:7.17.10]",
"at org.elasticsearch.xpack.security.authz.interceptor.FieldAndDocumentLevelSecurityRequestInterceptor.intercept(FieldAndDocumentLevelSecurityRequestInterceptor.java:85) [x-pack-security-7.17.10.jar:7.17.10]",
"at org.elasticsearch.xpack.security.authz.interceptor.SearchRequestInterceptor.intercept(SearchRequestInterceptor.java:26) [x-pack-security-7.17.10.jar:7.17.10]",
"at org.elasticsearch.xpack.security.authz.AuthorizationService$1.onResponse(AuthorizationService.java:572) [x-pack-security-7.17.10.jar:7.17.10]",
"at org.elasticsearch.xpack.security.authz.AuthorizationService$1.onResponse(AuthorizationService.java:568) [x-pack-security-7.17.10.jar:7.17.10]",
"at org.elasticsearch.xpack.security.authz.interceptor.FieldAndDocumentLevelSecurityRequestInterceptor.intercept(FieldAndDocumentLevelSecurityRequestInterceptor.java:85) [x-pack-security-7.17.10.jar:7.17.10]",
"at org.elasticsearch.xpack.security.authz.interceptor.UpdateRequestInterceptor.intercept(UpdateRequestInterceptor.java:27) [x-pack-security-7.17.10.jar:7.17.10]",
"at org.elasticsearch.xpack.security.authz.AuthorizationService$1.onResponse(AuthorizationService.java:572) [x-pack-security-7.17.10.jar:7.17.10]",
"at org.elasticsearch.xpack.security.authz.AuthorizationService$1.onResponse(AuthorizationService.java:568) [x-pack-security-7.17.10.jar:7.17.10]",
"at org.elasticsearch.xpack.security.authz.interceptor.FieldAndDocumentLevelSecurityRequestInterceptor.intercept(FieldAndDocumentLevelSecurityRequestInterceptor.java:85) [x-pack-security-7.17.10.jar:7.17.10]",
"at org.elasticsearch.xpack.security.authz.interceptor.ShardSearchRequestInterceptor.intercept(ShardSearchRequestInterceptor.java:26) [x-pack-security-7.17.10.jar:7.17.10]",
"at org.elasticsearch.xpack.security.authz.AuthorizationService$1.onResponse(AuthorizationService.java:572) [x-pack-security-7.17.10.jar:7.17.10]",
"at org.elasticsearch.xpack.security.authz.AuthorizationService$1.onResponse(AuthorizationService.java:568) [x-pack-security-7.17.10.jar:7.17.10]",
"at org.elasticsearch.xpack.security.authz.interceptor.BulkShardRequestInterceptor.intercept(BulkShardRequestInterceptor.java:87) [x-pack-security-7.17.10.jar:7.17.10]",
"at org.elasticsearch.xpack.security.authz.AuthorizationService$1.onResponse(AuthorizationService.java:572) [x-pack-security-7.17.10.jar:7.17.10]",
"at org.elasticsearch.xpack.security.authz.AuthorizationService$1.onResponse(AuthorizationService.java:568) [x-pack-security-7.17.10.jar:7.17.10]",
"at org.elasticsearch.xpack.security.authz.interceptor.IndicesAliasesRequestInterceptor.intercept(IndicesAliasesRequestInterceptor.java:128) [x-pack-security-7.17.10.jar:7.17.10]",
"at org.elasticsearch.xpack.security.authz.AuthorizationService$1.onResponse(AuthorizationService.java:572) [x-pack-security-7.17.10.jar:7.17.10]",
"at org.elasticsearch.xpack.security.authz.AuthorizationService$1.onResponse(AuthorizationService.java:568) [x-pack-security-7.17.10.jar:7.17.10]",
"at org.elasticsearch.xpack.security.authz.interceptor.ResizeRequestInterceptor.intercept(ResizeRequestInterceptor.java:103) [x-pack-security-7.17.10.jar:7.17.10]",
"at org.elasticsearch.xpack.security.authz.AuthorizationService.runRequestInterceptors(AuthorizationService.java:568) [x-pack-security-7.17.10.jar:7.17.10]",
"at org.elasticsearch.xpack.security.authz.AuthorizationService.handleIndexActionAuthorizationResult(AuthorizationService.java:553) [x-pack-security-7.17.10.jar:7.17.10]",
"at org.elasticsearch.xpack.security.authz.AuthorizationService.lambda$authorizeAction$9(AuthorizationService.java:447) [x-pack-security-7.17.10.jar:7.17.10]",
"at org.elasticsearch.xpack.security.authz.AuthorizationService$AuthorizationResultListener.onResponse(AuthorizationService.java:964) [x-pack-security-7.17.10.jar:7.17.10]",
"at org.elasticsearch.xpack.security.authz.AuthorizationService$AuthorizationResultListener.onResponse(AuthorizationService.java:928) [x-pack-security-7.17.10.jar:7.17.10]",
"at org.elasticsearch.action.support.ContextPreservingActionListener.onResponse(ContextPreservingActionListener.java:31) [elasticsearch-7.17.10.jar:7.17.10]",
"at org.elasticsearch.xpack.security.authz.RBACEngine.lambda$authorizeIndexAction$3(RBACEngine.java:362) [x-pack-security-7.17.10.jar:7.17.10]",
"at org.elasticsearch.action.ActionListener$1.onResponse(ActionListener.java:136) [elasticsearch-7.17.10.jar:7.17.10]",
"at org.elasticsearch.common.util.concurrent.ListenableFuture.notifyListenerDirectly(ListenableFuture.java:113) [elasticsearch-7.17.10.jar:7.17.10]",
"at org.elasticsearch.common.util.concurrent.ListenableFuture.addListener(ListenableFuture.java:55) [elasticsearch-7.17.10.jar:7.17.10]",
"at org.elasticsearch.common.util.concurrent.ListenableFuture.addListener(ListenableFuture.java:41) [elasticsearch-7.17.10.jar:7.17.10]",
"at org.elasticsearch.xpack.security.authz.AuthorizationService$CachingAsyncSupplier.getAsync(AuthorizationService.java:1012) [x-pack-security-7.17.10.jar:7.17.10]",
"at org.elasticsearch.xpack.security.authz.RBACEngine.authorizeIndexAction(RBACEngine.java:353) [x-pack-security-7.17.10.jar:7.17.10]",
"at org.elasticsearch.xpack.security.authz.AuthorizationService.authorizeAction(AuthorizationService.java:440) [x-pack-security-7.17.10.jar:7.17.10]",
"at org.elasticsearch.xpack.security.authz.AuthorizationService.maybeAuthorizeRunAs(AuthorizationService.java:377) [x-pack-security-7.17.10.jar:7.17.10]",
"at org.elasticsearch.xpack.security.authz.AuthorizationService.lambda$authorize$1(AuthorizationService.java:262) [x-pack-security-7.17.10.jar:7.17.10]",
"at org.elasticsearch.action.ActionListener$1.onResponse(ActionListener.java:136) [elasticsearch-7.17.10.jar:7.17.10]",
"at org.elasticsearch.action.support.ContextPreservingActionListener.onResponse(ContextPreservingActionListener.java:31) [elasticsearch-7.17.10.jar:7.17.10]",
"at org.elasticsearch.xpack.security.authz.RBACEngine.lambda$resolveAuthorizationInfo$1(RBACEngine.java:148) [x-pack-security-7.17.10.jar:7.17.10]",
"at org.elasticsearch.action.ActionListener$1.onResponse(ActionListener.java:136) [elasticsearch-7.17.10.jar:7.17.10]",
"at org.elasticsearch.xpack.security.authz.store.CompositeRolesStore.getRoles(CompositeRolesStore.java:277) [x-pack-security-7.17.10.jar:7.17.10]",
"at org.elasticsearch.xpack.security.authz.RBACEngine.getRoles(RBACEngine.java:154) [x-pack-security-7.17.10.jar:7.17.10]",
"at org.elasticsearch.xpack.security.authz.RBACEngine.resolveAuthorizationInfo(RBACEngine.java:137) [x-pack-security-7.17.10.jar:7.17.10]",
"at org.elasticsearch.xpack.security.authz.AuthorizationService.authorize(AuthorizationService.java:264) [x-pack-security-7.17.10.jar:7.17.10]",
"at org.elasticsearch.xpack.security.action.filter.SecurityActionFilter.lambda$applyInternal$4(SecurityActionFilter.java:186) [x-pack-security-7.17.10.jar:7.17.10]",
"at org.elasticsearch.action.ActionListener$1.onResponse(ActionListener.java:136) [elasticsearch-7.17.10.jar:7.17.10]",
"at org.elasticsearch.action.ActionListener$MappedActionListener.onResponse(ActionListener.java:101) [elasticsearch-7.17.10.jar:7.17.10]",
"at org.elasticsearch.xpack.security.authc.AuthenticatorChain.authenticateAsync(AuthenticatorChain.java:102) [x-pack-security-7.17.10.jar:7.17.10]",
"at org.elasticsearch.xpack.security.authc.AuthenticationService.authenticate(AuthenticationService.java:171) [x-pack-security-7.17.10.jar:7.17.10]",
"at org.elasticsearch.xpack.security.action.filter.SecurityActionFilter.applyInternal(SecurityActionFilter.java:182) [x-pack-security-7.17.10.jar:7.17.10]",
"at org.elasticsearch.xpack.security.action.filter.SecurityActionFilter.apply(SecurityActionFilter.java:124) [x-pack-security-7.17.10.jar:7.17.10]",
"at org.elasticsearch.action.support.TransportAction$RequestFilterChain.proceed(TransportAction.java:184) [elasticsearch-7.17.10.jar:7.17.10]",
"at org.elasticsearch.action.support.TransportAction.execute(TransportAction.java:161) [elasticsearch-7.17.10.jar:7.17.10]",
"at org.elasticsearch.action.support.TransportAction.execute(TransportAction.java:82) [elasticsearch-7.17.10.jar:7.17.10]",
"at org.elasticsearch.client.node.NodeClient.executeLocally(NodeClient.java:95) [elasticsearch-7.17.10.jar:7.17.10]",
"at org.elasticsearch.client.node.NodeClient.doExecute(NodeClient.java:73) [elasticsearch-7.17.10.jar:7.17.10]",
"at org.elasticsearch.client.support.AbstractClient.execute(AbstractClient.java:407) [elasticsearch-7.17.10.jar:7.17.10]",
"at org.elasticsearch.action.search.RestOpenPointInTimeAction.lambda$prepareRequest$0(RestOpenPointInTimeAction.java:45) [elasticsearch-7.17.10.jar:7.17.10]",
"at org.elasticsearch.rest.BaseRestHandler.handleRequest(BaseRestHandler.java:109) [elasticsearch-7.17.10.jar:7.17.10]",
"at org.elasticsearch.xpack.security.rest.SecurityRestFilter.lambda$handleRequest$0(SecurityRestFilter.java:90) [x-pack-security-7.17.10.jar:7.17.10]",
"at org.elasticsearch.action.ActionListener$1.onResponse(ActionListener.java:136) [elasticsearch-7.17.10.jar:7.17.10]",
"at org.elasticsearch.xpack.security.authc.support.SecondaryAuthenticator.lambda$authenticateAndAttachToContext$2(SecondaryAuthenticator.java:84) [x-pack-security-7.17.10.jar:7.17.10]",
"at org.elasticsearch.action.ActionListener$1.onResponse(ActionListener.java:136) [elasticsearch-7.17.10.jar:7.17.10]",
"at org.elasticsearch.xpack.security.authc.support.SecondaryAuthenticator.authenticate(SecondaryAuthenticator.java:94) [x-pack-security-7.17.10.jar:7.17.10]",
"at org.elasticsearch.xpack.security.authc.support.SecondaryAuthenticator.authenticateAndAttachToContext(SecondaryAuthenticator.java:78) [x-pack-security-7.17.10.jar:7.17.10]",
"at org.elasticsearch.xpack.security.rest.SecurityRestFilter.lambda$handleRequest$2(SecurityRestFilter.java:85) [x-pack-security-7.17.10.jar:7.17.10]",
"at org.elasticsearch.action.ActionListener$1.onResponse(ActionListener.java:136) [elasticsearch-7.17.10.jar:7.17.10]",
"at org.elasticsearch.action.ActionListener$MappedActionListener.onResponse(ActionListener.java:101) [elasticsearch-7.17.10.jar:7.17.10]",
"at org.elasticsearch.action.ActionListener$RunBeforeActionListener.onResponse(ActionListener.java:389) [elasticsearch-7.17.10.jar:7.17.10]",
"at org.elasticsearch.xpack.security.authc.AuthenticatorChain.writeAuthToContext(AuthenticatorChain.java:376) [x-pack-security-7.17.10.jar:7.17.10]",
"at org.elasticsearch.xpack.security.authc.AuthenticatorChain.finishAuthentication(AuthenticatorChain.java:352) [x-pack-security-7.17.10.jar:7.17.10]",
"at org.elasticsearch.xpack.security.authc.AuthenticatorChain.maybeLookupRunAsUser(AuthenticatorChain.java:205) [x-pack-security-7.17.10.jar:7.17.10]",
"at org.elasticsearch.xpack.security.authc.AuthenticatorChain.lambda$doAuthenticate$1(AuthenticatorChain.java:128) [x-pack-security-7.17.10.jar:7.17.10]",
"at org.elasticsearch.action.ActionListener$1.onResponse(ActionListener.java:136) [elasticsearch-7.17.10.jar:7.17.10]",
"at org.elasticsearch.xpack.core.common.IteratingActionListener.onResponse(IteratingActionListener.java:141) [x-pack-core-7.17.10.jar:7.17.10]",
"at org.elasticsearch.xpack.security.authc.AuthenticatorChain.lambda$getAuthenticatorConsumer$3(AuthenticatorChain.java:175) [x-pack-security-7.17.10.jar:7.17.10]",
"at org.elasticsearch.action.ActionListener$1.onResponse(ActionListener.java:136) [elasticsearch-7.17.10.jar:7.17.10]",
"at org.elasticsearch.xpack.security.authc.RealmsAuthenticator.lambda$consumeToken$3(RealmsAuthenticator.java:219) [x-pack-security-7.17.10.jar:7.17.10]",
"at org.elasticsearch.action.ActionListener$1.onResponse(ActionListener.java:136) [elasticsearch-7.17.10.jar:7.17.10]",
"at org.elasticsearch.action.support.ContextPreservingActionListener.onResponse(ContextPreservingActionListener.java:31) [elasticsearch-7.17.10.jar:7.17.10]",
"at org.elasticsearch.xpack.core.common.IteratingActionListener.onResponse(IteratingActionListener.java:141) [x-pack-core-7.17.10.jar:7.17.10]",
"at org.elasticsearch.xpack.security.authc.RealmsAuthenticator.lambda$consumeToken$0(RealmsAuthenticator.java:164) [x-pack-security-7.17.10.jar:7.17.10]",
"at org.elasticsearch.action.ActionListener$1.onResponse(ActionListener.java:136) [elasticsearch-7.17.10.jar:7.17.10]",
"at org.elasticsearch.xpack.security.authc.support.CachingUsernamePasswordRealm.lambda$authenticateWithCache$1(CachingUsernamePasswordRealm.java:155) [x-pack-security-7.17.10.jar:7.17.10]",
"at org.elasticsearch.action.ActionListener$1.onResponse(ActionListener.java:136) [elasticsearch-7.17.10.jar:7.17.10]",
"at org.elasticsearch.xpack.security.authc.support.CachingUsernamePasswordRealm.handleCachedAuthentication(CachingUsernamePasswordRealm.java:242) [x-pack-security-7.17.10.jar:7.17.10]",
"at org.elasticsearch.xpack.security.authc.support.CachingUsernamePasswordRealm.lambda$authenticateWithCache$2(CachingUsernamePasswordRealm.java:139) [x-pack-security-7.17.10.jar:7.17.10]",
"at org.elasticsearch.action.ActionListener$1.onResponse(ActionListener.java:136) [elasticsearch-7.17.10.jar:7.17.10]",
"at org.elasticsearch.common.util.concurrent.ListenableFuture.notifyListenerDirectly(ListenableFuture.java:113) [elasticsearch-7.17.10.jar:7.17.10]",
"at org.elasticsearch.common.util.concurrent.ListenableFuture.addListener(ListenableFuture.java:55) [elasticsearch-7.17.10.jar:7.17.10]",
"at org.elasticsearch.xpack.security.authc.support.CachingUsernamePasswordRealm.authenticateWithCache(CachingUsernamePasswordRealm.java:134) [x-pack-security-7.17.10.jar:7.17.10]",
"at org.elasticsearch.xpack.security.authc.support.CachingUsernamePasswordRealm.authenticate(CachingUsernamePasswordRealm.java:105) [x-pack-security-7.17.10.jar:7.17.10]",
"at org.elasticsearch.xpack.security.authc.RealmsAuthenticator.lambda$consumeToken$2(RealmsAuthenticator.java:148) [x-pack-security-7.17.10.jar:7.17.10]",
"at org.elasticsearch.xpack.core.common.IteratingActionListener.run(IteratingActionListener.java:117) [x-pack-core-7.17.10.jar:7.17.10]",
"at org.elasticsearch.xpack.security.authc.RealmsAuthenticator.consumeToken(RealmsAuthenticator.java:233) [x-pack-security-7.17.10.jar:7.17.10]",
"at org.elasticsearch.xpack.security.authc.RealmsAuthenticator.authenticate(RealmsAuthenticator.java:84) [x-pack-security-7.17.10.jar:7.17.10]",
"at org.elasticsearch.xpack.security.authc.AuthenticatorChain.lambda$getAuthenticatorConsumer$5(AuthenticatorChain.java:171) [x-pack-security-7.17.10.jar:7.17.10]",
"at org.elasticsearch.xpack.core.common.IteratingActionListener.onResponse(IteratingActionListener.java:135) [x-pack-core-7.17.10.jar:7.17.10]",
"at org.elasticsearch.xpack.security.authc.AuthenticatorChain.lambda$getAuthenticatorConsumer$5(AuthenticatorChain.java:165) [x-pack-security-7.17.10.jar:7.17.10]",
"at org.elasticsearch.xpack.core.common.IteratingActionListener.onResponse(IteratingActionListener.java:135) [x-pack-core-7.17.10.jar:7.17.10]",
"at org.elasticsearch.xpack.security.authc.AuthenticatorChain.lambda$getAuthenticatorConsumer$5(AuthenticatorChain.java:165) [x-pack-security-7.17.10.jar:7.17.10]",
"at org.elasticsearch.xpack.core.common.IteratingActionListener.onResponse(IteratingActionListener.java:135) [x-pack-core-7.17.10.jar:7.17.10]",
"at org.elasticsearch.xpack.security.authc.AuthenticatorChain.lambda$getAuthenticatorConsumer$5(AuthenticatorChain.java:165) [x-pack-security-7.17.10.jar:7.17.10]",
"at org.elasticsearch.xpack.core.common.IteratingActionListener.run(IteratingActionListener.java:117) [x-pack-core-7.17.10.jar:7.17.10]",
"at org.elasticsearch.xpack.security.authc.AuthenticatorChain.doAuthenticate(AuthenticatorChain.java:143) [x-pack-security-7.17.10.jar:7.17.10]",
"at org.elasticsearch.xpack.security.authc.AuthenticatorChain.authenticateAsync(AuthenticatorChain.java:104) [x-pack-security-7.17.10.jar:7.17.10]",
"at org.elasticsearch.xpack.security.authc.AuthenticationService.authenticate(AuthenticationService.java:149) [x-pack-security-7.17.10.jar:7.17.10]",
"at org.elasticsearch.xpack.security.authc.AuthenticationService.authenticate(AuthenticationService.java:127) [x-pack-security-7.17.10.jar:7.17.10]",
"at org.elasticsearch.xpack.security.rest.SecurityRestFilter.handleRequest(SecurityRestFilter.java:79) [x-pack-security-7.17.10.jar:7.17.10]",
"at org.elasticsearch.rest.RestController.dispatchRequest(RestController.java:337) [elasticsearch-7.17.10.jar:7.17.10]",
"at org.elasticsearch.rest.RestController.tryAllHandlers(RestController.java:403) [elasticsearch-7.17.10.jar:7.17.10]",
"at org.elasticsearch.rest.RestController.dispatchRequest(RestController.java:255) [elasticsearch-7.17.10.jar:7.17.10]",
"at org.elasticsearch.http.AbstractHttpServerTransport.dispatchRequest(AbstractHttpServerTransport.java:382) [elasticsearch-7.17.10.jar:7.17.10]",
"at org.elasticsearch.http.AbstractHttpServerTransport.handleIncomingRequest(AbstractHttpServerTransport.java:461) [elasticsearch-7.17.10.jar:7.17.10]",
"at org.elasticsearch.http.AbstractHttpServerTransport.incomingRequest(AbstractHttpServerTransport.java:357) [elasticsearch-7.17.10.jar:7.17.10]",
"at org.elasticsearch.http.netty4.Netty4HttpRequestHandler.channelRead0(Netty4HttpRequestHandler.java:35) [transport-netty4-client-7.17.10.jar:7.17.10]",
"at org.elasticsearch.http.netty4.Netty4HttpRequestHandler.channelRead0(Netty4HttpRequestHandler.java:19) [transport-netty4-client-7.17.10.jar:7.17.10]",
"at io.netty.channel.SimpleChannelInboundHandler.channelRead(SimpleChannelInboundHandler.java:99) [netty-transport-4.1.66.Final.jar:4.1.66.Final]",
"at io.netty.channel.AbstractChannelHandlerContext.invokeChannelRead(AbstractChannelHandlerContext.java:379) [netty-transport-4.1.66.Final.jar:4.1.66.Final]",
"at io.netty.channel.AbstractChannelHandlerContext.invokeChannelRead(AbstractChannelHandlerContext.java:365) [netty-transport-4.1.66.Final.jar:4.1.66.Final]",
"at io.netty.channel.AbstractChannelHandlerContext.fireChannelRead(AbstractChannelHandlerContext.java:357) [netty-transport-4.1.66.Final.jar:4.1.66.Final]",
"at org.elasticsearch.http.netty4.Netty4HttpPipeliningHandler.channelRead(Netty4HttpPipeliningHandler.java:48) [transport-netty4-client-7.17.10.jar:7.17.10]",
"at io.netty.channel.AbstractChannelHandlerContext.invokeChannelRead(AbstractChannelHandlerContext.java:379) [netty-transport-4.1.66.Final.jar:4.1.66.Final]",
"at io.netty.channel.AbstractChannelHandlerContext.invokeChannelRead(AbstractChannelHandlerContext.java:365) [netty-transport-4.1.66.Final.jar:4.1.66.Final]",
"at io.netty.channel.AbstractChannelHandlerContext.fireChannelRead(AbstractChannelHandlerContext.java:357) [netty-transport-4.1.66.Final.jar:4.1.66.Final]",
"at io.netty.handler.codec.MessageToMessageDecoder.channelRead(MessageToMessageDecoder.java:103) [netty-codec-4.1.66.Final.jar:4.1.66.Final]",
"at io.netty.channel.AbstractChannelHandlerContext.invokeChannelRead(AbstractChannelHandlerContext.java:379) [netty-transport-4.1.66.Final.jar:4.1.66.Final]",
"at io.netty.channel.AbstractChannelHandlerContext.invokeChannelRead(AbstractChannelHandlerContext.java:365) [netty-transport-4.1.66.Final.jar:4.1.66.Final]",
"at io.netty.channel.AbstractChannelHandlerContext.fireChannelRead(AbstractChannelHandlerContext.java:357) [netty-transport-4.1.66.Final.jar:4.1.66.Final]",
"at io.netty.handler.codec.MessageToMessageDecoder.channelRead(MessageToMessageDecoder.java:103) [netty-codec-4.1.66.Final.jar:4.1.66.Final]",
"at io.netty.handler.codec.MessageToMessageCodec.channelRead(MessageToMessageCodec.java:111) [netty-codec-4.1.66.Final.jar:4.1.66.Final]",
"at io.netty.channel.AbstractChannelHandlerContext.invokeChannelRead(AbstractChannelHandlerContext.java:379) [netty-transport-4.1.66.Final.jar:4.1.66.Final]",
"at io.netty.channel.AbstractChannelHandlerContext.invokeChannelRead(AbstractChannelHandlerContext.java:365) [netty-transport-4.1.66.Final.jar:4.1.66.Final]",
"at io.netty.channel.AbstractChannelHandlerContext.fireChannelRead(AbstractChannelHandlerContext.java:357) [netty-transport-4.1.66.Final.jar:4.1.66.Final]",
"at io.netty.handler.codec.MessageToMessageDecoder.channelRead(MessageToMessageDecoder.java:103) [netty-codec-4.1.66.Final.jar:4.1.66.Final]",
"at io.netty.channel.AbstractChannelHandlerContext.invokeChannelRead(AbstractChannelHandlerContext.java:379) [netty-transport-4.1.66.Final.jar:4.1.66.Final]",
"at io.netty.channel.AbstractChannelHandlerContext.invokeChannelRead(AbstractChannelHandlerContext.java:365) [netty-transport-4.1.66.Final.jar:4.1.66.Final]",
"at io.netty.channel.AbstractChannelHandlerContext.fireChannelRead(AbstractChannelHandlerContext.java:357) [netty-transport-4.1.66.Final.jar:4.1.66.Final]",
"at io.netty.handler.codec.MessageToMessageDecoder.channelRead(MessageToMessageDecoder.java:103) [netty-codec-4.1.66.Final.jar:4.1.66.Final]",
"at io.netty.channel.AbstractChannelHandlerContext.invokeChannelRead(AbstractChannelHandlerContext.java:379) [netty-transport-4.1.66.Final.jar:4.1.66.Final]",
"at io.netty.channel.AbstractChannelHandlerContext.invokeChannelRead(AbstractChannelHandlerContext.java:365) [netty-transport-4.1.66.Final.jar:4.1.66.Final]",
"at io.netty.channel.AbstractChannelHandlerContext.fireChannelRead(AbstractChannelHandlerContext.java:357) [netty-transport-4.1.66.Final.jar:4.1.66.Final]",
"at io.netty.handler.codec.ByteToMessageDecoder.fireChannelRead(ByteToMessageDecoder.java:324) [netty-codec-4.1.66.Final.jar:4.1.66.Final]",
"at io.netty.handler.codec.ByteToMessageDecoder.channelRead(ByteToMessageDecoder.java:296) [netty-codec-4.1.66.Final.jar:4.1.66.Final]",
"at io.netty.channel.AbstractChannelHandlerContext.invokeChannelRead(AbstractChannelHandlerContext.java:379) [netty-transport-4.1.66.Final.jar:4.1.66.Final]",
"at io.netty.channel.AbstractChannelHandlerContext.invokeChannelRead(AbstractChannelHandlerContext.java:365) [netty-transport-4.1.66.Final.jar:4.1.66.Final]",
"at io.netty.channel.AbstractChannelHandlerContext.fireChannelRead(AbstractChannelHandlerContext.java:357) [netty-transport-4.1.66.Final.jar:4.1.66.Final]",
"at io.netty.handler.timeout.IdleStateHandler.channelRead(IdleStateHandler.java:286) [netty-handler-4.1.66.Final.jar:4.1.66.Final]",
"at io.netty.channel.AbstractChannelHandlerContext.invokeChannelRead(AbstractChannelHandlerContext.java:379) [netty-transport-4.1.66.Final.jar:4.1.66.Final]",
"at io.netty.channel.AbstractChannelHandlerContext.invokeChannelRead(AbstractChannelHandlerContext.java:365) [netty-transport-4.1.66.Final.jar:4.1.66.Final]",
"at io.netty.channel.AbstractChannelHandlerContext.fireChannelRead(AbstractChannelHandlerContext.java:357) [netty-transport-4.1.66.Final.jar:4.1.66.Final]",
"at io.netty.handler.codec.MessageToMessageDecoder.channelRead(MessageToMessageDecoder.java:103) [netty-codec-4.1.66.Final.jar:4.1.66.Final]",
"at io.netty.channel.AbstractChannelHandlerContext.invokeChannelRead(AbstractChannelHandlerContext.java:379) [netty-transport-4.1.66.Final.jar:4.1.66.Final]",
"at io.netty.channel.AbstractChannelHandlerContext.invokeChannelRead(AbstractChannelHandlerContext.java:365) [netty-transport-4.1.66.Final.jar:4.1.66.Final]",
"at io.netty.channel.AbstractChannelHandlerContext.fireChannelRead(AbstractChannelHandlerContext.java:357) [netty-transport-4.1.66.Final.jar:4.1.66.Final]",
"at io.netty.channel.DefaultChannelPipeline$HeadContext.channelRead(DefaultChannelPipeline.java:1410) [netty-transport-4.1.66.Final.jar:4.1.66.Final]",
"at io.netty.channel.AbstractChannelHandlerContext.invokeChannelRead(AbstractChannelHandlerContext.java:379) [netty-transport-4.1.66.Final.jar:4.1.66.Final]",
"at io.netty.channel.AbstractChannelHandlerContext.invokeChannelRead(AbstractChannelHandlerContext.java:365) [netty-transport-4.1.66.Final.jar:4.1.66.Final]",
"at io.netty.channel.DefaultChannelPipeline.fireChannelRead(DefaultChannelPipeline.java:919) [netty-transport-4.1.66.Final.jar:4.1.66.Final]",
"at io.netty.channel.nio.AbstractNioByteChannel$NioByteUnsafe.read(AbstractNioByteChannel.java:166) [netty-transport-4.1.66.Final.jar:4.1.66.Final]",
"at io.netty.channel.nio.NioEventLoop.processSelectedKey(NioEventLoop.java:719) [netty-transport-4.1.66.Final.jar:4.1.66.Final]",
"at io.netty.channel.nio.NioEventLoop.processSelectedKeysPlain(NioEventLoop.java:620) [netty-transport-4.1.66.Final.jar:4.1.66.Final]",
"at io.netty.channel.nio.NioEventLoop.processSelectedKeys(NioEventLoop.java:583) [netty-transport-4.1.66.Final.jar:4.1.66.Final]",
"at io.netty.channel.nio.NioEventLoop.run(NioEventLoop.java:493) [netty-transport-4.1.66.Final.jar:4.1.66.Final]",
"at io.netty.util.concurrent.SingleThreadEventExecutor$4.run(SingleThreadEventExecutor.java:986) [netty-common-4.1.66.Final.jar:4.1.66.Final]",
"at io.netty.util.internal.ThreadExecutorMap$2.run(ThreadExecutorMap.java:74) [netty-common-4.1.66.Final.jar:4.1.66.Final]",
"at java.lang.Thread.run(Thread.java:1623) [?:?]",
"Caused by: org.elasticsearch.action.NoShardAvailableActionException: [da38f2874e84][172.20.0.5:9300][indices:data/read/open_reader_context]",
"at org.elasticsearch.action.search.AbstractSearchAsyncAction.onShardFailure(AbstractSearchAsyncAction.java:532) ~[elasticsearch-7.17.10.jar:7.17.10]",
"at org.elasticsearch.action.search.AbstractSearchAsyncAction.onShardFailure(AbstractSearchAsyncAction.java:479) [elasticsearch-7.17.10.jar:7.17.10]",
"... 277 more"] }
{"type": "server", "timestamp": "2025-06-22T05:37:50,950Z", "level": "INFO", "component": "o.e.t.LoggingTaskListener", "cluster.name": "docker-cluster", "node.name": "da38f2874e84", "message": "152 finished with response BulkByScrollResponse[took=1.4s,timed_out=false,sliceId=null,updated=25,created=0,deleted=0,batches=1,versionConflicts=0,noops=0,retries=0,throttledUntil=0s,bulk_failures=[],search_failures=[]]", "cluster.uuid": "_K2lvHSSRx68TrSozPU3JA", "node.id": "rY5VrnGrTy6qVpywgTf0Ug"  }
{"type": "server", "timestamp": "2025-06-22T05:37:51,509Z", "level": "INFO", "component": "o.e.c.r.a.AllocationService", "cluster.name": "docker-cluster", "node.name": "da38f2874e84", "message": "Cluster health status changed from [RED] to [YELLOW] (reason: [shards started [[.kibana_task_manager_7.17.10_001][0]]]).", "cluster.uuid": "_K2lvHSSRx68TrSozPU3JA", "node.id": "rY5VrnGrTy6qVpywgTf0Ug"  }
{"type": "server", "timestamp": "2025-06-22T05:37:52,701Z", "level": "INFO", "component": "o.e.i.g.DatabaseNodeService", "cluster.name": "docker-cluster", "node.name": "da38f2874e84", "message": "successfully reloaded changed geoip database file [/tmp/elasticsearch-8715582982859039469/geoip-databases/rY5VrnGrTy6qVpywgTf0Ug/GeoLite2-City.mmdb]", "cluster.uuid": "_K2lvHSSRx68TrSozPU3JA", "node.id": "rY5VrnGrTy6qVpywgTf0Ug"  }
{"type": "server", "timestamp": "2025-06-22T05:37:55,210Z", "level": "INFO", "component": "o.e.t.LoggingTaskListener", "cluster.name": "docker-cluster", "node.name": "da38f2874e84", "message": "247 finished with response BulkByScrollResponse[took=247.1ms,timed_out=false,sliceId=null,updated=18,created=0,deleted=0,batches=1,versionConflicts=0,noops=0,retries=0,throttledUntil=0s,bulk_failures=[],search_failures=[]]", "cluster.uuid": "_K2lvHSSRx68TrSozPU3JA", "node.id": "rY5VrnGrTy6qVpywgTf0Ug"  }
{"type": "server", "timestamp": "2025-06-22T05:38:00,947Z", "level": "INFO", "component": "o.e.x.i.a.TransportPutLifecycleAction", "cluster.name": "docker-cluster", "node.name": "da38f2874e84", "message": "updating index lifecycle policy [.alerts-ilm-policy]", "cluster.uuid": "_K2lvHSSRx68TrSozPU3JA", "node.id": "rY5VrnGrTy6qVpywgTf0Ug"  }
{"type": "deprecation.elasticsearch", "timestamp": "2025-06-22T05:38:08,376Z", "level": "CRITICAL", "component": "o.e.d.r.a.d.RestGetAction", "cluster.name": "docker-cluster", "node.name": "da38f2874e84", "message": "[types removal] Specifying types in document get requests is deprecated, use the /{index}/_doc/{id} endpoint instead.", "key": "get_with_types", "category": "types", "elasticsearch.elastic_product_origin": "kibana", "cluster.uuid": "_K2lvHSSRx68TrSozPU3JA", "node.id": "rY5VrnGrTy6qVpywgTf0Ug"  }
{"type": "deprecation.elasticsearch", "timestamp": "2025-06-22T05:38:09,816Z", "level": "WARN", "component": "o.e.d.c.m.IndexNameExpressionResolver", "cluster.name": "docker-cluster", "node.name": "da38f2874e84", "message": "this request accesses system indices: [.security-7, .tasks], but in a future major version, direct access to system indices will be prevented by default", "key": "open_system_index_access", "category": "api", "elasticsearch.elastic_product_origin": "kibana", "cluster.uuid": "_K2lvHSSRx68TrSozPU3JA", "node.id": "rY5VrnGrTy6qVpywgTf0Ug"  }
{"type": "server", "timestamp": "2025-06-22T05:38:12,722Z", "level": "INFO", "component": "o.e.c.r.a.DiskThresholdMonitor", "cluster.name": "docker-cluster", "node.name": "da38f2874e84", "message": "low disk watermark [85%] exceeded on [rY5VrnGrTy6qVpywgTf0Ug][da38f2874e84][/usr/share/elasticsearch/data/nodes/0] free: 4.5gb[11.9%], replicas will not be assigned to this node", "cluster.uuid": "_K2lvHSSRx68TrSozPU3JA", "node.id": "rY5VrnGrTy6qVpywgTf0Ug"  }
{"type": "deprecation.elasticsearch", "timestamp": "2025-06-22T05:43:00,709Z", "level": "CRITICAL", "component": "o.e.d.c.s.Settings", "cluster.name": "docker-cluster", "node.name": "da38f2874e84", "message": "[xpack.monitoring.enabled] setting was deprecated in Elasticsearch and will be removed in a future release! See the breaking changes documentation for the next major version.", "key": "xpack.monitoring.enabled", "category": "settings", "elasticsearch.elastic_product_origin": "kibana", "cluster.uuid": "_K2lvHSSRx68TrSozPU3JA", "node.id": "rY5VrnGrTy6qVpywgTf0Ug"  }
{"type": "server", "timestamp": "2025-06-22T06:02:59,217Z", "level": "INFO", "component": "o.e.n.Node", "cluster.name": "docker-cluster", "node.name": "da38f2874e84", "message": "stopping ...", "cluster.uuid": "_K2lvHSSRx68TrSozPU3JA", "node.id": "rY5VrnGrTy6qVpywgTf0Ug"  }
{"type": "server", "timestamp": "2025-06-22T06:03:00,104Z", "level": "INFO", "component": "o.e.n.Node", "cluster.name": "docker-cluster", "node.name": "da38f2874e84", "message": "stopped", "cluster.uuid": "_K2lvHSSRx68TrSozPU3JA", "node.id": "rY5VrnGrTy6qVpywgTf0Ug"  }
{"type": "server", "timestamp": "2025-06-22T06:03:00,105Z", "level": "INFO", "component": "o.e.n.Node", "cluster.name": "docker-cluster", "node.name": "da38f2874e84", "message": "closing ...", "cluster.uuid": "_K2lvHSSRx68TrSozPU3JA", "node.id": "rY5VrnGrTy6qVpywgTf0Ug"  }
{"type": "server", "timestamp": "2025-06-22T06:03:00,153Z", "level": "INFO", "component": "o.e.i.g.DatabaseReaderLazyLoader", "cluster.name": "docker-cluster", "node.name": "da38f2874e84", "message": "evicted [0] entries from cache after reloading database [/tmp/elasticsearch-8715582982859039469/geoip-databases/rY5VrnGrTy6qVpywgTf0Ug/GeoLite2-Country.mmdb]", "cluster.uuid": "_K2lvHSSRx68TrSozPU3JA", "node.id": "rY5VrnGrTy6qVpywgTf0Ug"  }
{"type": "server", "timestamp": "2025-06-22T06:03:00,156Z", "level": "INFO", "component": "o.e.i.g.DatabaseReaderLazyLoader", "cluster.name": "docker-cluster", "node.name": "da38f2874e84", "message": "evicted [0] entries from cache after reloading database [/tmp/elasticsearch-8715582982859039469/geoip-databases/rY5VrnGrTy6qVpywgTf0Ug/GeoLite2-ASN.mmdb]", "cluster.uuid": "_K2lvHSSRx68TrSozPU3JA", "node.id": "rY5VrnGrTy6qVpywgTf0Ug"  }
{"type": "server", "timestamp": "2025-06-22T06:03:00,157Z", "level": "INFO", "component": "o.e.i.g.DatabaseReaderLazyLoader", "cluster.name": "docker-cluster", "node.name": "da38f2874e84", "message": "evicted [0] entries from cache after reloading database [/tmp/elasticsearch-8715582982859039469/geoip-databases/rY5VrnGrTy6qVpywgTf0Ug/GeoLite2-City.mmdb]", "cluster.uuid": "_K2lvHSSRx68TrSozPU3JA", "node.id": "rY5VrnGrTy6qVpywgTf0Ug"  }
{"type": "server", "timestamp": "2025-06-22T06:03:00,547Z", "level": "INFO", "component": "o.e.n.Node", "cluster.name": "docker-cluster", "node.name": "da38f2874e84", "message": "closed", "cluster.uuid": "_K2lvHSSRx68TrSozPU3JA", "node.id": "rY5VrnGrTy6qVpywgTf0Ug"  }
